{"type":"FeatureCollection","features":[{"type":"Feature","properties":{"kode":"93.01","nama":"Merauke","prov":"Papua Selatan","kota":false},"geometry":{"type":"MultiPolygon","coordinates":[[[[138.499,-8.322],[138.485,-8.352],[138.414,-8.396],[138.312,-8.423],[138.264,-8.416],[138.264,-8.391],[138.297,-8.396],[138.321,-8.375],[138.345,-8.383],[138.436,-8.362],[138.451,-8.35],[138.468,-8.354],[138.499,-8.322]]],[[[138.991,-8.288],[138.989,-8.303],[138.969,-8.328],[138.949,-8.326],[138.935,-8.312],[138.952,-8.296],[138.991,-8.288]]],[[[138.997,-8.23],[138.994,-8.263],[138.979,-8.274],[138.98,-8.287],[138.976,-8.291],[138.951,-8.296],[138.935,-8.303],[138.924,-8.28],[138.934,-8.278],[138.959,-8.26],[138.971,-8.239],[138.997,-8.23]]],[[[138.849,-8.21],[138.886,-8.239],[138.891,-8.266],[138.878,-8.272],[138.848,-8.255],[138.849,-8.21]]],[[[138.815,-8.138],[138.847,-8.203],[138.847,-8.265],[138.882,-8.29],[138.904,-8.29],[138.916,-8.303],[138.912,-8.369],[138.897,-8.386],[138.818,-8.388],[138.798,-8.378],[138.734,-8.386],[138.674,-8.37],[138.578,-8.358],[138.554,-8.343],[138.55,-8.334],[138.566,-8.323],[138.587,-8.29],[138.662,-8.237],[138.679,-8.17],[138.745,-8.165],[138.815,-8.138]]],[[[138.675,-7.367],[138.774,-7.376],[138.827,-7.402],[138.867,-7.439],[138.906,-7.515],[138.941,-7.546],[139.088,-7.574],[139.043,-7.624],[139.033,-7.657],[139.033,-7.687],[138.995,-7.746],[138.99,-7.776],[139.0,-7.829],[138.994,-7.85],[138.917,-7.884],[138.891,-7.916],[138.903,-7.972],[138.889,-8.036],[138.913,-8.061],[138.914,-8.074],[138.838,-8.073],[138.817,-8.088],[138.803,-8.134],[138.793,-8.139],[138.753,-8.143],[138.738,-8.153],[138.708,-8.146],[138.677,-8.151],[138.662,-8.17],[138.651,-8.207],[138.615,-8.249],[138.536,-8.304],[138.491,-8.319],[138.468,-8.351],[138.446,-8.348],[138.431,-8.36],[138.341,-8.379],[138.321,-8.371],[138.302,-8.391],[138.254,-8.389],[138.225,-8.378],[137.952,-8.384],[137.881,-8.381],[137.872,-8.373],[137.857,-8.384],[137.723,-8.41],[137.689,-8.427],[137.676,-8.457],[137.655,-8.447],[137.642,-8.43],[137.642,-8.415],[137.682,-8.231],[137.702,-8.174],[137.774,-8.062],[137.814,-8.04],[137.796,-8.007],[137.867,-7.853],[137.878,-7.846],[137.933,-7.756],[137.958,-7.736],[137.971,-7.735],[137.976,-7.702],[137.99,-7.677],[138.049,-7.601],[138.148,-7.514],[138.221,-7.468],[138.297,-7.437],[138.405,-7.407],[138.675,-7.367]]],[[[138.682,-7.173],[139.525,-7.324],[139.534,-7.337],[139.547,-7.334],[139.549,-7.347],[139.578,-7.355],[139.583,-7.368],[139.63,-7.386],[139.648,-7.385],[139.659,-7.372],[139.784,-7.373],[139.792,-7.35],[140.09,-7.206],[140.101,-7.151],[140.112,-7.149],[140.12,-7.13],[140.139,-7.126],[140.181,-7.083],[140.186,-7.059],[140.21,-7.042],[140.213,-7.031],[140.235,-7.022],[140.255,-6.981],[140.327,-6.951],[140.32,-6.938],[140.353,-6.928],[140.366,-6.906],[140.363,-6.894],[140.398,-6.901],[140.411,-6.886],[140.424,-6.883],[140.442,-6.85],[140.491,-6.804],[140.491,-6.739],[140.534,-6.713],[140.542,-6.797],[140.555,-6.81],[140.553,-6.833],[140.568,-6.836],[140.561,-6.853],[140.569,-6.887],[140.562,-6.902],[140.585,-6.932],[140.584,-6.944],[140.562,-6.952],[140.551,-6.968],[140.56,-6.983],[140.569,-6.985],[140.567,-6.999],[140.584,-7.0],[140.601,-7.015],[140.589,-7.025],[140.589,-7.053],[140.616,-7.061],[140.629,-7.04],[140.663,-7.033],[140.673,-7.039],[140.686,-7.026],[140.705,-7.039],[140.743,-7.035],[140.752,-7.028],[140.804,-7.05],[140.826,-7.045],[140.82,-7.001],[140.807,-6.999],[140.799,-6.979],[140.792,-6.98],[140.78,-6.914],[140.755,-6.886],[140.762,-6.876],[140.744,-6.872],[140.74,-6.864],[140.752,-6.852],[140.745,-6.813],[140.73,-6.796],[140.728,-6.764],[140.708,-6.738],[140.718,-6.726],[140.719,-6.696],[140.782,-6.686],[140.803,-6.669],[140.805,-6.65],[140.85,-6.631],[140.853,-6.623],[140.845,-6.615],[140.873,-6.618],[140.877,-6.626],[140.856,-6.646],[140.873,-6.651],[140.861,-6.661],[140.871,-6.676],[140.846,-6.684],[140.854,-6.701],[140.848,-6.722],[140.883,-6.735],[140.901,-6.754],[140.879,-6.771],[140.871,-6.795],[140.883,-6.8],[140.887,-6.812],[140.907,-6.806],[140.918,-6.818],[140.918,-6.827],[140.897,-6.844],[140.916,-6.872],[140.938,-6.873],[140.949,-6.857],[140.955,-6.861],[140.94,-6.891],[140.953,-6.909],[140.965,-6.891],[140.99,-6.904],[141.004,-6.89],[141.02,-6.892],[141.02,-9.126],[140.936,-9.093],[140.895,-9.087],[140.862,-9.049],[140.826,-9.023],[140.75,-8.928],[140.624,-8.823],[140.529,-8.687],[140.51,-8.63],[140.495,-8.608],[140.461,-8.587],[140.38,-8.513],[140.355,-8.473],[140.32,-8.459],[140.265,-8.412],[140.232,-8.377],[140.227,-8.356],[140.16,-8.33],[140.017,-8.221],[139.965,-8.159],[139.95,-8.102],[139.877,-8.108],[139.713,-8.097],[139.703,-8.105],[139.584,-8.131],[139.577,-8.145],[139.509,-8.178],[139.488,-8.177],[139.452,-8.194],[139.34,-8.206],[139.315,-8.197],[139.304,-8.181],[139.277,-8.176],[139.25,-8.149],[139.223,-8.095],[139.207,-8.097],[139.082,-8.137],[139.067,-8.153],[138.988,-8.202],[138.974,-8.203],[138.994,-8.228],[138.968,-8.241],[138.96,-8.259],[138.944,-8.264],[138.936,-8.276],[138.912,-8.269],[138.9,-8.237],[138.857,-8.187],[138.834,-8.134],[138.837,-8.112],[138.861,-8.09],[138.907,-8.088],[138.925,-8.075],[138.925,-8.055],[138.903,-8.028],[138.922,-7.979],[138.909,-7.933],[138.912,-7.922],[138.923,-7.907],[139.018,-7.853],[139.024,-7.822],[139.015,-7.784],[139.019,-7.75],[139.054,-7.698],[139.068,-7.632],[139.108,-7.6],[139.108,-7.559],[139.1,-7.54],[139.051,-7.516],[138.98,-7.522],[138.962,-7.517],[138.921,-7.395],[138.867,-7.317],[138.813,-7.298],[138.773,-7.264],[138.685,-7.23],[138.667,-7.208],[138.682,-7.173]]]]}},{"type":"Feature","properties":{"kode":"65.02","nama":"Malinau","prov":"Kalimantan Utara","kota":false},"geometry":{"type":"Polygon","coordinates":[[[116.743,3.681],[116.737,3.656],[116.714,3.638],[116.738,3.606],[116.719,3.599],[116.698,3.572],[116.697,3.559],[116.712,3.55],[116.685,3.544],[116.675,3.526],[116.702,3.451],[116.697,3.433],[116.71,3.424],[116.696,3.399],[116.709,3.358],[116.724,3.351],[116.731,3.334],[116.741,3.341],[116.751,3.334],[116.761,3.305],[116.782,3.291],[116.78,3.275],[116.794,3.236],[116.781,3.228],[116.768,3.164],[116.741,3.171],[116.743,3.155],[116.725,3.101],[116.75,3.067],[116.746,3.043],[116.717,3.025],[116.695,3.029],[116.664,3.008],[116.657,2.974],[116.637,2.974],[116.611,2.951],[116.615,2.932],[116.603,2.918],[116.589,2.92],[116.585,2.914],[116.584,2.891],[116.55,2.878],[116.493,2.828],[116.455,2.826],[116.436,2.812],[116.432,2.777],[116.409,2.768],[116.363,2.715],[116.327,2.692],[116.323,2.675],[116.294,2.636],[116.296,2.588],[116.309,2.575],[116.304,2.546],[116.295,2.541],[116.276,2.491],[116.26,2.478],[116.241,2.489],[116.23,2.483],[116.195,2.44],[116.188,2.414],[116.177,2.404],[116.125,2.395],[116.104,2.357],[116.087,2.348],[116.077,2.328],[116.06,2.316],[116.062,2.303],[116.037,2.257],[115.989,2.262],[116.011,2.192],[116.057,2.145],[116.069,2.16],[116.097,2.17],[116.126,2.165],[116.148,2.153],[116.158,2.123],[116.191,2.124],[116.218,2.111],[116.221,2.075],[116.213,2.063],[116.235,2.035],[116.231,2.013],[116.195,1.986],[116.199,1.951],[116.191,1.945],[116.175,1.897],[116.183,1.827],[116.17,1.782],[116.159,1.77],[116.162,1.744],[116.15,1.727],[116.142,1.687],[116.131,1.679],[116.133,1.668],[116.118,1.658],[116.101,1.666],[116.069,1.649],[116.036,1.606],[116.046,1.579],[116.041,1.557],[116.028,1.551],[116.006,1.525],[115.973,1.531],[115.956,1.504],[115.955,1.489],[115.914,1.477],[115.854,1.434],[115.857,1.401],[115.835,1.379],[115.829,1.352],[115.807,1.325],[115.773,1.308],[115.773,1.264],[115.727,1.26],[115.711,1.275],[115.706,1.263],[115.686,1.282],[115.656,1.29],[115.647,1.282],[115.583,1.281],[115.554,1.265],[115.487,1.252],[115.485,1.245],[115.427,1.223],[115.422,1.191],[115.407,1.189],[115.405,1.173],[115.418,1.152],[115.402,1.147],[115.381,1.118],[115.368,1.114],[115.278,1.136],[115.274,1.161],[115.251,1.179],[115.232,1.173],[115.21,1.177],[115.182,1.197],[115.122,1.187],[115.099,1.199],[115.094,1.256],[115.078,1.268],[115.045,1.268],[115.046,1.293],[115.031,1.308],[115.017,1.348],[114.988,1.354],[114.954,1.373],[114.929,1.402],[114.909,1.403],[114.902,1.419],[114.879,1.418],[114.867,1.404],[114.844,1.403],[114.802,1.383],[114.796,1.367],[114.765,1.345],[114.76,1.326],[114.745,1.327],[114.728,1.313],[114.713,1.335],[114.702,1.336],[114.705,1.351],[114.69,1.36],[114.675,1.352],[114.658,1.359],[114.648,1.355],[114.617,1.363],[114.609,1.39],[114.572,1.389],[114.577,1.412],[114.565,1.426],[114.585,1.445],[114.595,1.482],[114.606,1.488],[114.616,1.516],[114.6,1.532],[114.611,1.575],[114.652,1.589],[114.707,1.641],[114.711,1.708],[114.719,1.716],[114.705,1.76],[114.714,1.784],[114.694,1.81],[114.728,1.834],[114.718,1.856],[114.747,1.869],[114.769,1.852],[114.791,1.847],[114.817,1.878],[114.82,1.893],[114.856,1.895],[114.88,1.913],[114.876,1.928],[114.852,1.946],[114.85,1.96],[114.887,2.026],[114.859,2.044],[114.828,2.027],[114.809,2.026],[114.797,2.05],[114.798,2.06],[114.812,2.062],[114.8,2.089],[114.82,2.107],[114.82,2.13],[114.791,2.146],[114.74,2.132],[114.735,2.15],[114.741,2.191],[114.788,2.201],[114.79,2.223],[114.802,2.237],[114.799,2.248],[114.812,2.262],[114.819,2.264],[114.83,2.246],[114.871,2.264],[114.917,2.255],[114.937,2.28],[114.953,2.279],[114.968,2.294],[114.948,2.316],[114.961,2.365],[114.974,2.367],[114.987,2.351],[114.999,2.35],[115.012,2.364],[115.026,2.365],[115.038,2.391],[115.053,2.386],[115.051,2.404],[115.097,2.403],[115.099,2.425],[115.118,2.456],[115.131,2.457],[115.148,2.477],[115.189,2.483],[115.204,2.471],[115.249,2.509],[115.243,2.52],[115.251,2.525],[115.251,2.541],[115.238,2.535],[115.223,2.542],[115.212,2.574],[115.193,2.584],[115.178,2.61],[115.153,2.608],[115.136,2.586],[115.114,2.583],[115.107,2.6],[115.092,2.606],[115.088,2.616],[115.113,2.637],[115.119,2.655],[115.11,2.678],[115.114,2.691],[115.095,2.698],[115.102,2.721],[115.14,2.747],[115.139,2.772],[115.154,2.793],[115.142,2.805],[115.12,2.805],[115.095,2.824],[115.118,2.836],[115.142,2.869],[115.152,2.87],[115.148,2.908],[115.163,2.927],[115.191,2.934],[115.209,2.957],[115.249,2.965],[115.252,2.995],[115.278,3.027],[115.284,3.047],[115.299,3.041],[115.306,3.022],[115.322,3.011],[115.324,2.982],[115.331,2.976],[115.378,2.986],[115.394,2.98],[115.44,3.023],[115.468,3.025],[115.486,3.018],[115.498,3.03],[115.515,3.056],[115.514,3.109],[115.527,3.117],[115.535,3.142],[115.552,3.142],[115.564,3.162],[115.562,3.17],[115.522,3.188],[115.516,3.222],[115.534,3.226],[115.523,3.25],[115.528,3.275],[115.537,3.285],[115.533,3.319],[115.548,3.329],[115.546,3.368],[115.564,3.405],[115.578,3.418],[115.587,3.45],[115.61,3.447],[115.624,3.408],[115.657,3.439],[115.696,3.407],[115.722,3.445],[115.757,3.444],[115.77,3.466],[115.785,3.461],[115.802,3.467],[115.806,3.491],[115.817,3.497],[115.834,3.488],[115.848,3.492],[115.856,3.471],[115.879,3.459],[115.899,3.498],[115.922,3.5],[115.939,3.527],[115.964,3.519],[115.971,3.529],[115.972,3.564],[115.959,3.572],[115.954,3.617],[115.932,3.64],[115.912,3.683],[115.926,3.75],[115.943,3.761],[115.947,3.774],[115.944,3.794],[115.922,3.804],[115.925,3.835],[115.908,3.844],[115.915,3.879],[115.943,3.884],[115.956,3.914],[115.999,3.932],[116.016,3.965],[116.021,4.011],[116.002,4.032],[115.995,4.058],[115.958,4.076],[115.963,4.117],[115.978,4.115],[115.992,4.095],[116.023,4.089],[116.03,4.081],[116.071,4.099],[116.085,4.118],[116.112,4.112],[116.132,4.122],[116.166,4.113],[116.162,4.091],[116.186,4.078],[116.222,4.077],[116.237,4.048],[116.253,4.043],[116.275,4.04],[116.281,4.058],[116.302,4.051],[116.323,4.066],[116.355,4.036],[116.356,4.008],[116.369,3.994],[116.39,3.99],[116.382,3.982],[116.384,3.944],[116.407,3.896],[116.425,3.881],[116.466,3.879],[116.495,3.857],[116.517,3.858],[116.534,3.848],[116.556,3.845],[116.564,3.834],[116.592,3.827],[116.623,3.801],[116.642,3.799],[116.646,3.785],[116.663,3.776],[116.681,3.749],[116.673,3.741],[116.696,3.702],[116.718,3.699],[116.731,3.683],[116.743,3.681]]]}},{"type":"Feature","properties":{"kode":"64.08","nama":"Kutai Timur","prov":"Kalimantan Timur","kota":false},"geometry":{"type":"MultiPolygon","coordinates":[[[[117.94,1.059],[117.978,1.023],[117.985,0.978],[117.967,0.987],[117.963,1.004],[117.953,1.013],[117.948,1.035],[117.935,1.052],[117.94,1.059]]],[[[118.953,1.052],[118.967,1.036],[118.982,1.035],[118.989,1.022],[118.979,1.005],[118.987,0.985],[118.964,0.943],[118.932,0.914],[118.908,0.904],[118.893,0.875],[118.861,0.877],[118.795,0.802],[118.795,0.812],[118.759,0.806],[118.726,0.824],[118.708,0.814],[118.709,0.829],[118.677,0.857],[118.651,0.846],[118.631,0.851],[118.593,0.812],[118.546,0.808],[118.443,0.844],[118.432,0.834],[118.412,0.831],[118.416,0.824],[118.368,0.806],[118.346,0.815],[118.342,0.838],[118.322,0.849],[118.203,0.869],[118.065,0.903],[118.052,0.913],[118.058,0.938],[118.044,0.95],[118.011,0.958],[118.006,0.99],[117.991,1.001],[117.995,1.024],[117.984,1.058],[117.947,1.084],[117.947,1.093],[117.894,1.123],[117.885,1.089],[117.894,1.083],[117.897,1.067],[117.922,1.066],[117.931,1.037],[117.945,1.033],[117.951,1.011],[117.974,0.976],[117.969,0.959],[117.979,0.945],[117.977,0.932],[118.017,0.872],[118.028,0.833],[118.02,0.816],[118.03,0.801],[118.029,0.78],[117.969,0.775],[117.959,0.793],[117.924,0.806],[117.921,0.827],[117.915,0.836],[117.907,0.836],[117.873,0.822],[117.873,0.81],[117.855,0.813],[117.814,0.798],[117.752,0.756],[117.711,0.697],[117.711,0.628],[117.674,0.616],[117.658,0.563],[117.647,0.556],[117.629,0.509],[117.605,0.488],[117.601,0.463],[117.613,0.436],[117.603,0.417],[117.573,0.404],[117.566,0.423],[117.553,0.421],[117.567,0.391],[117.544,0.319],[117.524,0.318],[117.533,0.286],[117.519,0.277],[117.53,0.256],[117.517,0.246],[117.528,0.22],[117.515,0.211],[117.507,0.214],[117.493,0.198],[117.469,0.199],[117.468,0.175],[117.451,0.168],[117.431,0.111],[117.402,0.09],[117.39,0.064],[117.388,0.022],[117.34,0.034],[117.333,0.047],[117.307,0.034],[117.268,0.039],[117.243,0.063],[117.244,0.07],[117.231,0.075],[117.232,0.083],[117.222,0.077],[117.21,0.083],[117.208,0.114],[117.173,0.151],[117.182,0.205],[117.177,0.274],[117.2,0.303],[117.196,0.309],[117.216,0.339],[117.212,0.353],[117.183,0.349],[117.144,0.371],[117.107,0.438],[117.079,0.448],[117.074,0.465],[117.049,0.49],[117.025,0.545],[117.01,0.55],[117.007,0.564],[116.99,0.579],[116.963,0.557],[116.966,0.543],[116.94,0.54],[116.947,0.522],[116.94,0.503],[116.942,0.443],[116.931,0.419],[116.919,0.415],[116.904,0.39],[116.874,0.39],[116.877,0.366],[116.848,0.3],[116.852,0.271],[116.826,0.236],[116.804,0.226],[116.777,0.227],[116.653,0.184],[116.469,0.184],[116.46,0.236],[116.46,0.295],[116.476,0.295],[116.469,0.313],[116.402,0.356],[116.362,0.413],[116.336,0.434],[116.334,0.449],[116.317,0.461],[116.288,0.465],[116.28,0.504],[116.284,0.513],[116.262,0.529],[116.264,0.553],[116.257,0.552],[116.256,0.569],[116.272,0.585],[116.242,0.632],[116.25,0.638],[116.238,0.651],[116.224,0.71],[116.197,0.721],[116.18,0.719],[116.171,0.733],[116.142,0.723],[116.138,0.73],[116.148,0.749],[116.123,0.755],[116.1,0.782],[116.085,0.788],[116.087,0.8],[116.076,0.809],[116.06,0.806],[116.033,0.775],[116.015,0.778],[116.011,0.771],[115.998,0.776],[115.991,0.803],[115.968,0.821],[115.971,0.834],[115.994,0.828],[116.014,0.834],[116.032,0.852],[116.029,0.869],[116.04,0.875],[116.039,0.888],[116.068,0.903],[116.047,0.92],[116.042,0.953],[116.029,0.971],[116.047,0.991],[116.04,1.007],[116.065,1.01],[116.074,1.024],[116.05,1.061],[116.054,1.071],[116.032,1.128],[116.037,1.139],[116.03,1.169],[116.053,1.18],[116.064,1.177],[116.062,1.197],[116.081,1.211],[116.097,1.25],[116.149,1.297],[116.159,1.363],[116.175,1.381],[116.141,1.414],[116.154,1.45],[116.153,1.49],[116.131,1.478],[116.092,1.5],[116.067,1.5],[116.042,1.517],[116.021,1.516],[116.008,1.526],[116.028,1.551],[116.041,1.557],[116.046,1.579],[116.036,1.606],[116.069,1.649],[116.101,1.666],[116.118,1.658],[116.133,1.668],[116.131,1.679],[116.142,1.687],[116.15,1.727],[116.162,1.744],[116.159,1.77],[116.17,1.782],[116.184,1.841],[116.206,1.837],[116.24,1.862],[116.256,1.854],[116.294,1.866],[116.317,1.847],[116.328,1.817],[116.351,1.803],[116.35,1.779],[116.367,1.777],[116.386,1.788],[116.416,1.822],[116.488,1.782],[116.469,1.759],[116.451,1.759],[116.446,1.751],[116.46,1.725],[116.502,1.713],[116.513,1.723],[116.528,1.724],[116.544,1.696],[116.603,1.692],[116.631,1.665],[116.648,1.661],[116.659,1.643],[116.685,1.644],[116.699,1.665],[116.733,1.68],[116.762,1.683],[116.76,1.691],[116.779,1.692],[116.82,1.679],[116.843,1.691],[116.844,1.682],[116.856,1.674],[116.861,1.681],[116.883,1.669],[116.891,1.677],[116.898,1.67],[116.887,1.642],[116.907,1.637],[116.901,1.611],[116.926,1.605],[116.927,1.576],[116.984,1.52],[116.976,1.492],[116.979,1.472],[117.009,1.41],[117.017,1.406],[117.032,1.422],[117.071,1.409],[117.087,1.413],[117.136,1.382],[117.17,1.386],[117.189,1.379],[117.196,1.397],[117.214,1.409],[117.223,1.386],[117.241,1.382],[117.259,1.419],[117.275,1.422],[117.28,1.446],[117.304,1.438],[117.334,1.451],[117.334,1.488],[117.373,1.513],[117.386,1.585],[117.394,1.591],[117.443,1.555],[117.456,1.557],[117.485,1.504],[117.494,1.504],[117.51,1.51],[117.511,1.527],[117.528,1.536],[117.549,1.598],[117.564,1.598],[117.581,1.613],[117.587,1.603],[117.605,1.608],[117.603,1.596],[117.614,1.589],[117.643,1.593],[117.657,1.63],[117.664,1.63],[117.669,1.671],[117.725,1.695],[117.772,1.659],[117.792,1.612],[117.818,1.601],[117.826,1.547],[117.836,1.535],[117.832,1.487],[117.853,1.466],[117.854,1.445],[117.865,1.439],[117.85,1.42],[117.844,1.427],[117.85,1.387],[117.837,1.365],[117.873,1.361],[117.907,1.342],[117.908,1.323],[117.946,1.275],[117.977,1.252],[117.981,1.258],[117.995,1.201],[118.038,1.162],[118.086,1.159],[118.15,1.171],[118.188,1.17],[118.223,1.187],[118.31,1.178],[118.349,1.285],[118.364,1.282],[118.381,1.262],[118.417,1.283],[118.482,1.29],[118.513,1.281],[118.503,1.239],[118.517,1.238],[118.538,1.204],[118.567,1.181],[118.582,1.185],[118.589,1.126],[118.602,1.112],[118.699,1.122],[118.751,1.109],[118.764,1.089],[118.757,1.074],[118.771,1.052],[118.767,1.041],[118.786,1.023],[118.787,0.996],[118.831,0.995],[118.841,0.985],[118.856,0.985],[118.865,1.007],[118.903,1.009],[118.918,1.017],[118.924,1.036],[118.94,1.038],[118.953,1.052]]]]}},{"type":"Feature","properties":{"kode":"61.06","nama":"Kapuas Hulu","prov":"Kalimantan Barat","kota":false},"geometry":{"type":"Polygon","coordinates":[[[114.206,1.41],[114.197,1.397],[114.178,1.395],[114.155,1.374],[114.163,1.309],[114.149,1.292],[114.162,1.286],[114.171,1.264],[114.15,1.25],[114.136,1.219],[114.15,1.199],[114.135,1.184],[114.122,1.148],[114.109,1.144],[114.087,1.158],[114.083,1.148],[114.051,1.128],[114.038,1.145],[114.016,1.136],[113.996,1.143],[113.985,1.137],[113.981,1.12],[113.964,1.113],[113.963,1.089],[113.948,1.06],[113.901,1.06],[113.89,1.048],[113.893,1.02],[113.915,1.002],[113.913,0.973],[113.872,0.915],[113.878,0.901],[113.872,0.889],[113.927,0.841],[113.91,0.812],[113.874,0.776],[113.885,0.759],[113.9,0.752],[113.895,0.726],[113.88,0.72],[113.869,0.7],[113.839,0.695],[113.834,0.674],[113.842,0.658],[113.822,0.642],[113.848,0.608],[113.82,0.575],[113.798,0.595],[113.763,0.575],[113.738,0.539],[113.72,0.536],[113.715,0.526],[113.691,0.516],[113.684,0.499],[113.662,0.492],[113.649,0.453],[113.652,0.435],[113.632,0.424],[113.629,0.413],[113.581,0.398],[113.586,0.361],[113.567,0.359],[113.543,0.324],[113.514,0.305],[113.495,0.303],[113.45,0.264],[113.408,0.259],[113.357,0.273],[113.348,0.266],[113.318,0.268],[113.262,0.23],[113.179,0.243],[113.149,0.234],[113.131,0.209],[113.102,0.228],[113.101,0.263],[113.075,0.269],[113.055,0.291],[113.046,0.271],[113.023,0.268],[113.016,0.254],[112.999,0.254],[112.966,0.214],[112.975,0.176],[112.963,0.151],[112.942,0.146],[112.824,0.162],[112.806,0.19],[112.753,0.234],[112.671,0.241],[112.629,0.205],[112.647,0.167],[112.624,0.182],[112.604,0.179],[112.57,0.204],[112.55,0.182],[112.512,0.184],[112.505,0.164],[112.514,0.125],[112.506,0.105],[112.399,0.147],[112.403,0.122],[112.393,0.095],[112.349,0.095],[112.336,0.106],[112.308,0.101],[112.291,0.083],[112.264,0.111],[112.218,0.115],[112.203,0.099],[112.195,0.103],[112.191,0.09],[112.145,0.089],[112.148,0.077],[112.139,0.066],[112.129,0.088],[112.111,0.089],[112.092,0.119],[112.049,0.134],[112.059,0.156],[112.059,0.18],[112.002,0.194],[111.99,0.191],[111.987,0.18],[111.969,0.163],[111.945,0.168],[111.926,0.183],[111.896,0.176],[111.867,0.183],[111.841,0.228],[111.771,0.233],[111.687,0.265],[111.673,0.279],[111.666,0.301],[111.686,0.3],[111.681,0.321],[111.664,0.342],[111.65,0.334],[111.645,0.359],[111.686,0.378],[111.701,0.436],[111.725,0.459],[111.721,0.571],[111.687,0.628],[111.717,0.672],[111.718,0.707],[111.732,0.735],[111.743,0.738],[111.745,0.758],[111.727,0.783],[111.677,0.815],[111.665,0.846],[111.644,0.861],[111.626,0.923],[111.608,0.934],[111.561,0.921],[111.537,0.937],[111.529,0.954],[111.544,0.949],[111.551,0.957],[111.549,0.988],[111.581,0.979],[111.582,0.993],[111.596,1.009],[111.64,1.022],[111.639,1.031],[111.668,1.043],[111.696,1.018],[111.713,1.025],[111.71,1.016],[111.717,1.007],[111.75,1.01],[111.767,1.02],[111.778,1.0],[111.813,0.999],[111.818,0.986],[111.829,0.986],[111.87,1.013],[111.878,1.032],[111.871,1.045],[111.887,1.079],[111.902,1.075],[111.926,1.093],[111.935,1.122],[111.987,1.128],[111.997,1.14],[112.018,1.13],[112.143,1.135],[112.148,1.163],[112.135,1.177],[112.165,1.21],[112.158,1.242],[112.174,1.253],[112.171,1.282],[112.178,1.286],[112.181,1.306],[112.202,1.314],[112.218,1.337],[112.214,1.342],[112.232,1.379],[112.232,1.398],[112.224,1.392],[112.212,1.406],[112.202,1.404],[112.204,1.435],[112.227,1.457],[112.26,1.46],[112.288,1.474],[112.319,1.508],[112.352,1.504],[112.374,1.517],[112.386,1.514],[112.394,1.523],[112.434,1.527],[112.446,1.553],[112.501,1.584],[112.516,1.576],[112.601,1.574],[112.632,1.566],[112.658,1.571],[112.677,1.555],[112.727,1.568],[112.749,1.558],[112.775,1.564],[112.812,1.54],[112.83,1.547],[112.838,1.539],[112.885,1.587],[112.915,1.583],[112.933,1.567],[112.952,1.574],[112.973,1.564],[112.984,1.563],[112.99,1.579],[112.999,1.578],[113.005,1.569],[113.059,1.559],[113.07,1.529],[113.055,1.526],[113.045,1.515],[113.047,1.498],[113.032,1.491],[113.041,1.475],[112.983,1.45],[112.974,1.411],[113.024,1.408],[113.044,1.424],[113.088,1.429],[113.106,1.446],[113.124,1.429],[113.144,1.388],[113.163,1.391],[113.189,1.377],[113.22,1.381],[113.232,1.394],[113.25,1.382],[113.269,1.387],[113.308,1.371],[113.328,1.375],[113.365,1.347],[113.37,1.324],[113.396,1.319],[113.421,1.286],[113.453,1.286],[113.466,1.304],[113.5,1.318],[113.515,1.314],[113.538,1.323],[113.56,1.309],[113.583,1.308],[113.597,1.263],[113.625,1.253],[113.628,1.242],[113.619,1.23],[113.632,1.219],[113.647,1.224],[113.663,1.218],[113.704,1.266],[113.756,1.277],[113.804,1.3],[113.829,1.334],[113.829,1.356],[113.815,1.366],[113.849,1.389],[113.868,1.387],[113.913,1.415],[113.936,1.417],[113.946,1.437],[113.975,1.45],[113.996,1.444],[114.078,1.466],[114.096,1.467],[114.114,1.456],[114.142,1.466],[114.159,1.442],[114.191,1.429],[114.206,1.41]]]}},{"type":"Feature","properties":{"kode":"61.04","nama":"Ketapang","prov":"Kalimantan Barat","kota":false},"geometry":{"type":"MultiPolygon","coordinates":[[[[110.17,-2.853],[110.202,-2.884],[110.193,-2.912],[110.161,-2.914],[110.156,-2.902],[110.134,-2.898],[110.131,-2.89],[110.152,-2.883],[110.159,-2.857],[110.17,-2.853]]],[[[110.113,-2.675],[110.128,-2.694],[110.118,-2.703],[110.122,-2.749],[110.082,-2.761],[110.045,-2.748],[110.067,-2.731],[110.076,-2.701],[110.092,-2.691],[110.099,-2.674],[110.113,-2.675]]],[[[110.57,-0.346],[110.562,-0.371],[110.575,-0.39],[110.597,-0.395],[110.616,-0.44],[110.614,-0.473],[110.621,-0.487],[110.615,-0.508],[110.633,-0.55],[110.617,-0.565],[110.632,-0.571],[110.635,-0.587],[110.673,-0.614],[110.714,-0.622],[110.764,-0.621],[110.782,-0.606],[110.824,-0.6],[110.841,-0.608],[110.864,-0.636],[110.871,-0.673],[110.882,-0.671],[110.895,-0.681],[110.91,-0.665],[110.935,-0.676],[110.935,-0.649],[110.96,-0.643],[110.97,-0.626],[110.928,-0.559],[110.966,-0.521],[110.959,-0.509],[110.963,-0.485],[111.003,-0.496],[111.008,-0.506],[111.056,-0.51],[111.072,-0.501],[111.101,-0.507],[111.111,-0.501],[111.13,-0.515],[111.192,-0.513],[111.213,-0.531],[111.24,-0.591],[111.235,-0.615],[111.24,-0.623],[111.215,-0.638],[111.215,-0.657],[111.241,-0.693],[111.243,-0.715],[111.236,-0.732],[111.242,-0.737],[111.207,-0.782],[111.206,-0.817],[111.215,-0.824],[111.21,-0.832],[111.218,-0.849],[111.207,-0.853],[111.206,-0.842],[111.186,-0.822],[111.172,-0.849],[111.161,-0.846],[111.152,-0.866],[111.167,-0.887],[111.167,-0.911],[111.122,-0.931],[111.114,-0.952],[111.119,-0.962],[111.151,-0.965],[111.145,-1.007],[111.201,-1.021],[111.217,-1.054],[111.24,-1.057],[111.249,-1.086],[111.262,-1.098],[111.248,-1.168],[111.234,-1.186],[111.262,-1.215],[111.255,-1.25],[111.271,-1.258],[111.317,-1.258],[111.31,-1.272],[111.316,-1.301],[111.336,-1.307],[111.341,-1.32],[111.332,-1.334],[111.327,-1.367],[111.311,-1.373],[111.306,-1.389],[111.284,-1.383],[111.282,-1.4],[111.26,-1.417],[111.254,-1.438],[111.204,-1.443],[111.2,-1.475],[111.181,-1.477],[111.176,-1.445],[111.161,-1.433],[111.144,-1.44],[111.123,-1.452],[111.113,-1.468],[111.119,-1.472],[111.116,-1.491],[111.099,-1.487],[111.096,-1.498],[111.084,-1.502],[111.081,-1.524],[111.072,-1.529],[111.05,-1.516],[111.038,-1.53],[111.022,-1.504],[111.006,-1.504],[110.976,-1.535],[110.97,-1.552],[110.953,-1.549],[110.935,-1.557],[110.904,-1.602],[110.886,-1.6],[110.864,-1.624],[110.872,-1.657],[110.884,-1.663],[110.89,-1.658],[110.906,-1.69],[110.92,-1.693],[110.94,-1.657],[110.994,-1.65],[111.0,-1.657],[110.993,-1.685],[110.984,-1.689],[110.994,-1.707],[111.015,-1.71],[111.026,-1.72],[111.021,-1.73],[111.026,-1.752],[111.014,-1.782],[110.995,-1.788],[110.994,-1.797],[110.974,-1.808],[110.971,-1.837],[110.953,-1.844],[110.95,-1.888],[110.964,-1.895],[110.965,-1.91],[110.988,-1.94],[110.989,-1.955],[111.0,-1.947],[111.011,-1.97],[111.055,-1.957],[111.086,-1.965],[111.094,-1.974],[111.089,-1.982],[111.099,-1.982],[111.101,-1.989],[111.079,-2.009],[111.088,-2.026],[111.087,-2.046],[111.058,-2.059],[111.07,-2.115],[111.05,-2.161],[111.037,-2.168],[111.041,-2.198],[111.031,-2.205],[111.025,-2.226],[111.039,-2.237],[111.042,-2.251],[111.056,-2.253],[111.07,-2.281],[111.103,-2.303],[111.116,-2.328],[111.107,-2.352],[111.106,-2.373],[111.116,-2.373],[111.107,-2.412],[111.117,-2.432],[111.114,-2.446],[111.101,-2.45],[111.099,-2.467],[111.118,-2.531],[111.147,-2.542],[111.143,-2.561],[111.127,-2.562],[111.132,-2.599],[111.156,-2.637],[111.16,-2.661],[111.176,-2.688],[111.17,-2.707],[111.149,-2.74],[111.101,-2.769],[111.009,-2.797],[110.995,-2.831],[110.962,-2.86],[110.894,-2.87],[110.862,-2.889],[110.851,-2.885],[110.827,-2.905],[110.794,-2.912],[110.756,-2.942],[110.733,-2.996],[110.65,-3.039],[110.627,-3.029],[110.627,-3.012],[110.611,-2.99],[110.612,-2.985],[110.643,-2.99],[110.624,-2.89],[110.597,-2.853],[110.564,-2.839],[110.488,-2.861],[110.412,-2.901],[110.303,-2.994],[110.298,-2.982],[110.257,-2.956],[110.246,-2.915],[110.224,-2.887],[110.255,-2.84],[110.265,-2.799],[110.261,-2.767],[110.222,-2.739],[110.232,-2.719],[110.233,-2.693],[110.222,-2.683],[110.212,-2.646],[110.187,-2.634],[110.16,-2.635],[110.149,-2.622],[110.163,-2.602],[110.174,-2.603],[110.19,-2.572],[110.197,-2.524],[110.184,-2.499],[110.183,-2.462],[110.148,-2.429],[110.153,-2.408],[110.144,-2.323],[110.133,-2.294],[110.093,-2.244],[110.064,-2.248],[110.069,-2.238],[110.077,-2.242],[110.087,-2.234],[110.094,-2.207],[110.086,-2.179],[110.109,-2.156],[110.12,-2.091],[110.112,-2.044],[110.117,-2.028],[110.108,-2.025],[110.096,-1.972],[110.067,-1.931],[109.924,-1.857],[109.902,-1.831],[109.928,-1.83],[109.909,-1.805],[109.914,-1.773],[109.946,-1.775],[109.941,-1.762],[109.958,-1.762],[109.971,-1.753],[110.026,-1.684],[110.041,-1.584],[110.036,-1.523],[110.063,-1.459],[110.057,-1.435],[110.071,-1.421],[110.069,-1.363],[110.096,-1.353],[110.129,-1.355],[110.142,-1.345],[110.163,-1.354],[110.175,-1.343],[110.214,-1.344],[110.22,-1.325],[110.211,-1.303],[110.219,-1.285],[110.284,-1.284],[110.322,-1.256],[110.417,-1.263],[110.394,-1.233],[110.394,-1.203],[110.326,-1.129],[110.336,-1.105],[110.339,-1.112],[110.357,-1.112],[110.358,-1.074],[110.341,-1.074],[110.338,-1.051],[110.269,-1.0],[110.269,-0.987],[110.281,-0.987],[110.281,-0.975],[110.272,-0.966],[110.243,-0.966],[110.242,-0.933],[110.165,-0.935],[110.165,-0.923],[110.153,-0.913],[110.164,-0.895],[110.167,-0.857],[110.144,-0.857],[110.077,-0.796],[110.072,-0.773],[110.041,-0.761],[110.01,-0.724],[109.997,-0.729],[109.979,-0.725],[109.963,-0.74],[109.94,-0.741],[109.932,-0.72],[109.9,-0.733],[109.879,-0.714],[109.882,-0.688],[109.86,-0.659],[109.846,-0.66],[109.837,-0.677],[109.821,-0.675],[109.818,-0.684],[109.808,-0.671],[109.82,-0.636],[109.849,-0.62],[109.866,-0.594],[109.88,-0.589],[109.879,-0.567],[109.889,-0.55],[109.92,-0.532],[109.947,-0.5],[109.975,-0.499],[109.995,-0.483],[109.994,-0.473],[110.006,-0.471],[110.014,-0.449],[110.037,-0.436],[110.04,-0.399],[110.05,-0.388],[110.099,-0.398],[110.108,-0.428],[110.121,-0.423],[110.155,-0.438],[110.198,-0.419],[110.198,-0.425],[110.214,-0.42],[110.259,-0.446],[110.271,-0.439],[110.301,-0.452],[110.321,-0.41],[110.348,-0.397],[110.378,-0.402],[110.376,-0.389],[110.384,-0.382],[110.407,-0.39],[110.428,-0.385],[110.432,-0.38],[110.423,-0.365],[110.441,-0.336],[110.475,-0.324],[110.49,-0.332],[110.505,-0.325],[110.543,-0.351],[110.57,-0.346]]]]}},{"type":"Feature","properties":{"kode":"91.20","nama":"Mamberamo Raya","prov":"Papua","kota":false},"geometry":{"type":"Polygon","coordinates":[[[138.147,-1.628],[138.167,-1.652],[138.161,-1.695],[138.174,-1.714],[138.166,-1.72],[138.174,-1.746],[138.155,-1.772],[138.159,-1.808],[138.141,-1.808],[138.138,-1.82],[138.16,-1.836],[138.156,-1.847],[138.148,-1.848],[138.156,-1.859],[138.148,-1.858],[138.145,-1.87],[138.154,-1.877],[138.148,-1.889],[138.164,-1.891],[138.153,-1.893],[138.154,-1.903],[138.16,-1.899],[138.171,-1.907],[138.168,-1.913],[138.155,-1.908],[138.149,-1.919],[138.157,-1.91],[138.167,-1.918],[138.164,-1.935],[138.189,-1.914],[138.185,-1.943],[138.207,-1.938],[138.217,-1.947],[138.218,-1.939],[138.227,-1.941],[138.236,-1.963],[138.233,-1.975],[138.241,-1.979],[138.238,-1.99],[138.251,-2.0],[138.253,-1.991],[138.262,-2.0],[138.262,-2.027],[138.254,-2.025],[138.252,-2.033],[138.261,-2.035],[138.256,-2.045],[138.262,-2.043],[138.268,-2.052],[138.288,-2.045],[138.287,-2.064],[138.293,-2.056],[138.311,-2.072],[138.294,-2.079],[138.294,-2.086],[138.306,-2.083],[138.294,-2.127],[138.303,-2.149],[138.299,-2.168],[138.331,-2.193],[138.339,-2.178],[138.355,-2.17],[138.37,-2.187],[138.373,-2.177],[138.397,-2.192],[138.397,-2.184],[138.409,-2.186],[138.393,-2.2],[138.369,-2.197],[138.344,-2.209],[138.376,-2.221],[138.407,-2.2],[138.408,-2.214],[138.437,-2.227],[138.438,-2.243],[138.469,-2.285],[138.466,-2.321],[138.446,-2.331],[138.447,-2.35],[138.433,-2.342],[138.421,-2.346],[138.422,-2.356],[138.401,-2.357],[138.395,-2.381],[138.384,-2.388],[138.421,-2.43],[138.414,-2.456],[138.436,-2.523],[138.448,-2.531],[138.511,-2.534],[138.539,-2.543],[138.565,-2.52],[138.584,-2.521],[138.595,-2.487],[138.624,-2.478],[138.634,-2.501],[138.66,-2.513],[138.664,-2.506],[138.718,-2.532],[138.749,-2.525],[138.769,-2.529],[138.788,-2.521],[138.827,-2.542],[138.872,-2.546],[138.902,-2.562],[138.905,-2.576],[138.947,-2.578],[138.976,-2.599],[138.996,-2.591],[139.026,-2.611],[139.054,-2.595],[139.079,-2.601],[139.087,-2.616],[139.117,-2.624],[139.128,-2.651],[139.196,-2.629],[139.233,-2.63],[139.228,-2.66],[139.233,-2.684],[139.218,-2.7],[139.21,-2.755],[139.173,-2.771],[139.173,-2.793],[139.183,-2.797],[139.174,-2.825],[139.151,-2.823],[139.135,-2.84],[139.139,-2.845],[139.114,-2.86],[139.107,-2.882],[139.113,-2.932],[139.124,-2.926],[139.144,-2.955],[139.14,-2.982],[139.118,-2.991],[139.127,-3.007],[139.11,-3.011],[139.106,-3.02],[139.102,-3.015],[139.089,-3.029],[139.09,-3.042],[139.121,-3.052],[139.12,-3.117],[139.045,-3.108],[139.029,-3.134],[139.03,-3.143],[139.021,-3.144],[139.023,-3.178],[139.005,-3.19],[139.012,-3.25],[139.036,-3.252],[139.065,-3.276],[139.053,-3.28],[139.046,-3.294],[139.03,-3.285],[139.017,-3.302],[138.999,-3.301],[138.993,-3.318],[138.966,-3.329],[138.964,-3.346],[138.931,-3.364],[138.925,-3.389],[138.893,-3.403],[138.874,-3.425],[138.888,-3.357],[138.876,-3.34],[138.878,-3.329],[138.898,-3.292],[138.919,-3.278],[138.908,-3.256],[138.89,-3.249],[138.878,-3.225],[138.851,-3.235],[138.836,-3.213],[138.827,-3.225],[138.806,-3.224],[138.8,-3.194],[138.807,-3.181],[138.825,-3.179],[138.824,-3.169],[138.775,-3.18],[138.783,-3.202],[138.764,-3.178],[138.746,-3.178],[138.716,-3.215],[138.703,-3.201],[138.679,-3.195],[138.703,-3.248],[138.675,-3.237],[138.649,-3.27],[138.638,-3.272],[138.627,-3.309],[138.6,-3.332],[138.566,-3.317],[138.542,-3.324],[138.526,-3.324],[138.5,-3.3],[138.47,-3.312],[138.465,-3.302],[138.474,-3.296],[138.462,-3.272],[138.435,-3.26],[138.441,-3.235],[138.431,-3.229],[138.413,-3.241],[138.38,-3.244],[138.365,-3.234],[138.361,-3.241],[138.35,-3.238],[138.349,-3.23],[138.318,-3.208],[138.302,-3.184],[138.291,-3.173],[138.227,-3.199],[138.213,-3.221],[138.201,-3.221],[138.189,-3.244],[138.178,-3.242],[138.177,-3.254],[138.154,-3.263],[138.158,-3.285],[138.147,-3.293],[138.131,-3.269],[138.159,-3.2],[138.186,-3.205],[138.217,-3.173],[138.231,-3.169],[138.236,-3.152],[138.177,-3.11],[138.177,-3.007],[138.162,-2.972],[138.148,-2.984],[138.125,-2.977],[138.102,-3.003],[138.109,-3.007],[138.141,-2.992],[138.15,-3.001],[138.139,-3.017],[138.148,-3.046],[138.137,-3.045],[138.127,-3.028],[138.06,-3.023],[138.064,-2.997],[138.055,-2.983],[138.041,-2.989],[138.026,-3.015],[137.998,-2.993],[138.01,-3.019],[137.978,-3.031],[137.961,-3.032],[137.957,-3.024],[137.967,-3.006],[137.961,-3.001],[137.948,-3.003],[137.928,-3.026],[137.9,-3.014],[137.908,-3.051],[137.9,-3.052],[137.892,-3.037],[137.883,-3.042],[137.883,-3.083],[137.847,-3.049],[137.834,-3.071],[137.809,-3.065],[137.793,-3.084],[137.775,-3.071],[137.768,-3.049],[137.723,-3.065],[137.704,-3.038],[137.641,-3.056],[137.634,-3.064],[137.626,-3.062],[137.631,-3.046],[137.624,-3.04],[137.577,-3.068],[137.557,-3.051],[137.534,-3.06],[137.524,-3.052],[137.518,-3.063],[137.491,-3.046],[137.455,-3.049],[137.432,-3.015],[137.421,-3.013],[137.432,-3.009],[137.423,-3.008],[137.417,-2.99],[137.402,-2.986],[137.399,-2.996],[137.397,-2.985],[137.386,-2.988],[137.383,-2.982],[137.387,-2.968],[137.376,-2.957],[137.38,-2.936],[137.37,-2.94],[137.369,-2.911],[137.355,-2.906],[137.361,-2.895],[137.351,-2.866],[137.346,-2.869],[137.344,-2.86],[137.32,-2.851],[137.308,-2.836],[137.304,-2.812],[137.291,-2.816],[137.28,-2.806],[137.285,-2.757],[137.271,-2.737],[137.287,-2.72],[137.26,-2.682],[137.261,-2.64],[137.267,-2.633],[137.253,-2.592],[137.237,-2.575],[137.192,-2.564],[137.168,-2.572],[137.158,-2.587],[137.143,-2.587],[137.136,-2.568],[137.141,-2.556],[137.121,-2.537],[137.112,-2.501],[137.034,-2.459],[137.041,-2.442],[137.03,-2.417],[137.0,-2.425],[136.985,-2.418],[136.973,-2.427],[136.949,-2.398],[136.914,-2.387],[136.91,-2.362],[136.931,-2.363],[136.928,-2.356],[136.938,-2.349],[136.937,-2.339],[136.915,-2.332],[136.915,-2.322],[136.895,-2.324],[136.899,-2.3],[136.86,-2.284],[136.852,-2.235],[136.837,-2.229],[136.817,-2.203],[136.817,-2.19],[136.802,-2.179],[136.806,-2.173],[136.837,-2.174],[136.836,-2.196],[136.875,-2.176],[136.908,-2.18],[136.925,-2.153],[136.941,-2.147],[136.943,-2.123],[137.005,-2.131],[137.012,-2.121],[137.031,-2.119],[137.058,-2.101],[137.089,-2.102],[137.108,-2.111],[137.141,-2.1],[137.158,-2.106],[137.159,-2.096],[137.196,-2.069],[137.228,-2.057],[137.231,-2.042],[137.215,-2.038],[137.212,-2.029],[137.22,-2.019],[137.207,-2.021],[137.19,-2.0],[137.195,-1.988],[137.207,-1.991],[137.215,-1.979],[137.193,-1.96],[137.191,-1.944],[137.156,-1.932],[137.144,-1.899],[137.121,-1.892],[137.122,-1.881],[137.089,-1.851],[137.1,-1.795],[137.124,-1.776],[137.153,-1.773],[137.204,-1.747],[137.237,-1.751],[137.249,-1.735],[137.307,-1.701],[137.402,-1.658],[137.478,-1.605],[137.478,-1.599],[137.588,-1.557],[137.678,-1.508],[137.721,-1.496],[137.738,-1.498],[137.748,-1.478],[137.777,-1.486],[137.799,-1.472],[137.839,-1.465],[137.89,-1.466],[137.9,-1.475],[137.934,-1.458],[137.939,-1.481],[137.968,-1.531],[137.949,-1.522],[137.954,-1.538],[137.966,-1.544],[137.979,-1.53],[137.989,-1.533],[138.019,-1.567],[138.066,-1.601],[138.147,-1.628]],[[138.545,-3.322],[138.544,-3.32],[138.543,-3.316],[138.545,-3.322]],[[138.572,-2.933],[138.564,-2.933],[138.575,-2.933],[138.572,-2.933]]]}},{"type":"Feature","properties":{"kode":"64.02","nama":"Kutai Kartanegara","prov":"Kalimantan Timur","kota":false},"geometry":{"type":"MultiPolygon","coordinates":[[[[117.603,-0.407],[117.627,-0.422],[117.626,-0.441],[117.62,-0.461],[117.604,-0.477],[117.597,-0.474],[117.575,-0.488],[117.531,-0.498],[117.448,-0.534],[117.436,-0.543],[117.436,-0.564],[117.419,-0.561],[117.418,-0.533],[117.481,-0.491],[117.497,-0.472],[117.591,-0.412],[117.603,-0.407]]],[[[117.461,-0.703],[117.515,-0.736],[117.556,-0.727],[117.591,-0.736],[117.605,-0.727],[117.615,-0.747],[117.615,-0.768],[117.598,-0.785],[117.554,-0.785],[117.522,-0.776],[117.498,-0.749],[117.483,-0.75],[117.476,-0.744],[117.465,-0.742],[117.461,-0.745],[117.446,-0.741],[117.441,-0.73],[117.448,-0.728],[117.453,-0.725],[117.453,-0.723],[117.452,-0.721],[117.449,-0.719],[117.446,-0.718],[117.447,-0.712],[117.442,-0.706],[117.461,-0.703]]],[[[117.54,-0.51],[117.569,-0.506],[117.588,-0.518],[117.578,-0.578],[117.552,-0.598],[117.513,-0.602],[117.512,-0.571],[117.489,-0.563],[117.499,-0.556],[117.498,-0.546],[117.511,-0.545],[117.514,-0.54],[117.505,-0.526],[117.526,-0.533],[117.54,-0.51]]],[[[117.5,-0.614],[117.51,-0.608],[117.566,-0.621],[117.562,-0.648],[117.526,-0.654],[117.515,-0.639],[117.502,-0.639],[117.498,-0.622],[117.47,-0.62],[117.488,-0.602],[117.5,-0.614]]],[[[117.463,-0.745],[117.477,-0.746],[117.481,-0.75],[117.487,-0.751],[117.498,-0.75],[117.513,-0.778],[117.553,-0.792],[117.552,-0.805],[117.526,-0.814],[117.507,-0.805],[117.483,-0.77],[117.47,-0.764],[117.463,-0.745]]],[[[117.524,-0.351],[117.54,-0.377],[117.518,-0.399],[117.5,-0.4],[117.499,-0.44],[117.486,-0.442],[117.463,-0.476],[117.463,-0.479],[117.465,-0.483],[117.463,-0.484],[117.452,-0.493],[117.449,-0.497],[117.449,-0.498],[117.443,-0.5],[117.443,-0.479],[117.46,-0.458],[117.469,-0.418],[117.515,-0.352],[117.524,-0.351]]],[[[117.533,-0.403],[117.481,-0.481],[117.45,-0.498],[117.465,-0.484],[117.487,-0.442],[117.499,-0.441],[117.502,-0.437],[117.507,-0.416],[117.501,-0.404],[117.514,-0.403],[117.534,-0.388],[117.533,-0.403]]],[[[117.509,-0.666],[117.523,-0.66],[117.531,-0.671],[117.528,-0.69],[117.509,-0.694],[117.474,-0.686],[117.472,-0.681],[117.487,-0.66],[117.487,-0.649],[117.498,-0.663],[117.509,-0.666]]],[[[116.008,1.526],[116.021,1.516],[116.042,1.517],[116.067,1.5],[116.092,1.5],[116.131,1.478],[116.153,1.49],[116.154,1.45],[116.141,1.414],[116.175,1.381],[116.159,1.363],[116.149,1.297],[116.097,1.25],[116.081,1.211],[116.062,1.197],[116.064,1.177],[116.053,1.18],[116.03,1.169],[116.037,1.139],[116.032,1.128],[116.054,1.071],[116.05,1.061],[116.074,1.024],[116.065,1.01],[116.04,1.007],[116.047,0.991],[116.029,0.971],[116.042,0.953],[116.047,0.92],[116.068,0.903],[116.039,0.888],[116.04,0.875],[116.029,0.869],[116.032,0.852],[116.014,0.834],[115.994,0.828],[115.971,0.834],[115.968,0.821],[115.991,0.803],[115.998,0.776],[116.011,0.771],[116.015,0.778],[116.033,0.775],[116.06,0.806],[116.076,0.809],[116.087,0.8],[116.085,0.788],[116.1,0.782],[116.123,0.755],[116.148,0.749],[116.138,0.73],[116.142,0.723],[116.171,0.733],[116.18,0.719],[116.197,0.721],[116.224,0.71],[116.238,0.651],[116.25,0.638],[116.242,0.632],[116.272,0.585],[116.256,0.569],[116.257,0.552],[116.264,0.553],[116.262,0.529],[116.284,0.513],[116.28,0.504],[116.288,0.465],[116.317,0.461],[116.334,0.449],[116.336,0.434],[116.362,0.413],[116.402,0.356],[116.469,0.313],[116.476,0.295],[116.46,0.295],[116.46,0.236],[116.469,0.184],[116.653,0.184],[116.777,0.227],[116.804,0.226],[116.826,0.236],[116.852,0.271],[116.848,0.3],[116.877,0.366],[116.874,0.39],[116.904,0.39],[116.919,0.415],[116.931,0.419],[116.942,0.443],[116.94,0.503],[116.947,0.522],[116.94,0.54],[116.966,0.543],[116.963,0.557],[116.99,0.579],[117.007,0.564],[117.01,0.55],[117.025,0.545],[117.049,0.49],[117.074,0.465],[117.079,0.448],[117.107,0.438],[117.144,0.371],[117.183,0.349],[117.212,0.353],[117.216,0.339],[117.196,0.309],[117.2,0.303],[117.177,0.274],[117.182,0.205],[117.173,0.151],[117.208,0.114],[117.21,0.083],[117.222,0.077],[117.232,0.083],[117.231,0.075],[117.264,0.049],[117.258,0.046],[117.284,0.034],[117.307,0.034],[117.333,0.047],[117.34,0.034],[117.367,0.031],[117.371,0.023],[117.517,0.022],[117.507,0.003],[117.518,-0.032],[117.482,-0.069],[117.443,-0.201],[117.432,-0.217],[117.426,-0.216],[117.432,-0.204],[117.424,-0.208],[117.417,-0.223],[117.427,-0.277],[117.452,-0.303],[117.447,-0.324],[117.453,-0.356],[117.465,-0.369],[117.458,-0.387],[117.448,-0.38],[117.437,-0.38],[117.428,-0.399],[117.43,-0.413],[117.438,-0.421],[117.425,-0.429],[117.427,-0.435],[117.454,-0.447],[117.455,-0.456],[117.437,-0.485],[117.43,-0.516],[117.412,-0.539],[117.338,-0.58],[117.313,-0.568],[117.276,-0.577],[117.275,-0.584],[117.236,-0.57],[117.238,-0.556],[117.258,-0.552],[117.268,-0.559],[117.263,-0.53],[117.269,-0.526],[117.257,-0.524],[117.27,-0.472],[117.262,-0.438],[117.27,-0.422],[117.295,-0.402],[117.298,-0.377],[117.274,-0.358],[117.262,-0.365],[117.239,-0.357],[117.226,-0.314],[117.206,-0.324],[117.143,-0.32],[117.138,-0.341],[117.149,-0.353],[117.132,-0.366],[117.128,-0.408],[117.074,-0.429],[117.066,-0.44],[117.059,-0.461],[117.065,-0.479],[117.055,-0.514],[117.067,-0.533],[117.054,-0.551],[117.072,-0.581],[117.07,-0.592],[117.083,-0.576],[117.092,-0.578],[117.093,-0.593],[117.145,-0.621],[117.128,-0.662],[117.136,-0.674],[117.145,-0.673],[117.162,-0.717],[117.185,-0.712],[117.191,-0.683],[117.226,-0.662],[117.233,-0.652],[117.228,-0.639],[117.26,-0.62],[117.271,-0.597],[117.29,-0.609],[117.303,-0.679],[117.288,-0.723],[117.282,-0.791],[117.269,-0.805],[117.253,-0.809],[117.249,-0.907],[117.203,-0.928],[117.167,-0.957],[117.065,-1.106],[117.023,-1.141],[117.002,-1.125],[116.945,-1.126],[116.947,-1.117],[116.907,-1.081],[116.904,-1.065],[116.86,-1.059],[116.84,-1.048],[116.843,-1.021],[116.874,-1.009],[116.874,-0.99],[116.901,-0.985],[116.931,-0.952],[116.938,-0.927],[116.932,-0.918],[116.945,-0.907],[116.945,-0.88],[116.924,-0.88],[116.904,-0.895],[116.886,-0.889],[116.895,-0.867],[116.884,-0.851],[116.866,-0.834],[116.831,-0.824],[116.825,-0.81],[116.807,-0.806],[116.79,-0.823],[116.772,-0.826],[116.772,-0.806],[116.763,-0.804],[116.747,-0.824],[116.735,-0.826],[116.734,-0.805],[116.726,-0.8],[116.711,-0.807],[116.684,-0.798],[116.651,-0.825],[116.648,-0.847],[116.628,-0.876],[116.6,-0.882],[116.589,-0.873],[116.592,-0.866],[116.568,-0.86],[116.572,-0.831],[116.564,-0.813],[116.555,-0.81],[116.537,-0.815],[116.532,-0.826],[116.515,-0.826],[116.517,-0.846],[116.501,-0.858],[116.491,-0.807],[116.522,-0.753],[116.496,-0.752],[116.486,-0.735],[116.455,-0.735],[116.449,-0.712],[116.409,-0.659],[116.375,-0.633],[116.375,-0.616],[116.32,-0.534],[116.287,-0.524],[116.251,-0.486],[116.266,-0.45],[116.235,-0.425],[116.233,-0.408],[116.236,-0.4],[116.29,-0.4],[116.305,-0.386],[116.323,-0.39],[116.301,-0.348],[116.306,-0.33],[116.277,-0.289],[116.165,-0.214],[116.161,-0.178],[116.066,-0.168],[116.034,-0.146],[116.007,-0.103],[115.998,-0.104],[115.99,-0.092],[115.973,-0.086],[115.977,-0.074],[115.961,-0.058],[115.948,-0.015],[115.967,0.002],[115.969,0.024],[115.977,0.015],[115.989,0.021],[115.994,0.06],[115.977,0.073],[115.979,0.101],[115.958,0.102],[115.948,0.117],[115.905,0.122],[115.875,0.167],[115.864,0.168],[115.851,0.186],[115.84,0.184],[115.831,0.215],[115.823,0.22],[115.805,0.209],[115.79,0.232],[115.767,0.227],[115.768,0.257],[115.782,0.284],[115.75,0.306],[115.704,0.314],[115.692,0.329],[115.675,0.335],[115.684,0.359],[115.706,0.37],[115.715,0.384],[115.768,0.405],[115.748,0.442],[115.754,0.485],[115.742,0.493],[115.737,0.515],[115.717,0.512],[115.701,0.543],[115.649,0.539],[115.641,0.563],[115.662,0.567],[115.673,0.58],[115.647,0.605],[115.652,0.62],[115.637,0.625],[115.629,0.615],[115.608,0.634],[115.595,0.636],[115.565,0.7],[115.555,0.702],[115.547,0.721],[115.492,0.766],[115.405,0.784],[115.392,0.771],[115.389,0.784],[115.377,0.792],[115.382,0.809],[115.344,0.813],[115.319,0.828],[115.296,0.811],[115.283,0.813],[115.278,0.837],[115.291,0.86],[115.291,0.876],[115.308,0.896],[115.267,0.915],[115.261,0.945],[115.232,0.962],[115.255,0.991],[115.25,0.998],[115.256,1.026],[115.275,1.032],[115.3,1.061],[115.325,1.054],[115.359,1.063],[115.371,1.07],[115.378,1.101],[115.402,1.111],[115.409,1.135],[115.421,1.14],[115.419,1.159],[115.405,1.173],[115.407,1.189],[115.422,1.191],[115.427,1.223],[115.485,1.245],[115.487,1.252],[115.554,1.265],[115.583,1.281],[115.647,1.282],[115.656,1.29],[115.686,1.282],[115.706,1.263],[115.711,1.275],[115.727,1.26],[115.764,1.259],[115.777,1.275],[115.773,1.308],[115.807,1.325],[115.829,1.352],[115.835,1.379],[115.857,1.401],[115.854,1.434],[115.914,1.477],[115.955,1.489],[115.956,1.504],[115.973,1.531],[116.008,1.526]]],[[[117.459,-0.632],[117.499,-0.626],[117.498,-0.639],[117.516,-0.645],[117.51,-0.663],[117.489,-0.647],[117.481,-0.651],[117.485,-0.66],[117.478,-0.665],[117.459,-0.632]]],[[[117.504,-0.527],[117.51,-0.544],[117.498,-0.545],[117.499,-0.556],[117.483,-0.564],[117.474,-0.548],[117.453,-0.553],[117.44,-0.562],[117.437,-0.544],[117.448,-0.536],[117.504,-0.527]]],[[[117.423,-0.585],[117.386,-0.602],[117.388,-0.593],[117.374,-0.592],[117.386,-0.576],[117.415,-0.565],[117.446,-0.565],[117.471,-0.551],[117.481,-0.566],[117.508,-0.576],[117.501,-0.589],[117.463,-0.596],[117.473,-0.608],[117.469,-0.619],[117.47,-0.624],[117.456,-0.629],[117.448,-0.628],[117.451,-0.619],[117.449,-0.609],[117.433,-0.604],[117.434,-0.588],[117.433,-0.586],[117.425,-0.583],[117.433,-0.587],[117.425,-0.593],[117.434,-0.605],[117.447,-0.609],[117.449,-0.617],[117.439,-0.631],[117.433,-0.623],[117.422,-0.629],[117.417,-0.613],[117.402,-0.605],[117.423,-0.585]]],[[[117.489,-0.329],[117.494,-0.347],[117.453,-0.439],[117.427,-0.433],[117.439,-0.424],[117.431,-0.398],[117.437,-0.384],[117.461,-0.388],[117.467,-0.376],[117.458,-0.353],[117.473,-0.331],[117.489,-0.329]]],[[[117.482,-0.772],[117.492,-0.802],[117.466,-0.783],[117.437,-0.746],[117.443,-0.741],[117.463,-0.748],[117.467,-0.762],[117.472,-0.767],[117.482,-0.772]]],[[[117.306,-0.578],[117.344,-0.59],[117.372,-0.589],[117.37,-0.603],[117.38,-0.613],[117.387,-0.61],[117.395,-0.624],[117.412,-0.618],[117.421,-0.63],[117.457,-0.634],[117.475,-0.665],[117.469,-0.681],[117.435,-0.655],[117.424,-0.655],[117.423,-0.647],[117.414,-0.638],[117.399,-0.63],[117.375,-0.63],[117.372,-0.637],[117.369,-0.652],[117.361,-0.649],[117.368,-0.644],[117.347,-0.627],[117.342,-0.629],[117.347,-0.636],[117.326,-0.63],[117.285,-0.583],[117.306,-0.578]]],[[[117.406,-0.753],[117.466,-0.808],[117.468,-0.818],[117.444,-0.805],[117.436,-0.785],[117.428,-0.78],[117.411,-0.782],[117.406,-0.753]]],[[[117.435,-0.663],[117.467,-0.699],[117.442,-0.705],[117.44,-0.709],[117.446,-0.712],[117.445,-0.717],[117.453,-0.725],[117.441,-0.73],[117.422,-0.709],[117.388,-0.692],[117.385,-0.681],[117.395,-0.688],[117.403,-0.688],[117.408,-0.696],[117.413,-0.697],[117.416,-0.693],[117.414,-0.685],[117.409,-0.678],[117.428,-0.682],[117.435,-0.663]]],[[[117.457,-0.784],[117.383,-0.721],[117.387,-0.695],[117.43,-0.722],[117.436,-0.751],[117.459,-0.777],[117.457,-0.784]]],[[[117.301,-0.616],[117.32,-0.63],[117.32,-0.648],[117.325,-0.655],[117.329,-0.66],[117.338,-0.656],[117.332,-0.67],[117.362,-0.687],[117.362,-0.694],[117.366,-0.696],[117.378,-0.694],[117.375,-0.718],[117.388,-0.739],[117.38,-0.739],[117.372,-0.752],[117.379,-0.765],[117.374,-0.781],[117.389,-0.777],[117.411,-0.838],[117.434,-0.844],[117.447,-0.889],[117.439,-0.893],[117.436,-0.872],[117.427,-0.861],[117.416,-0.872],[117.424,-0.881],[117.41,-0.884],[117.383,-0.829],[117.363,-0.805],[117.353,-0.775],[117.333,-0.756],[117.32,-0.685],[117.3,-0.629],[117.301,-0.616]]],[[[117.387,-0.74],[117.399,-0.752],[117.408,-0.783],[117.433,-0.788],[117.44,-0.815],[117.417,-0.836],[117.393,-0.777],[117.379,-0.772],[117.382,-0.758],[117.376,-0.754],[117.387,-0.74]]],[[[117.345,-0.631],[117.361,-0.649],[117.366,-0.653],[117.37,-0.652],[117.375,-0.631],[117.396,-0.63],[117.412,-0.638],[117.412,-0.649],[117.422,-0.648],[117.423,-0.657],[117.432,-0.657],[117.429,-0.674],[117.425,-0.681],[117.409,-0.676],[117.407,-0.679],[117.415,-0.693],[117.411,-0.696],[117.403,-0.686],[117.377,-0.671],[117.345,-0.631]]],[[[117.329,-0.635],[117.368,-0.664],[117.383,-0.694],[117.375,-0.692],[117.364,-0.695],[117.363,-0.687],[117.359,-0.683],[117.332,-0.67],[117.339,-0.657],[117.335,-0.654],[117.33,-0.659],[117.321,-0.64],[117.329,-0.635]]],[[[117.339,-0.782],[117.349,-0.788],[117.373,-0.84],[117.357,-0.875],[117.358,-0.897],[117.337,-0.911],[117.321,-0.889],[117.311,-0.856],[117.347,-0.836],[117.346,-0.818],[117.33,-0.794],[117.339,-0.782]]],[[[117.302,-0.696],[117.304,-0.704],[117.308,-0.706],[117.308,-0.718],[117.314,-0.724],[117.312,-0.732],[117.318,-0.745],[117.315,-0.764],[117.32,-0.769],[117.314,-0.776],[117.323,-0.787],[117.316,-0.799],[117.343,-0.83],[117.338,-0.837],[117.308,-0.839],[117.301,-0.805],[117.293,-0.8],[117.299,-0.771],[117.292,-0.731],[117.302,-0.696]]],[[[117.318,-0.698],[117.331,-0.768],[117.338,-0.776],[117.323,-0.802],[117.328,-0.788],[117.32,-0.78],[117.324,-0.769],[117.318,-0.723],[117.309,-0.717],[117.313,-0.712],[117.309,-0.706],[117.304,-0.704],[117.306,-0.698],[117.301,-0.695],[117.307,-0.678],[117.318,-0.698]]],[[[117.286,-0.796],[117.302,-0.848],[117.294,-0.872],[117.285,-0.876],[117.276,-0.858],[117.288,-0.826],[117.282,-0.803],[117.286,-0.796]]]]}},{"type":"Feature","properties":{"kode":"93.04","nama":"Asmat","prov":"Papua Selatan","kota":false},"geometry":{"type":"Polygon","coordinates":[[[138.802,-4.764],[138.815,-4.761],[138.825,-4.738],[138.84,-4.728],[138.855,-4.702],[138.88,-4.726],[138.899,-4.728],[138.943,-4.764],[138.976,-4.757],[138.982,-4.762],[138.987,-4.773],[138.955,-4.786],[138.945,-4.803],[138.947,-4.815],[138.932,-4.827],[138.948,-4.836],[138.992,-4.833],[139.03,-4.84],[139.049,-4.865],[139.048,-4.85],[139.067,-4.84],[139.078,-4.819],[139.098,-4.827],[139.107,-4.811],[139.094,-4.801],[139.114,-4.767],[139.193,-4.718],[139.202,-4.72],[139.203,-4.729],[139.191,-4.733],[139.202,-4.739],[139.184,-4.739],[139.163,-4.768],[139.162,-4.812],[139.17,-4.828],[139.151,-4.853],[139.148,-4.879],[139.121,-4.929],[139.106,-4.934],[139.099,-4.95],[139.08,-4.953],[139.071,-4.962],[139.078,-4.986],[139.228,-4.999],[139.498,-5.002],[139.579,-5.053],[139.667,-5.063],[139.987,-5.058],[139.983,-5.09],[139.966,-5.083],[139.929,-5.091],[139.948,-5.165],[139.919,-5.205],[139.888,-5.184],[139.873,-5.149],[139.844,-5.149],[139.822,-5.161],[139.914,-5.213],[139.887,-5.247],[139.881,-5.279],[139.851,-5.298],[139.794,-5.295],[139.777,-5.287],[139.725,-5.304],[139.695,-5.364],[139.564,-5.415],[139.493,-5.51],[139.504,-5.598],[139.138,-5.646],[139.093,-5.562],[138.923,-5.657],[138.919,-6.153],[138.872,-6.178],[138.783,-6.403],[138.604,-6.524],[138.438,-6.37],[138.421,-6.345],[138.433,-6.323],[138.412,-6.293],[138.383,-6.197],[138.395,-6.17],[138.355,-6.105],[138.35,-6.074],[138.281,-5.951],[138.282,-5.943],[138.255,-5.924],[138.251,-5.913],[138.252,-5.875],[138.267,-5.864],[138.277,-5.841],[138.232,-5.824],[138.184,-5.824],[138.166,-5.814],[138.154,-5.765],[138.159,-5.754],[138.177,-5.744],[138.167,-5.725],[138.133,-5.721],[138.097,-5.735],[138.093,-5.746],[138.066,-5.724],[138.066,-5.7],[138.049,-5.674],[138.045,-5.592],[138.065,-5.556],[138.134,-5.537],[138.128,-5.531],[138.082,-5.534],[138.084,-5.525],[138.062,-5.519],[138.054,-5.505],[138.008,-5.506],[137.905,-5.393],[137.895,-5.373],[137.863,-5.35],[137.847,-5.372],[137.816,-5.38],[137.773,-5.362],[137.769,-5.348],[137.754,-5.356],[137.748,-5.374],[137.735,-5.372],[137.723,-5.352],[137.725,-5.337],[137.732,-5.316],[137.753,-5.311],[137.74,-5.287],[137.715,-5.273],[137.681,-5.237],[137.684,-5.221],[137.678,-5.218],[137.687,-5.193],[137.702,-5.18],[137.707,-5.15],[137.745,-5.139],[137.718,-5.121],[137.717,-5.111],[137.735,-5.111],[137.737,-5.087],[137.759,-5.088],[137.761,-5.075],[137.774,-5.062],[137.747,-5.005],[137.786,-5.028],[137.819,-5.026],[137.819,-5.006],[137.807,-5.0],[137.825,-4.982],[137.824,-4.963],[137.844,-4.943],[137.848,-4.926],[137.827,-4.898],[137.865,-4.864],[137.897,-4.78],[137.892,-4.752],[137.838,-4.724],[137.829,-4.705],[137.816,-4.696],[137.806,-4.701],[137.81,-4.69],[137.785,-4.685],[137.772,-4.654],[137.77,-4.648],[137.827,-4.646],[137.808,-4.619],[137.828,-4.597],[137.909,-4.603],[137.925,-4.601],[137.924,-4.593],[137.941,-4.603],[137.975,-4.6],[137.984,-4.587],[138.031,-4.61],[138.041,-4.592],[138.06,-4.587],[138.07,-4.565],[138.089,-4.567],[138.131,-4.588],[138.125,-4.606],[138.142,-4.63],[138.154,-4.676],[138.17,-4.684],[138.193,-4.713],[138.202,-4.703],[138.209,-4.709],[138.247,-4.669],[138.281,-4.681],[138.3,-4.665],[138.326,-4.668],[138.339,-4.705],[138.356,-4.727],[138.347,-4.742],[138.358,-4.745],[138.373,-4.768],[138.365,-4.798],[138.391,-4.801],[138.4,-4.812],[138.571,-4.793],[138.576,-4.79],[138.569,-4.783],[138.575,-4.777],[138.57,-4.75],[138.552,-4.743],[138.536,-4.72],[138.558,-4.704],[138.568,-4.708],[138.584,-4.699],[138.595,-4.704],[138.603,-4.724],[138.626,-4.722],[138.629,-4.716],[138.724,-4.72],[138.76,-4.711],[138.764,-4.721],[138.808,-4.728],[138.802,-4.764]]]}},{"type":"Feature","properties":{"kode":"93.03","nama":"Mappi","prov":"Papua Selatan","kota":false},"geometry":{"type":"MultiPolygon","coordinates":[[[[138.639,-6.732],[138.673,-6.753],[138.736,-6.759],[138.777,-6.801],[138.794,-6.837],[138.773,-6.846],[138.732,-6.882],[138.676,-6.868],[138.665,-6.821],[138.636,-6.801],[138.617,-6.77],[138.616,-6.743],[138.639,-6.732]]],[[[138.696,-6.626],[138.781,-6.673],[138.821,-6.705],[138.827,-6.747],[138.821,-6.777],[138.833,-6.791],[138.872,-6.804],[138.92,-6.786],[138.943,-6.797],[138.944,-6.826],[138.918,-6.819],[138.847,-6.829],[138.828,-6.823],[138.757,-6.754],[138.716,-6.732],[138.674,-6.725],[138.669,-6.655],[138.696,-6.626]]],[[[140.085,-7.21],[139.792,-7.35],[139.784,-7.373],[139.659,-7.372],[139.648,-7.385],[139.63,-7.386],[139.583,-7.368],[139.578,-7.355],[139.549,-7.347],[139.547,-7.334],[139.534,-7.337],[139.525,-7.324],[138.682,-7.173],[138.706,-7.075],[138.607,-7.004],[138.565,-6.933],[138.581,-6.904],[138.628,-6.876],[138.684,-6.901],[138.725,-6.901],[138.764,-6.883],[138.797,-6.851],[138.857,-6.852],[138.914,-6.838],[138.941,-6.845],[138.952,-6.827],[138.949,-6.798],[138.931,-6.784],[138.907,-6.782],[138.876,-6.798],[138.831,-6.781],[138.834,-6.739],[138.824,-6.697],[138.795,-6.667],[138.684,-6.608],[138.667,-6.589],[138.666,-6.574],[138.651,-6.574],[138.604,-6.524],[138.783,-6.403],[138.872,-6.178],[138.919,-6.153],[138.923,-5.657],[139.093,-5.562],[139.138,-5.646],[139.504,-5.598],[139.493,-5.51],[139.564,-5.415],[139.695,-5.364],[139.725,-5.304],[139.757,-5.294],[139.773,-5.304],[139.817,-5.582],[139.714,-5.687],[139.718,-5.738],[139.843,-5.815],[139.857,-5.911],[139.862,-6.168],[139.827,-6.189],[139.811,-6.215],[139.819,-6.266],[139.707,-6.393],[139.718,-6.434],[139.798,-6.498],[139.887,-6.5],[139.94,-6.468],[140.066,-6.466],[140.068,-6.883],[140.076,-6.92],[140.054,-6.928],[140.057,-6.951],[140.041,-6.975],[140.067,-7.018],[140.079,-7.081],[140.061,-7.14],[140.082,-7.185],[140.085,-7.21]]]]}},{"type":"Feature","properties":{"kode":"62.12","nama":"Murung Raya","prov":"Kalimantan Tengah","kota":false},"geometry":{"type":"Polygon","coordinates":[[[115.013,-0.266],[115.039,-0.338],[115.008,-0.364],[115.02,-0.392],[115.013,-0.402],[115.021,-0.413],[115.011,-0.463],[115.019,-0.501],[115.0,-0.517],[115.01,-0.524],[115.007,-0.534],[115.0,-0.557],[114.986,-0.562],[114.978,-0.589],[114.947,-0.613],[114.923,-0.618],[114.928,-0.637],[114.889,-0.676],[114.873,-0.713],[114.856,-0.718],[114.83,-0.743],[114.79,-0.751],[114.778,-0.769],[114.769,-0.759],[114.737,-0.768],[114.731,-0.785],[114.653,-0.86],[114.528,-0.85],[114.468,-0.834],[114.393,-0.836],[114.364,-0.856],[114.276,-0.865],[114.234,-0.86],[114.218,-0.838],[114.219,-0.809],[114.173,-0.812],[114.153,-0.796],[114.121,-0.73],[114.096,-0.629],[114.063,-0.577],[114.079,-0.553],[114.052,-0.533],[114.047,-0.511],[114.015,-0.479],[114.015,-0.454],[114.005,-0.449],[114.01,-0.426],[113.989,-0.384],[113.961,-0.398],[113.938,-0.395],[113.928,-0.412],[113.927,-0.435],[113.917,-0.441],[113.922,-0.467],[113.892,-0.464],[113.882,-0.452],[113.852,-0.445],[113.822,-0.45],[113.818,-0.461],[113.803,-0.466],[113.787,-0.461],[113.76,-0.482],[113.751,-0.454],[113.718,-0.419],[113.733,-0.405],[113.722,-0.386],[113.645,-0.361],[113.632,-0.345],[113.583,-0.372],[113.582,-0.391],[113.544,-0.377],[113.514,-0.386],[113.5,-0.379],[113.494,-0.384],[113.468,-0.381],[113.465,-0.367],[113.483,-0.352],[113.492,-0.313],[113.455,-0.309],[113.444,-0.291],[113.429,-0.303],[113.418,-0.301],[113.402,-0.354],[113.374,-0.378],[113.361,-0.378],[113.333,-0.396],[113.239,-0.378],[113.221,-0.334],[113.244,-0.304],[113.252,-0.304],[113.257,-0.284],[113.305,-0.254],[113.297,-0.24],[113.302,-0.23],[113.287,-0.223],[113.293,-0.205],[113.331,-0.151],[113.356,-0.137],[113.386,-0.132],[113.401,-0.111],[113.423,-0.11],[113.419,-0.093],[113.443,-0.064],[113.442,-0.054],[113.416,-0.047],[113.428,-0.028],[113.433,0.009],[113.417,0.014],[113.396,0.034],[113.405,0.064],[113.394,0.083],[113.404,0.09],[113.414,0.116],[113.392,0.141],[113.309,0.174],[113.294,0.207],[113.262,0.23],[113.318,0.268],[113.348,0.266],[113.357,0.273],[113.408,0.259],[113.415,0.265],[113.442,0.26],[113.495,0.303],[113.514,0.305],[113.543,0.324],[113.553,0.333],[113.553,0.348],[113.586,0.361],[113.581,0.398],[113.629,0.413],[113.655,0.441],[113.649,0.453],[113.662,0.492],[113.684,0.499],[113.691,0.516],[113.715,0.526],[113.72,0.536],[113.738,0.539],[113.751,0.552],[113.755,0.57],[113.798,0.595],[113.813,0.577],[113.826,0.578],[113.849,0.615],[113.834,0.622],[113.835,0.633],[113.822,0.642],[113.846,0.66],[113.921,0.644],[113.942,0.653],[113.962,0.648],[113.975,0.661],[114.004,0.641],[114.027,0.67],[114.046,0.668],[114.069,0.683],[114.069,0.69],[114.081,0.689],[114.091,0.698],[114.123,0.695],[114.158,0.678],[114.164,0.648],[114.178,0.637],[114.177,0.61],[114.147,0.595],[114.147,0.586],[114.195,0.582],[114.203,0.54],[114.244,0.523],[114.255,0.532],[114.267,0.528],[114.292,0.537],[114.364,0.53],[114.359,0.548],[114.377,0.56],[114.43,0.542],[114.461,0.557],[114.463,0.565],[114.489,0.57],[114.525,0.563],[114.546,0.585],[114.541,0.62],[114.546,0.631],[114.567,0.625],[114.598,0.632],[114.638,0.661],[114.639,0.671],[114.652,0.675],[114.66,0.702],[114.69,0.708],[114.716,0.701],[114.761,0.732],[114.787,0.73],[114.794,0.741],[114.832,0.755],[114.853,0.74],[114.87,0.741],[114.911,0.77],[114.907,0.789],[114.914,0.79],[114.924,0.772],[114.943,0.773],[114.986,0.732],[115.013,0.599],[115.092,0.48],[115.078,0.471],[115.091,0.453],[115.109,0.442],[115.118,0.445],[115.137,0.425],[115.129,0.374],[115.065,0.325],[115.046,0.298],[115.04,0.298],[115.023,0.33],[115.002,0.328],[114.99,0.335],[114.954,0.32],[114.95,0.332],[114.942,0.333],[114.903,0.318],[114.885,0.297],[114.884,0.279],[114.858,0.27],[114.845,0.243],[114.82,0.237],[114.832,0.217],[114.83,0.192],[114.763,0.146],[114.758,0.135],[114.771,0.12],[114.749,0.11],[114.749,0.097],[114.725,0.079],[114.708,0.085],[114.709,0.074],[114.737,0.031],[114.746,0.035],[114.795,0.011],[114.796,0.001],[114.811,-0.007],[114.824,-0.036],[114.837,-0.046],[114.874,-0.016],[114.898,-0.032],[114.91,-0.061],[114.908,-0.092],[114.921,-0.1],[114.916,-0.134],[114.929,-0.165],[114.917,-0.204],[114.924,-0.217],[114.92,-0.233],[114.954,-0.245],[114.971,-0.273],[115.013,-0.266]]]}},{"type":"Feature","properties":{"kode":"93.02","nama":"Boven Digoel","prov":"Papua Selatan","kota":false},"geometry":{"type":"Polygon","coordinates":[[[141.001,-5.344],[141.0,-6.322],[140.96,-6.326],[140.97,-6.345],[140.96,-6.352],[140.976,-6.361],[140.975,-6.368],[140.943,-6.374],[140.942,-6.38],[140.945,-6.388],[140.975,-6.383],[140.982,-6.389],[140.942,-6.412],[140.956,-6.419],[140.95,-6.437],[140.929,-6.42],[140.918,-6.421],[140.919,-6.437],[140.939,-6.445],[140.926,-6.456],[140.926,-6.468],[140.946,-6.467],[140.961,-6.488],[140.922,-6.5],[140.93,-6.536],[140.922,-6.552],[140.937,-6.562],[140.915,-6.557],[140.888,-6.565],[140.893,-6.574],[140.91,-6.569],[140.904,-6.593],[140.891,-6.605],[140.885,-6.593],[140.845,-6.61],[140.85,-6.631],[140.805,-6.65],[140.803,-6.669],[140.782,-6.686],[140.719,-6.696],[140.718,-6.726],[140.708,-6.738],[140.728,-6.764],[140.73,-6.796],[140.745,-6.813],[140.752,-6.852],[140.74,-6.864],[140.744,-6.872],[140.762,-6.876],[140.755,-6.886],[140.78,-6.914],[140.792,-6.98],[140.799,-6.979],[140.807,-6.999],[140.82,-7.001],[140.826,-7.045],[140.804,-7.05],[140.752,-7.028],[140.743,-7.035],[140.705,-7.039],[140.686,-7.026],[140.673,-7.039],[140.663,-7.033],[140.629,-7.04],[140.616,-7.061],[140.589,-7.053],[140.589,-7.025],[140.601,-7.015],[140.584,-7.0],[140.567,-6.999],[140.569,-6.985],[140.56,-6.983],[140.551,-6.968],[140.562,-6.952],[140.584,-6.944],[140.585,-6.932],[140.562,-6.902],[140.569,-6.887],[140.561,-6.853],[140.568,-6.836],[140.553,-6.833],[140.555,-6.81],[140.542,-6.797],[140.534,-6.713],[140.491,-6.739],[140.491,-6.804],[140.442,-6.85],[140.424,-6.883],[140.411,-6.886],[140.398,-6.901],[140.363,-6.894],[140.366,-6.906],[140.353,-6.928],[140.32,-6.938],[140.327,-6.951],[140.255,-6.981],[140.235,-7.022],[140.213,-7.031],[140.21,-7.042],[140.186,-7.059],[140.181,-7.083],[140.139,-7.126],[140.12,-7.13],[140.112,-7.149],[140.101,-7.151],[140.097,-7.19],[140.085,-7.21],[140.082,-7.185],[140.061,-7.14],[140.079,-7.081],[140.067,-7.018],[140.041,-6.975],[140.057,-6.951],[140.054,-6.928],[140.076,-6.92],[140.068,-6.883],[140.066,-6.466],[139.94,-6.468],[139.887,-6.5],[139.798,-6.498],[139.718,-6.434],[139.707,-6.393],[139.819,-6.266],[139.811,-6.215],[139.827,-6.189],[139.862,-6.168],[139.857,-5.911],[139.843,-5.815],[139.718,-5.738],[139.714,-5.687],[139.817,-5.582],[139.773,-5.304],[139.757,-5.294],[139.777,-5.287],[139.794,-5.295],[139.862,-5.294],[139.888,-5.269],[139.887,-5.247],[139.914,-5.213],[139.943,-5.221],[139.979,-5.219],[139.968,-5.146],[139.983,-5.092],[140.023,-5.117],[140.044,-5.14],[140.039,-5.18],[140.067,-5.159],[140.12,-5.151],[140.06,-5.05],[140.11,-5.029],[140.112,-5.053],[140.186,-5.04],[140.214,-5.055],[140.236,-5.047],[140.256,-5.059],[140.256,-5.074],[140.27,-5.088],[140.28,-5.12],[140.268,-5.134],[140.275,-5.138],[140.295,-5.131],[140.303,-5.144],[140.297,-5.155],[140.31,-5.158],[140.318,-5.17],[140.352,-5.175],[140.36,-5.19],[140.387,-5.196],[140.388,-5.212],[140.413,-5.212],[140.435,-5.228],[140.469,-5.22],[140.51,-5.225],[140.523,-5.24],[140.545,-5.238],[140.554,-5.256],[140.602,-5.252],[140.634,-5.265],[140.726,-5.233],[140.742,-5.26],[140.738,-5.278],[140.72,-5.281],[140.813,-5.297],[141.001,-5.344]]]}},{"type":"Feature","properties":{"kode":"61.05","nama":"Sintang","prov":"Kalimantan Barat","kota":false},"geometry":{"type":"Polygon","coordinates":[[[111.516,0.975],[111.537,0.937],[111.561,0.921],[111.608,0.934],[111.626,0.923],[111.644,0.861],[111.665,0.846],[111.677,0.815],[111.727,0.783],[111.745,0.758],[111.743,0.738],[111.732,0.735],[111.718,0.707],[111.717,0.672],[111.687,0.628],[111.721,0.571],[111.725,0.459],[111.701,0.436],[111.686,0.378],[111.645,0.359],[111.65,0.334],[111.664,0.342],[111.681,0.321],[111.686,0.3],[111.666,0.301],[111.673,0.279],[111.687,0.265],[111.771,0.233],[111.841,0.228],[111.867,0.183],[111.896,0.176],[111.926,0.183],[111.945,0.168],[111.969,0.163],[111.987,0.18],[111.99,0.191],[112.002,0.194],[112.059,0.18],[112.059,0.156],[112.049,0.134],[112.092,0.119],[112.111,0.089],[112.129,0.088],[112.139,0.066],[112.148,0.077],[112.145,0.089],[112.191,0.09],[112.195,0.103],[112.203,0.099],[112.218,0.115],[112.264,0.111],[112.291,0.083],[112.308,0.101],[112.336,0.106],[112.349,0.095],[112.393,0.095],[112.403,0.122],[112.399,0.147],[112.506,0.105],[112.514,0.125],[112.505,0.164],[112.512,0.184],[112.55,0.182],[112.57,0.204],[112.604,0.179],[112.624,0.182],[112.647,0.167],[112.629,0.205],[112.671,0.241],[112.753,0.234],[112.806,0.19],[112.824,0.162],[112.948,0.147],[112.963,0.151],[112.975,0.176],[112.966,0.214],[112.999,0.254],[113.016,0.254],[113.023,0.268],[113.046,0.271],[113.055,0.291],[113.075,0.269],[113.101,0.263],[113.102,0.228],[113.123,0.212],[113.136,0.212],[113.136,0.221],[113.149,0.234],[113.179,0.243],[113.262,0.23],[113.294,0.207],[113.309,0.174],[113.4,0.134],[113.414,0.116],[113.404,0.09],[113.394,0.083],[113.405,0.064],[113.396,0.034],[113.417,0.014],[113.433,0.009],[113.428,-0.028],[113.416,-0.047],[113.442,-0.054],[113.443,-0.064],[113.419,-0.093],[113.423,-0.11],[113.401,-0.111],[113.386,-0.132],[113.356,-0.137],[113.331,-0.151],[113.291,-0.209],[113.287,-0.223],[113.302,-0.23],[113.297,-0.24],[113.305,-0.254],[113.257,-0.284],[113.252,-0.304],[113.244,-0.304],[113.221,-0.334],[113.239,-0.378],[113.262,-0.391],[113.257,-0.406],[113.271,-0.424],[113.263,-0.437],[113.255,-0.435],[113.261,-0.449],[113.246,-0.45],[113.218,-0.506],[113.192,-0.503],[113.169,-0.489],[113.164,-0.477],[113.143,-0.472],[113.131,-0.452],[113.097,-0.489],[113.055,-0.514],[113.036,-0.496],[113.03,-0.502],[112.986,-0.497],[112.973,-0.512],[112.922,-0.523],[112.922,-0.533],[112.912,-0.54],[112.889,-0.539],[112.866,-0.548],[112.832,-0.578],[112.787,-0.586],[112.777,-0.574],[112.743,-0.573],[112.73,-0.587],[112.734,-0.631],[112.703,-0.621],[112.702,-0.639],[112.688,-0.659],[112.638,-0.657],[112.593,-0.69],[112.579,-0.681],[112.562,-0.695],[112.532,-0.698],[112.522,-0.692],[112.503,-0.7],[112.496,-0.684],[112.487,-0.692],[112.472,-0.686],[112.448,-0.65],[112.416,-0.631],[112.412,-0.621],[112.414,-0.611],[112.429,-0.6],[112.425,-0.586],[112.44,-0.548],[112.423,-0.526],[112.435,-0.506],[112.415,-0.494],[112.414,-0.484],[112.43,-0.462],[112.437,-0.431],[112.423,-0.419],[112.41,-0.392],[112.364,-0.346],[112.371,-0.337],[112.372,-0.302],[112.386,-0.295],[112.373,-0.256],[112.393,-0.223],[112.397,-0.202],[112.412,-0.186],[112.408,-0.18],[112.358,-0.19],[112.249,-0.242],[112.232,-0.242],[112.183,-0.272],[112.175,-0.279],[112.174,-0.293],[112.147,-0.308],[112.123,-0.294],[112.107,-0.262],[112.08,-0.256],[112.047,-0.236],[112.037,-0.204],[112.028,-0.22],[111.997,-0.208],[111.981,-0.216],[111.932,-0.186],[111.91,-0.193],[111.891,-0.21],[111.872,-0.192],[111.858,-0.193],[111.863,-0.202],[111.856,-0.208],[111.831,-0.206],[111.815,-0.215],[111.811,-0.203],[111.781,-0.178],[111.765,-0.177],[111.765,-0.188],[111.751,-0.191],[111.749,-0.181],[111.732,-0.175],[111.728,-0.153],[111.715,-0.153],[111.702,-0.128],[111.685,-0.131],[111.685,-0.142],[111.662,-0.165],[111.639,-0.169],[111.631,-0.18],[111.618,-0.179],[111.588,-0.204],[111.551,-0.212],[111.539,-0.235],[111.529,-0.228],[111.498,-0.234],[111.498,-0.246],[111.489,-0.245],[111.488,-0.257],[111.481,-0.257],[111.479,-0.273],[111.479,-0.293],[111.493,-0.293],[111.495,-0.322],[111.483,-0.324],[111.469,-0.345],[111.431,-0.366],[111.392,-0.35],[111.368,-0.359],[111.349,-0.388],[111.317,-0.399],[111.312,-0.414],[111.295,-0.424],[111.261,-0.435],[111.24,-0.455],[111.242,-0.468],[111.222,-0.476],[111.202,-0.506],[111.185,-0.515],[111.13,-0.515],[111.115,-0.502],[111.095,-0.504],[111.073,-0.455],[111.037,-0.432],[111.035,-0.417],[110.999,-0.373],[111.022,-0.369],[111.024,-0.352],[111.052,-0.314],[111.053,-0.294],[111.032,-0.279],[111.043,-0.268],[111.08,-0.263],[111.089,-0.245],[111.084,-0.196],[111.091,-0.181],[111.088,-0.145],[111.123,-0.133],[111.134,-0.111],[111.144,0.01],[111.132,0.07],[111.123,0.085],[111.148,0.101],[111.162,0.101],[111.18,0.078],[111.217,0.063],[111.236,0.12],[111.27,0.132],[111.282,0.133],[111.288,0.125],[111.297,0.134],[111.292,0.156],[111.267,0.168],[111.272,0.199],[111.265,0.229],[111.273,0.241],[111.255,0.271],[111.257,0.296],[111.232,0.306],[111.236,0.325],[111.23,0.324],[111.208,0.367],[111.225,0.376],[111.215,0.4],[111.236,0.439],[111.261,0.453],[111.294,0.5],[111.295,0.512],[111.285,0.522],[111.29,0.545],[111.272,0.578],[111.212,0.598],[111.197,0.64],[111.202,0.679],[111.187,0.693],[111.119,0.72],[111.051,0.72],[110.998,0.746],[110.995,0.737],[110.969,0.737],[110.969,0.725],[110.951,0.727],[110.904,0.713],[110.874,0.73],[110.858,0.728],[110.851,0.744],[110.869,0.748],[110.869,0.755],[110.845,0.757],[110.839,0.771],[110.824,0.774],[110.82,0.785],[110.792,0.794],[110.773,0.833],[110.759,0.841],[110.76,0.851],[110.787,0.876],[110.794,0.896],[110.817,0.907],[110.806,0.938],[110.809,0.95],[110.859,0.95],[110.863,0.965],[110.886,0.978],[110.892,1.009],[110.907,1.029],[110.998,1.029],[111.069,1.049],[111.154,1.053],[111.197,1.065],[111.231,1.086],[111.252,1.063],[111.273,1.068],[111.309,1.047],[111.349,1.04],[111.385,1.015],[111.413,1.008],[111.445,1.014],[111.463,1.036],[111.489,1.035],[111.515,1.002],[111.516,0.975]]]}},{"type":"Feature","properties":{"kode":"64.03","nama":"Berau","prov":"Kalimantan Timur","kota":false},"geometry":{"type":"MultiPolygon","coordinates":[[[[118.468,1.466],[118.484,1.441],[118.497,1.444],[118.495,1.42],[118.53,1.386],[118.504,1.38],[118.48,1.393],[118.466,1.423],[118.481,1.43],[118.478,1.439],[118.466,1.44],[118.47,1.445],[118.458,1.461],[118.468,1.466]]],[[[117.873,1.972],[117.871,1.907],[117.86,1.894],[117.838,1.911],[117.827,1.95],[117.819,1.96],[117.831,1.954],[117.844,1.95],[117.873,1.972]]],[[[117.829,2.01],[117.863,1.967],[117.844,1.952],[117.825,1.958],[117.814,1.982],[117.809,1.984],[117.821,1.987],[117.829,2.01]]],[[[117.833,2.096],[117.906,2.057],[117.91,2.046],[117.885,2.041],[117.879,2.057],[117.864,2.037],[117.843,2.042],[117.804,2.026],[117.801,2.029],[117.807,2.047],[117.806,2.056],[117.813,2.059],[117.819,2.064],[117.824,2.072],[117.825,2.077],[117.823,2.079],[117.811,2.084],[117.813,2.09],[117.833,2.096]]],[[[117.775,2.098],[117.779,2.073],[117.775,2.074],[117.767,2.067],[117.763,2.072],[117.761,2.074],[117.758,2.073],[117.756,2.072],[117.755,2.067],[117.751,2.064],[117.752,2.057],[117.765,2.049],[117.771,2.053],[117.775,2.047],[117.784,2.051],[117.788,2.035],[117.802,2.038],[117.799,2.029],[117.764,2.025],[117.75,2.047],[117.734,2.053],[117.715,2.033],[117.706,2.051],[117.721,2.058],[117.722,2.064],[117.713,2.079],[117.74,2.086],[117.766,2.1],[117.775,2.098]]],[[[117.806,2.111],[117.828,2.106],[117.832,2.098],[117.812,2.091],[117.81,2.084],[117.824,2.075],[117.805,2.056],[117.802,2.042],[117.788,2.037],[117.786,2.05],[117.782,2.053],[117.776,2.049],[117.772,2.054],[117.768,2.055],[117.765,2.05],[117.752,2.064],[117.756,2.067],[117.757,2.071],[117.76,2.073],[117.767,2.067],[117.77,2.066],[117.78,2.073],[117.779,2.093],[117.806,2.111]]],[[[117.9,2.08],[117.86,2.089],[117.83,2.115],[117.852,2.13],[117.864,2.147],[117.881,2.14],[117.9,2.126],[117.898,2.105],[117.914,2.088],[117.9,2.08]]],[[[117.802,2.177],[117.803,2.122],[117.789,2.114],[117.781,2.121],[117.766,2.12],[117.772,2.104],[117.731,2.089],[117.729,2.137],[117.714,2.162],[117.74,2.17],[117.764,2.165],[117.782,2.183],[117.802,2.177]]],[[[117.87,2.158],[117.845,2.17],[117.839,2.18],[117.83,2.184],[117.829,2.192],[117.88,2.177],[117.884,2.162],[117.87,2.158]]],[[[117.879,2.154],[117.946,2.137],[117.957,2.122],[117.908,2.1],[117.901,2.128],[117.867,2.149],[117.859,2.145],[117.831,2.119],[117.812,2.123],[117.802,2.184],[117.813,2.193],[117.828,2.191],[117.829,2.185],[117.846,2.168],[117.879,2.154]]],[[[118.572,2.312],[118.599,2.28],[118.637,2.252],[118.621,2.255],[118.593,2.275],[118.569,2.305],[118.564,2.277],[118.572,2.248],[118.593,2.215],[118.606,2.21],[118.645,2.171],[118.597,2.196],[118.564,2.242],[118.563,2.302],[118.572,2.312]]],[[[117.988,2.435],[118.0,2.433],[117.998,2.414],[118.017,2.396],[118.021,2.36],[118.038,2.362],[118.04,2.378],[118.047,2.379],[118.066,2.358],[118.072,2.326],[118.082,2.314],[118.087,2.325],[118.095,2.311],[118.086,2.288],[118.097,2.291],[118.098,2.285],[118.076,2.259],[118.077,2.249],[118.021,2.198],[117.997,2.198],[117.945,2.181],[117.933,2.181],[117.907,2.211],[117.894,2.196],[117.819,2.202],[117.792,2.191],[117.745,2.193],[117.69,2.181],[117.69,2.17],[117.708,2.162],[117.724,2.137],[117.72,2.105],[117.727,2.085],[117.711,2.08],[117.718,2.06],[117.689,2.064],[117.702,2.036],[117.718,2.026],[117.738,2.045],[117.747,2.028],[117.77,2.012],[117.822,2.011],[117.821,1.988],[117.807,1.986],[117.821,1.966],[117.817,1.955],[117.826,1.949],[117.832,1.911],[117.865,1.872],[117.871,1.881],[117.89,1.873],[117.894,1.847],[117.911,1.821],[117.929,1.806],[117.97,1.79],[118.048,1.783],[118.067,1.762],[118.052,1.734],[118.126,1.641],[118.164,1.627],[118.177,1.609],[118.247,1.559],[118.385,1.497],[118.376,1.483],[118.407,1.487],[118.421,1.452],[118.417,1.442],[118.385,1.434],[118.389,1.423],[118.421,1.434],[118.429,1.426],[118.429,1.414],[118.413,1.401],[118.42,1.393],[118.433,1.399],[118.432,1.383],[118.442,1.376],[118.462,1.4],[118.47,1.394],[118.462,1.365],[118.468,1.379],[118.481,1.383],[118.49,1.377],[118.483,1.367],[118.487,1.361],[118.49,1.37],[118.517,1.375],[118.516,1.363],[118.548,1.358],[118.551,1.367],[118.564,1.364],[118.589,1.348],[118.606,1.322],[118.714,1.249],[118.765,1.2],[118.769,1.167],[118.732,1.154],[118.742,1.147],[118.773,1.149],[118.796,1.116],[118.83,1.098],[118.837,1.05],[118.853,1.047],[118.872,1.067],[118.946,1.058],[118.949,1.046],[118.924,1.036],[118.918,1.017],[118.88,1.004],[118.867,1.008],[118.856,0.985],[118.841,0.985],[118.831,0.995],[118.787,0.996],[118.786,1.023],[118.767,1.041],[118.771,1.052],[118.757,1.074],[118.764,1.089],[118.751,1.109],[118.699,1.122],[118.602,1.112],[118.589,1.126],[118.582,1.185],[118.567,1.181],[118.538,1.204],[118.517,1.238],[118.503,1.239],[118.513,1.281],[118.482,1.29],[118.417,1.283],[118.381,1.262],[118.364,1.282],[118.349,1.285],[118.31,1.178],[118.223,1.187],[118.188,1.17],[118.15,1.171],[118.086,1.159],[118.038,1.162],[117.995,1.201],[117.981,1.258],[117.977,1.252],[117.946,1.275],[117.908,1.323],[117.907,1.342],[117.873,1.361],[117.837,1.365],[117.85,1.387],[117.844,1.427],[117.85,1.42],[117.865,1.439],[117.854,1.445],[117.853,1.466],[117.832,1.487],[117.836,1.535],[117.826,1.547],[117.818,1.601],[117.792,1.612],[117.772,1.659],[117.725,1.695],[117.669,1.671],[117.664,1.63],[117.657,1.63],[117.643,1.593],[117.614,1.589],[117.603,1.596],[117.605,1.608],[117.587,1.603],[117.581,1.613],[117.564,1.598],[117.549,1.598],[117.528,1.536],[117.511,1.527],[117.51,1.51],[117.494,1.504],[117.485,1.504],[117.456,1.557],[117.443,1.555],[117.394,1.591],[117.386,1.585],[117.373,1.513],[117.334,1.488],[117.334,1.451],[117.304,1.438],[117.28,1.446],[117.275,1.422],[117.259,1.419],[117.241,1.382],[117.223,1.386],[117.214,1.409],[117.196,1.397],[117.189,1.379],[117.17,1.386],[117.136,1.382],[117.087,1.413],[117.071,1.409],[117.032,1.422],[117.017,1.406],[117.009,1.41],[116.979,1.472],[116.976,1.492],[116.984,1.52],[116.927,1.576],[116.926,1.605],[116.901,1.611],[116.907,1.637],[116.887,1.642],[116.898,1.67],[116.891,1.677],[116.883,1.669],[116.861,1.681],[116.856,1.674],[116.844,1.682],[116.843,1.691],[116.82,1.679],[116.779,1.692],[116.76,1.691],[116.762,1.683],[116.733,1.68],[116.699,1.665],[116.685,1.644],[116.659,1.643],[116.648,1.661],[116.631,1.665],[116.603,1.692],[116.544,1.696],[116.528,1.724],[116.513,1.723],[116.502,1.713],[116.46,1.725],[116.446,1.751],[116.451,1.759],[116.469,1.759],[116.488,1.782],[116.416,1.822],[116.386,1.788],[116.356,1.778],[116.35,1.779],[116.351,1.803],[116.328,1.817],[116.317,1.847],[116.294,1.866],[116.256,1.854],[116.24,1.862],[116.206,1.837],[116.184,1.841],[116.176,1.857],[116.175,1.903],[116.199,1.951],[116.195,1.986],[116.231,2.013],[116.235,2.035],[116.213,2.063],[116.223,2.098],[116.252,2.106],[116.286,2.103],[116.299,2.12],[116.315,2.115],[116.332,2.15],[116.347,2.162],[116.349,2.178],[116.34,2.19],[116.305,2.208],[116.29,2.236],[116.304,2.262],[116.335,2.291],[116.357,2.295],[116.402,2.298],[116.413,2.282],[116.429,2.289],[116.455,2.277],[116.472,2.286],[116.477,2.299],[116.467,2.325],[116.483,2.337],[116.492,2.332],[116.504,2.348],[116.498,2.356],[116.501,2.385],[116.487,2.397],[116.495,2.403],[116.491,2.446],[116.504,2.455],[116.525,2.448],[116.567,2.454],[116.567,2.437],[116.578,2.427],[116.628,2.415],[116.632,2.39],[116.64,2.39],[116.649,2.404],[116.658,2.385],[116.683,2.397],[116.718,2.384],[116.718,2.405],[116.734,2.412],[116.732,2.426],[116.751,2.436],[116.757,2.484],[116.795,2.51],[116.806,2.498],[116.845,2.519],[116.876,2.507],[116.888,2.477],[116.891,2.496],[116.924,2.505],[116.932,2.493],[116.961,2.477],[116.966,2.45],[116.982,2.433],[117.0,2.437],[117.024,2.46],[117.016,2.498],[117.028,2.506],[117.025,2.513],[117.049,2.548],[117.072,2.55],[117.098,2.536],[117.134,2.536],[117.158,2.556],[117.192,2.561],[117.196,2.568],[117.215,2.565],[117.222,2.555],[117.221,2.542],[117.206,2.545],[117.207,2.528],[117.197,2.525],[117.192,2.496],[117.23,2.487],[117.23,2.48],[117.27,2.483],[117.29,2.493],[117.283,2.504],[117.298,2.509],[117.308,2.534],[117.318,2.536],[117.33,2.526],[117.335,2.535],[117.364,2.539],[117.388,2.56],[117.398,2.56],[117.396,2.541],[117.412,2.504],[117.433,2.502],[117.442,2.519],[117.455,2.51],[117.46,2.48],[117.475,2.519],[117.471,2.531],[117.495,2.532],[117.499,2.522],[117.54,2.521],[117.572,2.502],[117.588,2.517],[117.613,2.52],[117.67,2.448],[117.688,2.406],[117.709,2.392],[117.721,2.346],[117.747,2.327],[117.761,2.335],[117.812,2.326],[117.824,2.348],[117.822,2.361],[117.864,2.393],[117.9,2.405],[117.918,2.394],[117.956,2.416],[117.959,2.427],[117.979,2.426],[117.988,2.435]]]]}},{"type":"Feature","properties":{"kode":"62.06","nama":"Katingan","prov":"Kalimantan Tengah","kota":false},"geometry":{"type":"MultiPolygon","coordinates":[[[[113.397,-3.249],[113.406,-3.27],[113.38,-3.298],[113.366,-3.302],[113.359,-3.279],[113.397,-3.249]]],[[[113.211,-0.506],[113.194,-0.508],[113.184,-0.526],[113.158,-0.545],[113.158,-0.559],[113.175,-0.591],[113.173,-0.602],[113.192,-0.614],[113.193,-0.628],[113.22,-0.66],[113.227,-0.685],[113.224,-0.704],[113.185,-0.744],[113.198,-0.784],[113.19,-0.802],[113.201,-0.835],[113.213,-0.852],[113.234,-0.863],[113.22,-0.893],[113.23,-0.942],[113.286,-1.064],[113.249,-1.108],[113.239,-1.154],[113.204,-1.168],[113.184,-1.216],[113.191,-1.242],[113.186,-1.252],[113.199,-1.284],[113.339,-1.48],[113.361,-1.525],[113.4,-1.541],[113.434,-1.577],[113.49,-1.618],[113.502,-1.645],[113.476,-1.681],[113.489,-1.786],[113.557,-1.903],[113.567,-1.908],[113.563,-1.917],[113.695,-2.087],[113.7,-2.157],[113.69,-2.243],[113.762,-2.402],[113.751,-2.522],[113.665,-2.618],[113.584,-2.738],[113.628,-2.811],[113.66,-2.914],[113.708,-2.963],[113.714,-3.022],[113.664,-3.054],[113.659,-3.074],[113.666,-3.085],[113.646,-3.088],[113.63,-3.143],[113.613,-3.143],[113.601,-3.167],[113.54,-3.162],[113.45,-3.19],[113.428,-3.236],[113.392,-3.248],[113.368,-3.271],[113.353,-3.268],[113.342,-3.28],[113.292,-3.212],[113.234,-3.152],[113.222,-3.084],[113.097,-2.797],[113.095,-2.675],[113.136,-2.608],[113.213,-2.451],[113.172,-2.323],[113.23,-2.165],[113.27,-2.024],[113.22,-1.991],[113.217,-1.976],[113.203,-1.976],[113.204,-1.952],[113.162,-1.922],[113.156,-1.9],[113.142,-1.899],[113.142,-1.846],[113.133,-1.845],[113.134,-1.815],[113.062,-1.813],[113.043,-1.797],[113.044,-1.779],[113.034,-1.779],[113.034,-1.766],[113.017,-1.766],[113.017,-1.75],[112.999,-1.749],[113.0,-1.716],[112.981,-1.716],[112.981,-1.706],[112.929,-1.705],[112.93,-1.641],[112.897,-1.64],[112.899,-1.594],[112.864,-1.592],[112.862,-1.525],[112.852,-1.524],[112.852,-1.514],[112.838,-1.505],[112.839,-1.424],[112.816,-1.424],[112.807,-1.41],[112.794,-1.407],[112.791,-1.393],[112.763,-1.39],[112.746,-1.378],[112.749,-1.333],[112.736,-1.322],[112.691,-1.306],[112.67,-1.272],[112.675,-1.256],[112.632,-1.208],[112.54,-1.193],[112.515,-1.199],[112.511,-1.208],[112.462,-1.198],[112.427,-1.206],[112.392,-1.24],[112.376,-1.231],[112.35,-1.232],[112.334,-1.246],[112.337,-1.258],[112.323,-1.275],[112.329,-1.291],[112.323,-1.3],[112.279,-1.304],[112.258,-1.321],[112.224,-1.317],[112.202,-1.303],[112.174,-1.313],[112.148,-1.303],[112.127,-1.313],[112.126,-1.233],[112.096,-1.211],[112.109,-1.201],[112.119,-1.14],[112.138,-1.128],[112.162,-1.087],[112.158,-1.039],[112.117,-1.045],[112.101,-1.016],[112.114,-0.989],[112.113,-0.93],[112.131,-0.9],[112.172,-0.866],[112.147,-0.83],[112.194,-0.765],[112.167,-0.692],[112.174,-0.684],[112.176,-0.643],[112.208,-0.63],[112.208,-0.618],[112.233,-0.613],[112.244,-0.63],[112.259,-0.631],[112.315,-0.723],[112.348,-0.704],[112.36,-0.715],[112.385,-0.714],[112.443,-0.672],[112.463,-0.669],[112.472,-0.686],[112.487,-0.692],[112.496,-0.684],[112.503,-0.7],[112.515,-0.7],[112.522,-0.692],[112.532,-0.698],[112.562,-0.695],[112.579,-0.681],[112.593,-0.69],[112.638,-0.657],[112.688,-0.659],[112.702,-0.639],[112.703,-0.621],[112.734,-0.631],[112.73,-0.587],[112.743,-0.573],[112.777,-0.574],[112.787,-0.586],[112.832,-0.578],[112.866,-0.548],[112.889,-0.539],[112.912,-0.54],[112.922,-0.533],[112.922,-0.523],[112.973,-0.512],[112.986,-0.497],[113.03,-0.502],[113.036,-0.496],[113.055,-0.514],[113.097,-0.489],[113.131,-0.452],[113.151,-0.478],[113.164,-0.477],[113.169,-0.489],[113.192,-0.503],[113.211,-0.506]]]]}},{"type":"Feature","properties":{"kode":"92.06","nama":"Teluk Bintuni","prov":"Papua Barat","kota":false},"geometry":{"type":"MultiPolygon","coordinates":[[[[133.4,-2.55],[133.418,-2.564],[133.419,-2.588],[133.433,-2.602],[133.43,-2.629],[133.417,-2.641],[133.408,-2.637],[133.401,-2.62],[133.413,-2.614],[133.401,-2.602],[133.392,-2.571],[133.393,-2.557],[133.4,-2.55]]],[[[133.538,-2.548],[133.569,-2.554],[133.558,-2.579],[133.567,-2.59],[133.543,-2.605],[133.533,-2.604],[133.519,-2.58],[133.52,-2.566],[133.538,-2.548]]],[[[133.405,-2.547],[133.427,-2.543],[133.443,-2.555],[133.452,-2.557],[133.458,-2.622],[133.454,-2.638],[133.434,-2.644],[133.434,-2.675],[133.428,-2.677],[133.424,-2.674],[133.421,-2.673],[133.419,-2.673],[133.417,-2.676],[133.416,-2.681],[133.419,-2.686],[133.411,-2.694],[133.399,-2.686],[133.407,-2.64],[133.42,-2.642],[133.432,-2.629],[133.434,-2.623],[133.435,-2.6],[133.42,-2.583],[133.418,-2.559],[133.405,-2.547]]],[[[133.704,-2.55],[133.742,-2.562],[133.753,-2.557],[133.777,-2.587],[133.796,-2.648],[133.768,-2.661],[133.758,-2.672],[133.744,-2.664],[133.755,-2.657],[133.758,-2.631],[133.752,-2.62],[133.726,-2.62],[133.693,-2.608],[133.702,-2.575],[133.694,-2.538],[133.704,-2.55]]],[[[133.764,-2.512],[133.785,-2.516],[133.802,-2.547],[133.805,-2.621],[133.798,-2.633],[133.786,-2.589],[133.761,-2.549],[133.764,-2.512]]],[[[133.474,-2.502],[133.515,-2.588],[133.497,-2.605],[133.514,-2.621],[133.513,-2.629],[133.495,-2.643],[133.476,-2.638],[133.464,-2.621],[133.47,-2.567],[133.462,-2.515],[133.474,-2.502]]],[[[133.445,-2.502],[133.451,-2.556],[133.425,-2.542],[133.413,-2.541],[133.403,-2.544],[133.423,-2.504],[133.445,-2.502]]],[[[133.694,-2.499],[133.735,-2.505],[133.751,-2.555],[133.745,-2.56],[133.705,-2.547],[133.692,-2.507],[133.694,-2.499]]],[[[133.325,-2.424],[133.361,-2.448],[133.37,-2.496],[133.337,-2.472],[133.315,-2.44],[133.325,-2.424]]],[[[133.491,-2.414],[133.549,-2.448],[133.56,-2.444],[133.601,-2.459],[133.615,-2.502],[133.587,-2.522],[133.521,-2.483],[133.484,-2.43],[133.491,-2.414]]],[[[133.828,-2.409],[133.842,-2.414],[133.87,-2.455],[133.865,-2.464],[133.867,-2.468],[133.863,-2.47],[133.838,-2.45],[133.823,-2.443],[133.816,-2.448],[133.808,-2.467],[133.763,-2.48],[133.75,-2.474],[133.729,-2.441],[133.738,-2.424],[133.828,-2.409]]],[[[133.863,-2.385],[133.939,-2.395],[133.946,-2.431],[133.955,-2.437],[133.969,-2.437],[133.984,-2.448],[133.973,-2.476],[133.966,-2.468],[133.954,-2.465],[133.899,-2.476],[133.839,-2.395],[133.863,-2.385]]],[[[133.896,-2.334],[133.946,-2.329],[133.956,-2.35],[133.971,-2.353],[133.987,-2.368],[133.985,-2.39],[133.976,-2.387],[133.968,-2.386],[133.963,-2.387],[133.949,-2.395],[133.867,-2.372],[133.825,-2.375],[133.824,-2.369],[133.896,-2.334]]],[[[133.902,-2.268],[133.925,-2.276],[133.922,-2.3],[133.867,-2.291],[133.873,-2.278],[133.902,-2.268]]],[[[133.896,-2.228],[133.921,-2.252],[133.93,-2.256],[133.928,-2.268],[133.915,-2.271],[133.894,-2.263],[133.884,-2.246],[133.896,-2.228]]],[[[133.998,-2.242],[133.983,-2.278],[133.99,-2.299],[133.965,-2.306],[133.946,-2.323],[133.895,-2.327],[133.854,-2.342],[133.823,-2.332],[133.831,-2.318],[133.863,-2.307],[133.926,-2.306],[133.957,-2.233],[133.98,-2.242],[133.987,-2.228],[133.998,-2.242]]],[[[133.82,-2.222],[133.842,-2.232],[133.835,-2.24],[133.825,-2.24],[133.818,-2.243],[133.809,-2.236],[133.806,-2.239],[133.808,-2.248],[133.803,-2.251],[133.793,-2.279],[133.772,-2.27],[133.763,-2.246],[133.77,-2.233],[133.794,-2.223],[133.81,-2.231],[133.82,-2.222]]],[[[133.753,-2.215],[133.75,-2.247],[133.72,-2.245],[133.677,-2.264],[133.676,-2.256],[133.753,-2.215]]],[[[133.844,-2.202],[133.864,-2.21],[133.862,-2.216],[133.862,-2.224],[133.865,-2.229],[133.848,-2.237],[133.845,-2.244],[133.842,-2.287],[133.817,-2.291],[133.799,-2.283],[133.806,-2.266],[133.809,-2.248],[133.807,-2.242],[133.809,-2.238],[133.817,-2.244],[133.835,-2.241],[133.842,-2.231],[133.829,-2.225],[133.831,-2.215],[133.844,-2.202]]],[[[133.906,-2.193],[133.934,-2.192],[133.932,-2.257],[133.897,-2.226],[133.904,-2.214],[133.906,-2.193]]],[[[133.895,-2.186],[133.904,-2.194],[133.902,-2.215],[133.882,-2.24],[133.889,-2.265],[133.849,-2.284],[133.847,-2.243],[133.868,-2.228],[133.863,-2.22],[133.868,-2.212],[133.861,-2.204],[133.895,-2.186]]],[[[133.722,-2.176],[133.766,-2.177],[133.748,-2.204],[133.689,-2.24],[133.673,-2.228],[133.675,-2.221],[133.708,-2.205],[133.722,-2.176]]],[[[133.834,-2.147],[133.854,-2.15],[133.835,-2.161],[133.841,-2.189],[133.776,-2.195],[133.782,-2.176],[133.834,-2.147]]],[[[133.881,-2.144],[133.939,-2.138],[133.93,-2.161],[133.886,-2.175],[133.871,-2.162],[133.881,-2.144]]],[[[133.848,-2.1],[133.873,-2.112],[133.87,-2.14],[133.836,-2.131],[133.848,-2.1]]],[[[133.225,-1.254],[133.276,-1.256],[133.303,-1.282],[133.323,-1.283],[133.339,-1.299],[133.419,-1.332],[133.474,-1.337],[133.475,-1.378],[133.462,-1.395],[133.469,-1.414],[133.463,-1.425],[133.464,-1.471],[133.488,-1.5],[133.508,-1.507],[133.556,-1.497],[133.575,-1.513],[133.655,-1.494],[133.672,-1.459],[133.675,-1.396],[133.685,-1.39],[133.698,-1.409],[133.702,-1.447],[133.693,-1.484],[133.672,-1.51],[133.683,-1.529],[133.7,-1.534],[133.697,-1.552],[133.722,-1.59],[133.716,-1.592],[133.716,-1.609],[133.696,-1.618],[133.662,-1.613],[133.652,-1.619],[133.656,-1.628],[133.711,-1.621],[133.732,-1.633],[133.756,-1.622],[133.778,-1.634],[133.769,-1.655],[133.775,-1.667],[133.802,-1.659],[133.814,-1.672],[133.854,-1.684],[133.855,-1.694],[133.889,-1.713],[133.892,-1.753],[133.9,-1.752],[133.907,-1.762],[133.907,-1.783],[133.918,-1.798],[133.918,-1.808],[133.883,-1.827],[133.883,-1.845],[133.919,-1.852],[133.927,-1.842],[133.938,-1.849],[133.987,-1.833],[134.033,-1.854],[134.04,-1.872],[134.035,-1.875],[134.043,-1.888],[134.054,-1.889],[134.064,-2.024],[134.057,-2.041],[134.066,-2.058],[134.069,-2.093],[134.084,-2.112],[134.077,-2.196],[134.082,-2.218],[134.092,-2.221],[134.089,-2.265],[134.104,-2.308],[134.104,-2.417],[134.119,-2.442],[134.124,-2.484],[134.139,-2.5],[134.158,-2.5],[134.166,-2.508],[134.171,-2.534],[134.178,-2.536],[134.191,-2.571],[134.202,-2.579],[134.226,-2.579],[134.245,-2.607],[134.264,-2.613],[134.248,-2.648],[134.267,-2.681],[134.259,-2.688],[134.258,-2.708],[134.274,-2.745],[134.29,-2.747],[134.314,-2.769],[134.308,-2.798],[134.324,-2.852],[134.317,-2.865],[134.33,-2.886],[134.325,-2.909],[134.359,-2.95],[134.348,-2.974],[134.332,-2.987],[134.335,-3.012],[134.312,-3.04],[134.314,-3.05],[134.307,-3.059],[134.284,-3.065],[134.288,-3.111],[134.263,-3.128],[134.256,-3.119],[134.229,-3.119],[134.223,-3.088],[134.204,-3.078],[134.19,-3.011],[134.167,-3.018],[134.163,-3.009],[134.154,-3.009],[134.141,-3.016],[134.117,-2.952],[134.1,-2.936],[134.064,-2.928],[134.024,-2.828],[134.035,-2.821],[134.034,-2.814],[134.022,-2.814],[134.002,-2.787],[133.983,-2.791],[133.97,-2.812],[133.988,-2.851],[133.961,-2.865],[133.935,-2.843],[133.929,-2.817],[133.897,-2.802],[133.88,-2.812],[133.868,-2.809],[133.868,-2.794],[133.86,-2.788],[133.843,-2.789],[133.824,-2.804],[133.81,-2.807],[133.798,-2.793],[133.782,-2.807],[133.735,-2.812],[133.734,-2.822],[133.724,-2.821],[133.722,-2.85],[133.731,-2.884],[133.712,-2.915],[133.686,-2.92],[133.681,-2.932],[133.659,-2.937],[133.646,-2.966],[133.615,-2.966],[133.605,-2.973],[133.584,-3.01],[133.59,-3.024],[133.57,-3.042],[133.571,-3.063],[133.51,-3.067],[133.498,-3.081],[133.487,-3.06],[133.492,-3.046],[133.484,-3.038],[133.433,-3.021],[133.416,-3.025],[133.399,-2.991],[133.374,-2.974],[133.344,-2.993],[133.316,-2.994],[133.3,-2.985],[133.28,-2.992],[133.253,-2.979],[133.247,-2.962],[133.204,-2.938],[133.167,-2.93],[133.163,-2.925],[133.191,-2.901],[133.221,-2.853],[133.219,-2.841],[133.199,-2.831],[133.212,-2.8],[133.155,-2.775],[133.136,-2.747],[133.079,-2.731],[133.056,-2.717],[133.046,-2.701],[133.049,-2.691],[133.08,-2.685],[133.084,-2.672],[133.063,-2.631],[133.023,-2.623],[133.017,-2.595],[132.985,-2.578],[133.04,-2.499],[133.082,-2.465],[133.099,-2.461],[133.132,-2.435],[133.194,-2.429],[133.217,-2.412],[133.275,-2.428],[133.302,-2.443],[133.309,-2.459],[133.308,-2.511],[133.291,-2.509],[133.3,-2.517],[133.314,-2.511],[133.326,-2.469],[133.36,-2.503],[133.374,-2.507],[133.381,-2.528],[133.374,-2.623],[133.38,-2.656],[133.4,-2.692],[133.412,-2.695],[133.42,-2.686],[133.42,-2.673],[133.43,-2.677],[133.439,-2.675],[133.437,-2.646],[133.451,-2.645],[133.463,-2.632],[133.475,-2.641],[133.496,-2.646],[133.504,-2.639],[133.511,-2.646],[133.529,-2.642],[133.535,-2.61],[133.564,-2.608],[133.562,-2.598],[133.57,-2.59],[133.562,-2.575],[133.605,-2.544],[133.634,-2.532],[133.671,-2.561],[133.662,-2.658],[133.673,-2.663],[133.69,-2.616],[133.732,-2.625],[133.75,-2.622],[133.751,-2.656],[133.74,-2.663],[133.748,-2.673],[133.758,-2.675],[133.788,-2.659],[133.805,-2.647],[133.799,-2.636],[133.808,-2.62],[133.811,-2.577],[133.806,-2.536],[133.784,-2.49],[133.818,-2.461],[133.821,-2.446],[133.839,-2.452],[133.853,-2.472],[133.867,-2.47],[133.872,-2.456],[133.907,-2.482],[133.958,-2.467],[133.976,-2.479],[133.986,-2.452],[133.984,-2.445],[133.967,-2.434],[133.955,-2.435],[133.947,-2.423],[133.949,-2.396],[133.968,-2.387],[133.983,-2.391],[133.988,-2.389],[133.987,-2.366],[133.972,-2.351],[133.96,-2.351],[133.949,-2.325],[133.97,-2.305],[133.992,-2.3],[133.985,-2.281],[134.0,-2.249],[134.0,-2.241],[133.987,-2.225],[133.978,-2.239],[133.954,-2.229],[133.942,-2.232],[133.941,-2.138],[133.961,-2.124],[133.969,-2.109],[133.967,-2.094],[133.95,-2.092],[133.956,-2.087],[133.948,-2.082],[133.948,-2.059],[133.937,-2.062],[133.943,-2.082],[133.921,-2.088],[133.906,-2.104],[133.874,-2.108],[133.841,-2.096],[133.821,-2.134],[133.773,-2.15],[133.771,-2.16],[133.753,-2.169],[133.719,-2.162],[133.694,-2.198],[133.666,-2.197],[133.644,-2.22],[133.62,-2.231],[133.608,-2.215],[133.592,-2.226],[133.566,-2.212],[133.546,-2.227],[133.519,-2.235],[133.5,-2.226],[133.423,-2.229],[133.404,-2.208],[133.383,-2.211],[133.37,-2.203],[133.368,-2.209],[133.322,-2.219],[133.287,-2.208],[133.273,-2.195],[133.246,-2.2],[133.224,-2.215],[133.214,-2.201],[133.179,-2.194],[133.137,-2.205],[133.115,-2.228],[133.025,-2.241],[132.998,-2.272],[132.96,-2.291],[132.945,-2.263],[132.94,-2.277],[132.901,-2.281],[132.882,-2.273],[132.869,-2.253],[132.839,-2.243],[132.768,-2.255],[132.734,-2.272],[132.711,-2.299],[132.676,-2.293],[132.657,-2.28],[132.65,-2.289],[132.641,-2.286],[132.626,-2.267],[132.599,-2.194],[132.606,-2.18],[132.62,-2.177],[132.637,-2.148],[132.638,-2.091],[132.65,-2.09],[132.666,-2.109],[132.671,-2.099],[132.68,-2.101],[132.672,-2.092],[132.687,-2.095],[132.696,-2.084],[132.681,-2.079],[132.694,-2.071],[132.681,-2.042],[132.654,-2.033],[132.667,-2.016],[132.643,-2.021],[132.645,-2.0],[132.631,-1.997],[132.635,-1.985],[132.614,-1.987],[132.637,-1.969],[132.651,-1.976],[132.656,-1.962],[132.639,-1.942],[132.646,-1.922],[132.634,-1.923],[132.617,-1.91],[132.637,-1.907],[132.622,-1.876],[132.645,-1.88],[132.673,-1.872],[132.692,-1.883],[132.733,-1.877],[132.728,-1.859],[132.738,-1.857],[132.743,-1.847],[132.74,-1.819],[132.747,-1.814],[132.765,-1.73],[132.772,-1.726],[132.77,-1.682],[132.776,-1.673],[132.77,-1.654],[132.774,-1.623],[132.786,-1.605],[132.787,-1.574],[132.801,-1.564],[132.824,-1.563],[132.849,-1.503],[132.857,-1.503],[132.854,-1.48],[132.864,-1.464],[132.854,-1.45],[132.887,-1.422],[132.884,-1.411],[132.904,-1.399],[132.899,-1.378],[132.909,-1.363],[132.897,-1.321],[132.907,-1.307],[132.905,-1.294],[132.916,-1.287],[132.935,-1.294],[132.963,-1.327],[132.959,-1.336],[132.974,-1.335],[133.007,-1.357],[133.037,-1.339],[133.044,-1.314],[133.059,-1.313],[133.066,-1.321],[133.085,-1.293],[133.115,-1.291],[133.154,-1.251],[133.17,-1.253],[133.197,-1.241],[133.225,-1.254]]]]}},{"type":"Feature","properties":{"kode":"94.04","nama":"Mimika","prov":"Papua Tengah","kota":false},"geometry":{"type":"Polygon","coordinates":[[[136.003,-4.281],[136.034,-4.294],[136.04,-4.329],[136.031,-4.364],[136.008,-4.371],[136.024,-4.392],[136.078,-4.403],[136.091,-4.389],[136.13,-4.378],[136.153,-4.343],[136.204,-4.359],[136.237,-4.34],[136.25,-4.342],[136.252,-4.329],[136.306,-4.329],[136.316,-4.346],[136.403,-4.335],[136.426,-4.32],[136.423,-4.292],[136.433,-4.286],[136.42,-4.238],[136.445,-4.217],[136.491,-4.254],[136.509,-4.253],[136.524,-4.271],[136.527,-4.29],[136.561,-4.234],[136.538,-4.206],[136.643,-4.21],[136.658,-4.249],[136.656,-4.269],[136.62,-4.335],[136.602,-4.36],[136.583,-4.364],[136.582,-4.373],[136.597,-4.381],[136.6,-4.394],[136.653,-4.378],[136.668,-4.398],[136.686,-4.402],[136.715,-4.386],[136.739,-4.311],[136.785,-4.314],[136.797,-4.306],[136.803,-4.285],[136.788,-4.244],[136.829,-4.232],[136.846,-4.209],[136.86,-4.21],[136.875,-4.184],[136.89,-4.178],[136.907,-4.182],[136.927,-4.17],[136.929,-4.137],[136.923,-4.128],[136.935,-4.121],[136.962,-4.125],[136.989,-4.119],[136.999,-4.133],[137.009,-4.13],[137.019,-4.112],[137.011,-4.078],[137.028,-4.077],[137.036,-4.045],[137.074,-4.055],[137.082,-4.039],[137.095,-4.032],[137.105,-4.037],[137.114,-4.029],[137.124,-4.04],[137.151,-4.038],[137.163,-4.064],[137.184,-4.075],[137.188,-4.06],[137.198,-4.057],[137.213,-4.066],[137.234,-4.057],[137.267,-4.07],[137.282,-4.054],[137.325,-4.072],[137.406,-4.074],[137.423,-4.093],[137.488,-4.12],[137.512,-4.144],[137.56,-4.148],[137.564,-4.167],[137.58,-4.182],[137.578,-4.192],[137.617,-4.187],[137.63,-4.199],[137.661,-4.203],[137.713,-4.191],[137.727,-4.199],[137.734,-4.219],[137.75,-4.212],[137.805,-4.222],[137.825,-4.234],[137.833,-4.212],[137.851,-4.205],[137.865,-4.229],[137.866,-4.276],[137.895,-4.267],[137.902,-4.215],[137.971,-4.222],[137.933,-4.425],[137.865,-4.424],[137.835,-4.486],[137.842,-4.493],[137.827,-4.536],[137.87,-4.567],[137.922,-4.592],[137.925,-4.601],[137.828,-4.597],[137.808,-4.619],[137.827,-4.646],[137.77,-4.648],[137.785,-4.685],[137.81,-4.69],[137.806,-4.701],[137.816,-4.696],[137.829,-4.705],[137.838,-4.724],[137.892,-4.752],[137.897,-4.78],[137.865,-4.864],[137.827,-4.898],[137.848,-4.926],[137.844,-4.943],[137.824,-4.963],[137.825,-4.982],[137.807,-5.0],[137.819,-5.006],[137.819,-5.026],[137.786,-5.028],[137.747,-5.005],[137.774,-5.062],[137.761,-5.075],[137.759,-5.088],[137.737,-5.087],[137.735,-5.111],[137.717,-5.111],[137.718,-5.121],[137.745,-5.139],[137.707,-5.15],[137.702,-5.18],[137.687,-5.193],[137.678,-5.218],[137.655,-5.208],[137.636,-5.213],[137.57,-5.183],[137.552,-5.169],[137.559,-5.148],[137.548,-5.137],[137.52,-5.135],[137.496,-5.145],[137.449,-5.099],[137.439,-5.1],[137.435,-5.115],[137.418,-5.122],[137.416,-5.113],[137.398,-5.108],[137.369,-5.087],[137.34,-5.056],[137.333,-5.034],[137.307,-5.012],[137.296,-5.011],[137.284,-5.025],[137.247,-5.003],[137.238,-4.987],[137.212,-4.978],[137.185,-5.008],[137.175,-5.005],[137.166,-4.986],[137.126,-4.96],[137.115,-4.96],[137.109,-4.973],[137.094,-4.975],[137.06,-4.935],[137.029,-4.917],[137.007,-4.936],[136.978,-4.939],[136.932,-4.902],[136.925,-4.886],[136.9,-4.881],[136.832,-4.914],[136.797,-4.894],[136.789,-4.878],[136.808,-4.834],[136.847,-4.834],[136.845,-4.829],[136.817,-4.822],[136.788,-4.832],[136.768,-4.814],[136.754,-4.87],[136.736,-4.87],[136.699,-4.844],[136.678,-4.847],[136.643,-4.822],[136.631,-4.826],[136.573,-4.801],[136.566,-4.782],[136.547,-4.791],[136.535,-4.785],[136.535,-4.773],[136.519,-4.77],[136.484,-4.741],[136.462,-4.739],[136.455,-4.723],[136.447,-4.742],[136.436,-4.733],[136.446,-4.718],[136.424,-4.721],[136.416,-4.716],[136.415,-4.7],[136.397,-4.703],[136.365,-4.679],[136.326,-4.667],[136.323,-4.655],[136.308,-4.66],[136.299,-4.675],[136.288,-4.665],[136.236,-4.663],[136.224,-4.65],[136.2,-4.651],[136.143,-4.631],[136.133,-4.623],[136.137,-4.614],[136.13,-4.608],[136.114,-4.622],[136.108,-4.62],[136.076,-4.591],[136.077,-4.583],[136.061,-4.59],[136.037,-4.577],[135.986,-4.535],[135.955,-4.525],[135.949,-4.507],[135.928,-4.493],[135.791,-4.484],[135.752,-4.486],[135.721,-4.497],[135.6,-4.473],[135.514,-4.447],[135.417,-4.436],[135.402,-4.427],[135.347,-4.432],[135.337,-4.445],[135.304,-4.443],[135.202,-4.465],[135.116,-4.408],[135.1,-4.408],[135.062,-4.386],[135.07,-4.378],[135.04,-4.376],[135.012,-4.337],[134.991,-4.333],[134.944,-4.295],[134.937,-4.3],[134.916,-4.27],[134.886,-4.253],[134.914,-4.227],[134.936,-4.227],[134.934,-4.207],[134.949,-4.202],[134.963,-4.168],[134.957,-4.156],[134.975,-4.136],[134.99,-4.136],[135.013,-4.08],[135.04,-4.068],[135.043,-4.049],[135.054,-4.05],[135.043,-4.045],[135.054,-4.027],[135.037,-4.019],[135.03,-4.006],[135.048,-4.003],[135.052,-3.991],[135.058,-3.997],[135.065,-3.986],[135.087,-4.001],[135.106,-3.998],[135.115,-4.011],[135.149,-4.016],[135.149,-4.051],[135.126,-4.06],[135.088,-4.051],[135.084,-4.057],[135.09,-4.082],[135.098,-4.084],[135.148,-4.077],[135.151,-4.089],[135.12,-4.12],[135.12,-4.131],[135.138,-4.139],[135.127,-4.164],[135.184,-4.195],[135.198,-4.176],[135.221,-4.172],[135.246,-4.179],[135.276,-4.167],[135.302,-4.19],[135.305,-4.205],[135.328,-4.193],[135.345,-4.201],[135.353,-4.193],[135.366,-4.197],[135.394,-4.217],[135.395,-4.231],[135.416,-4.244],[135.459,-4.251],[135.477,-4.243],[135.486,-4.215],[135.503,-4.203],[135.581,-4.218],[135.599,-4.206],[135.619,-4.233],[135.637,-4.215],[135.671,-4.203],[135.675,-4.194],[135.686,-4.198],[135.697,-4.231],[135.709,-4.242],[135.71,-4.266],[135.722,-4.261],[135.756,-4.282],[135.805,-4.283],[135.821,-4.298],[135.903,-4.281],[136.003,-4.281]]]}},{"type":"Feature","properties":{"kode":"64.11","nama":"Mahakam Ulu","prov":"Kalimantan Timur","kota":false},"geometry":{"type":"Polygon","coordinates":[[[114.562,1.434],[114.577,1.412],[114.572,1.389],[114.609,1.39],[114.617,1.363],[114.648,1.355],[114.658,1.359],[114.675,1.352],[114.69,1.36],[114.705,1.351],[114.699,1.341],[114.713,1.335],[114.722,1.313],[114.741,1.318],[114.745,1.327],[114.76,1.326],[114.765,1.345],[114.796,1.367],[114.802,1.383],[114.844,1.403],[114.867,1.404],[114.879,1.418],[114.902,1.419],[114.909,1.403],[114.929,1.402],[114.954,1.373],[114.988,1.354],[115.017,1.348],[115.031,1.308],[115.046,1.293],[115.045,1.268],[115.078,1.268],[115.094,1.256],[115.1,1.244],[115.094,1.212],[115.099,1.199],[115.117,1.188],[115.182,1.197],[115.21,1.177],[115.232,1.173],[115.251,1.179],[115.274,1.161],[115.278,1.136],[115.368,1.114],[115.381,1.118],[115.402,1.147],[115.418,1.152],[115.421,1.14],[115.409,1.135],[115.402,1.111],[115.378,1.101],[115.371,1.07],[115.325,1.054],[115.3,1.061],[115.283,1.039],[115.254,1.022],[115.25,0.998],[115.255,0.991],[115.232,0.962],[115.261,0.945],[115.267,0.915],[115.308,0.896],[115.291,0.876],[115.291,0.86],[115.278,0.837],[115.283,0.813],[115.296,0.811],[115.319,0.828],[115.344,0.813],[115.382,0.809],[115.377,0.792],[115.389,0.784],[115.392,0.771],[115.405,0.784],[115.43,0.774],[115.449,0.777],[115.492,0.766],[115.519,0.748],[115.529,0.729],[115.547,0.721],[115.555,0.702],[115.57,0.693],[115.569,0.682],[115.595,0.636],[115.608,0.634],[115.629,0.615],[115.637,0.625],[115.652,0.62],[115.647,0.605],[115.673,0.58],[115.662,0.567],[115.641,0.563],[115.649,0.539],[115.701,0.543],[115.709,0.519],[115.724,0.512],[115.734,0.519],[115.742,0.493],[115.754,0.485],[115.748,0.442],[115.768,0.405],[115.715,0.384],[115.673,0.344],[115.683,0.33],[115.67,0.314],[115.683,0.302],[115.684,0.283],[115.711,0.278],[115.714,0.271],[115.714,0.215],[115.694,0.201],[115.677,0.162],[115.66,0.156],[115.656,0.163],[115.607,0.141],[115.581,0.145],[115.557,0.097],[115.543,0.083],[115.524,0.08],[115.511,0.063],[115.461,0.064],[115.461,0.053],[115.438,0.062],[115.41,0.052],[115.396,0.058],[115.336,-0.002],[115.316,-0.003],[115.314,-0.02],[115.291,-0.036],[115.292,-0.05],[115.262,-0.048],[115.24,-0.057],[115.227,-0.073],[115.183,-0.082],[115.183,-0.093],[115.176,-0.096],[115.166,-0.087],[115.146,-0.121],[115.15,-0.139],[115.136,-0.143],[115.126,-0.136],[115.12,-0.149],[115.105,-0.145],[115.089,-0.154],[115.067,-0.149],[115.051,-0.16],[115.055,-0.174],[115.041,-0.204],[115.028,-0.202],[115.02,-0.214],[115.035,-0.225],[115.039,-0.24],[114.996,-0.273],[114.971,-0.273],[114.954,-0.245],[114.92,-0.233],[114.924,-0.217],[114.917,-0.204],[114.929,-0.165],[114.916,-0.134],[114.921,-0.1],[114.908,-0.092],[114.91,-0.061],[114.898,-0.032],[114.874,-0.016],[114.837,-0.046],[114.824,-0.036],[114.811,-0.007],[114.796,0.001],[114.795,0.011],[114.746,0.035],[114.737,0.031],[114.709,0.074],[114.708,0.085],[114.725,0.079],[114.749,0.097],[114.749,0.11],[114.771,0.12],[114.758,0.135],[114.763,0.146],[114.83,0.192],[114.832,0.217],[114.82,0.237],[114.845,0.243],[114.858,0.27],[114.884,0.279],[114.885,0.297],[114.903,0.318],[114.942,0.333],[114.95,0.332],[114.954,0.32],[114.99,0.335],[115.002,0.328],[115.023,0.33],[115.04,0.298],[115.046,0.298],[115.065,0.325],[115.129,0.374],[115.137,0.425],[115.118,0.445],[115.109,0.442],[115.091,0.453],[115.078,0.471],[115.092,0.48],[115.013,0.599],[114.986,0.732],[114.943,0.773],[114.924,0.772],[114.914,0.79],[114.907,0.789],[114.911,0.77],[114.87,0.741],[114.853,0.74],[114.832,0.755],[114.794,0.741],[114.787,0.73],[114.761,0.732],[114.716,0.701],[114.69,0.708],[114.66,0.702],[114.652,0.675],[114.639,0.671],[114.638,0.661],[114.598,0.632],[114.567,0.625],[114.546,0.631],[114.541,0.62],[114.546,0.585],[114.525,0.563],[114.489,0.57],[114.463,0.565],[114.461,0.557],[114.43,0.542],[114.377,0.56],[114.359,0.548],[114.364,0.53],[114.292,0.537],[114.267,0.528],[114.255,0.532],[114.244,0.523],[114.203,0.54],[114.195,0.582],[114.147,0.586],[114.147,0.595],[114.177,0.61],[114.178,0.637],[114.164,0.648],[114.158,0.678],[114.123,0.695],[114.091,0.698],[114.081,0.689],[114.069,0.69],[114.069,0.683],[114.046,0.668],[114.027,0.67],[114.004,0.641],[113.975,0.661],[113.962,0.648],[113.942,0.653],[113.921,0.644],[113.871,0.651],[113.842,0.658],[113.834,0.674],[113.839,0.695],[113.869,0.7],[113.88,0.72],[113.895,0.726],[113.9,0.752],[113.885,0.759],[113.874,0.776],[113.91,0.812],[113.927,0.841],[113.872,0.889],[113.878,0.901],[113.872,0.915],[113.913,0.973],[113.915,1.002],[113.893,1.02],[113.89,1.048],[113.901,1.06],[113.948,1.06],[113.963,1.089],[113.964,1.113],[113.981,1.12],[113.985,1.137],[113.996,1.143],[114.016,1.136],[114.038,1.145],[114.051,1.128],[114.083,1.148],[114.087,1.158],[114.109,1.144],[114.122,1.148],[114.135,1.184],[114.15,1.199],[114.136,1.219],[114.15,1.25],[114.171,1.264],[114.162,1.286],[114.149,1.292],[114.163,1.309],[114.155,1.374],[114.178,1.395],[114.197,1.397],[114.206,1.41],[114.223,1.417],[114.238,1.448],[114.28,1.452],[114.337,1.486],[114.379,1.493],[114.387,1.519],[114.405,1.523],[114.475,1.474],[114.512,1.462],[114.526,1.443],[114.562,1.434]]]}},{"type":"Feature","properties":{"kode":"16.02","nama":"Ogan Komering Ilir","prov":"Sumatera Selatan","kota":false},"geometry":{"type":"Polygon","coordinates":[[[105.821,-4.157],[105.809,-4.124],[105.777,-4.112],[105.77,-4.113],[105.767,-4.135],[105.743,-4.144],[105.73,-4.132],[105.706,-4.138],[105.699,-4.133],[105.709,-4.102],[105.684,-4.096],[105.682,-4.075],[105.673,-4.076],[105.667,-4.089],[105.657,-4.091],[105.649,-4.081],[105.646,-4.063],[105.66,-4.057],[105.662,-4.047],[105.642,-4.049],[105.625,-4.039],[105.62,-4.056],[105.609,-4.057],[105.605,-4.048],[105.63,-4.006],[105.611,-3.965],[105.59,-3.954],[105.609,-3.936],[105.599,-3.924],[105.582,-3.937],[105.562,-3.928],[105.573,-3.899],[105.549,-3.882],[105.532,-3.896],[105.524,-3.893],[105.513,-3.871],[105.526,-3.849],[105.524,-3.841],[105.495,-3.842],[105.482,-3.823],[105.433,-3.826],[105.433,-3.784],[105.391,-3.778],[105.368,-3.797],[105.355,-3.794],[105.351,-3.753],[105.332,-3.724],[105.319,-3.733],[105.305,-3.791],[105.284,-3.801],[105.282,-3.823],[105.292,-3.849],[105.274,-3.88],[105.245,-3.906],[105.228,-3.889],[105.206,-3.891],[105.18,-3.905],[105.165,-3.938],[105.139,-3.936],[105.143,-3.965],[105.135,-3.988],[105.108,-4.009],[105.105,-4.025],[105.121,-4.034],[105.119,-4.048],[105.095,-4.046],[105.08,-4.082],[105.061,-4.097],[105.066,-4.12],[105.05,-4.141],[105.036,-4.14],[105.022,-4.166],[105.003,-4.177],[104.967,-4.172],[104.953,-4.178],[104.946,-4.192],[104.906,-4.201],[104.903,-4.21],[104.876,-4.221],[104.876,-4.234],[104.815,-4.242],[104.793,-4.267],[104.774,-4.25],[104.748,-4.248],[104.746,-4.223],[104.758,-4.215],[104.777,-4.174],[104.785,-4.171],[104.79,-4.127],[104.805,-4.111],[104.834,-4.101],[104.828,-4.064],[104.846,-4.054],[104.853,-4.036],[104.873,-4.021],[104.911,-4.006],[104.93,-3.949],[104.9,-3.942],[104.866,-3.958],[104.855,-3.952],[104.897,-3.926],[104.887,-3.91],[104.849,-3.911],[104.861,-3.874],[104.877,-3.861],[104.872,-3.838],[104.877,-3.811],[104.835,-3.748],[104.8,-3.757],[104.802,-3.735],[104.777,-3.729],[104.773,-3.709],[104.76,-3.705],[104.753,-3.686],[104.722,-3.679],[104.695,-3.656],[104.706,-3.622],[104.7,-3.618],[104.687,-3.637],[104.675,-3.632],[104.677,-3.626],[104.668,-3.627],[104.668,-3.634],[104.654,-3.628],[104.652,-3.635],[104.661,-3.634],[104.66,-3.65],[104.632,-3.615],[104.635,-3.591],[104.648,-3.579],[104.64,-3.572],[104.649,-3.561],[104.649,-3.529],[104.659,-3.517],[104.661,-3.497],[104.701,-3.467],[104.726,-3.466],[104.739,-3.487],[104.751,-3.487],[104.768,-3.461],[104.785,-3.467],[104.816,-3.451],[104.815,-3.421],[104.806,-3.412],[104.826,-3.319],[104.809,-3.273],[104.799,-3.273],[104.802,-3.268],[104.787,-3.249],[104.791,-3.238],[104.813,-3.238],[104.806,-3.177],[104.8,-3.174],[104.818,-3.144],[104.814,-3.133],[104.797,-3.135],[104.793,-3.128],[104.799,-3.119],[104.792,-3.114],[104.797,-3.073],[104.828,-3.074],[104.829,-3.089],[104.855,-3.11],[104.877,-3.099],[104.887,-3.107],[104.884,-3.142],[104.897,-3.14],[104.923,-3.159],[104.941,-3.158],[104.961,-3.168],[104.984,-3.153],[105.05,-3.148],[105.044,-3.114],[105.084,-3.105],[105.083,-3.0],[105.128,-2.942],[105.141,-2.952],[105.156,-2.99],[105.19,-3.108],[105.209,-3.11],[105.217,-3.102],[105.233,-3.021],[105.254,-3.004],[105.26,-2.983],[105.28,-2.975],[105.295,-2.994],[105.305,-2.977],[105.288,-2.958],[105.29,-2.939],[105.301,-2.935],[105.298,-2.903],[105.286,-2.883],[105.27,-2.898],[105.259,-2.882],[105.257,-2.857],[105.262,-2.85],[105.279,-2.852],[105.278,-2.828],[105.249,-2.806],[105.256,-2.791],[105.255,-2.757],[105.22,-2.748],[105.206,-2.731],[105.215,-2.72],[105.215,-2.685],[105.197,-2.659],[105.176,-2.652],[105.174,-2.643],[105.182,-2.634],[105.203,-2.635],[105.21,-2.607],[105.199,-2.591],[105.214,-2.558],[105.23,-2.542],[105.25,-2.554],[105.26,-2.549],[105.285,-2.509],[105.312,-2.5],[105.306,-2.49],[105.323,-2.466],[105.334,-2.462],[105.335,-2.448],[105.355,-2.447],[105.359,-2.453],[105.371,-2.445],[105.4,-2.457],[105.426,-2.448],[105.472,-2.464],[105.47,-2.457],[105.48,-2.447],[105.495,-2.451],[105.494,-2.441],[105.525,-2.423],[105.58,-2.418],[105.616,-2.391],[105.629,-2.405],[105.633,-2.436],[105.608,-2.507],[105.604,-2.553],[105.611,-2.598],[105.626,-2.63],[105.66,-2.667],[105.693,-2.683],[105.748,-2.689],[105.779,-2.683],[105.787,-2.755],[105.782,-2.853],[105.811,-2.915],[105.847,-2.951],[105.883,-2.966],[105.931,-2.962],[105.959,-2.943],[105.975,-2.963],[106.012,-2.968],[106.044,-2.99],[106.055,-3.063],[106.048,-3.121],[106.095,-3.22],[106.097,-3.238],[106.084,-3.262],[105.983,-3.314],[105.954,-3.336],[105.945,-3.355],[105.93,-3.36],[105.899,-3.419],[105.885,-3.429],[105.826,-3.595],[105.821,-3.652],[105.831,-3.711],[105.851,-3.743],[105.857,-3.74],[105.916,-3.768],[105.961,-3.825],[105.957,-3.853],[105.888,-3.973],[105.863,-4.032],[105.847,-4.093],[105.845,-4.16],[105.821,-4.157]]]}},{"type":"Feature","properties":{"kode":"62.03","nama":"Kapuas","prov":"Kalimantan Tengah","kota":false},"geometry":{"type":"Polygon","coordinates":[[[114.636,-0.863],[114.57,-0.875],[114.551,-0.917],[114.522,-0.903],[114.518,-0.918],[114.501,-0.925],[114.504,-0.95],[114.473,-0.967],[114.483,-0.979],[114.454,-1.019],[114.483,-1.043],[114.478,-1.066],[114.489,-1.082],[114.524,-1.095],[114.511,-1.106],[114.509,-1.123],[114.542,-1.132],[114.547,-1.145],[114.562,-1.142],[114.581,-1.159],[114.612,-1.158],[114.627,-1.171],[114.653,-1.171],[114.677,-1.156],[114.697,-1.164],[114.685,-1.2],[114.684,-1.243],[114.662,-1.265],[114.658,-1.292],[114.668,-1.319],[114.662,-1.408],[114.614,-1.552],[114.624,-1.604],[114.597,-1.67],[114.621,-1.908],[114.617,-2.017],[114.651,-2.088],[114.694,-2.155],[114.694,-2.198],[114.682,-2.232],[114.68,-2.325],[114.644,-2.405],[114.737,-2.439],[114.727,-2.463],[114.759,-2.458],[114.77,-2.493],[114.719,-2.568],[114.779,-2.606],[114.787,-2.585],[114.797,-2.591],[114.793,-2.652],[114.787,-2.682],[114.762,-2.72],[114.718,-2.741],[114.678,-2.739],[114.671,-2.756],[114.68,-2.776],[114.664,-2.801],[114.598,-2.816],[114.615,-2.885],[114.599,-2.891],[114.567,-2.864],[114.561,-2.877],[114.596,-2.897],[114.59,-2.91],[114.554,-2.892],[114.538,-2.927],[114.518,-2.919],[114.544,-2.949],[114.536,-2.959],[114.526,-2.953],[114.53,-2.97],[114.505,-3.0],[114.523,-3.004],[114.519,-3.01],[114.533,-3.035],[114.528,-3.045],[114.546,-3.068],[114.534,-3.081],[114.524,-3.072],[114.518,-3.078],[114.526,-3.087],[114.424,-3.18],[114.45,-3.21],[114.436,-3.243],[114.372,-3.292],[114.36,-3.316],[114.362,-3.33],[114.35,-3.349],[114.361,-3.359],[114.352,-3.368],[114.363,-3.387],[114.347,-3.42],[114.355,-3.442],[114.352,-3.463],[114.321,-3.455],[114.255,-3.403],[114.248,-3.388],[114.263,-3.374],[114.246,-3.363],[114.183,-3.393],[114.153,-3.383],[114.172,-3.334],[114.141,-3.267],[114.147,-3.188],[114.166,-3.175],[114.226,-3.192],[114.281,-3.044],[114.212,-2.937],[114.284,-2.865],[114.291,-2.83],[114.281,-2.815],[114.285,-2.804],[114.349,-2.744],[114.338,-2.717],[114.325,-2.373],[114.262,-2.378],[114.262,-2.232],[114.228,-2.229],[114.184,-2.189],[114.171,-2.143],[114.171,-2.091],[114.081,-1.974],[114.073,-1.938],[114.032,-1.907],[113.986,-1.803],[113.974,-1.734],[113.986,-1.707],[113.981,-1.667],[114.023,-1.612],[114.031,-1.587],[114.019,-1.572],[113.998,-1.563],[113.983,-1.532],[113.995,-1.523],[114.008,-1.474],[114.0,-1.394],[114.005,-1.29],[113.97,-1.112],[113.985,-1.067],[113.928,-1.0],[113.809,-0.959],[113.784,-0.931],[113.748,-0.842],[113.732,-0.827],[113.704,-0.817],[113.682,-0.787],[113.687,-0.774],[113.68,-0.758],[113.699,-0.702],[113.678,-0.675],[113.692,-0.658],[113.696,-0.634],[113.736,-0.601],[113.728,-0.592],[113.727,-0.568],[113.736,-0.55],[113.755,-0.545],[113.76,-0.482],[113.787,-0.461],[113.803,-0.466],[113.818,-0.461],[113.822,-0.45],[113.852,-0.445],[113.882,-0.452],[113.892,-0.464],[113.922,-0.467],[113.917,-0.441],[113.931,-0.427],[113.929,-0.407],[113.938,-0.395],[113.961,-0.398],[113.984,-0.382],[114.0,-0.397],[114.01,-0.426],[114.005,-0.449],[114.015,-0.454],[114.015,-0.479],[114.047,-0.511],[114.052,-0.533],[114.079,-0.553],[114.063,-0.577],[114.096,-0.629],[114.121,-0.73],[114.153,-0.796],[114.173,-0.812],[114.219,-0.809],[114.218,-0.838],[114.234,-0.86],[114.276,-0.865],[114.364,-0.856],[114.393,-0.836],[114.468,-0.834],[114.528,-0.85],[114.636,-0.863]]]}},{"type":"Feature","properties":{"kode":"92.08","nama":"Kaimana","prov":"Papua Barat","kota":false},"geometry":{"type":"MultiPolygon","coordinates":[[[[133.334,-4.096],[133.365,-4.111],[133.371,-4.136],[133.393,-4.136],[133.453,-4.185],[133.554,-4.218],[133.574,-4.249],[133.611,-4.271],[133.639,-4.308],[133.631,-4.314],[133.614,-4.288],[133.572,-4.263],[133.548,-4.234],[133.521,-4.235],[133.502,-4.251],[133.481,-4.245],[133.459,-4.251],[133.453,-4.236],[133.42,-4.206],[133.386,-4.202],[133.377,-4.183],[133.345,-4.175],[133.34,-4.15],[133.329,-4.152],[133.322,-4.142],[133.33,-4.13],[133.319,-4.098],[133.334,-4.096]]],[[[134.376,-3.982],[134.392,-3.993],[134.445,-4.02],[134.434,-4.028],[134.363,-4.033],[134.384,-4.019],[134.376,-3.982]]],[[[134.096,-3.914],[134.163,-3.978],[134.181,-4.009],[134.206,-4.016],[134.204,-4.031],[134.165,-4.017],[134.167,-4.007],[134.084,-3.983],[134.071,-3.942],[134.053,-3.921],[134.096,-3.914]]],[[[134.025,-3.811],[134.046,-3.827],[134.042,-3.837],[133.998,-3.853],[133.996,-3.821],[134.014,-3.816],[134.018,-3.822],[134.025,-3.811]]],[[[133.874,-3.716],[133.884,-3.721],[133.898,-3.744],[133.904,-3.801],[133.93,-3.852],[133.923,-3.874],[133.895,-3.832],[133.882,-3.791],[133.885,-3.779],[133.867,-3.736],[133.874,-3.716]]],[[[134.204,-3.078],[134.197,-3.109],[134.208,-3.135],[134.197,-3.156],[134.198,-3.182],[134.223,-3.242],[134.209,-3.257],[134.229,-3.279],[134.232,-3.3],[134.261,-3.325],[134.262,-3.336],[134.248,-3.352],[134.253,-3.363],[134.288,-3.386],[134.345,-3.47],[134.369,-3.473],[134.393,-3.462],[134.435,-3.487],[134.446,-3.48],[134.458,-3.491],[134.461,-3.483],[134.501,-3.499],[134.533,-3.48],[134.541,-3.492],[134.551,-3.479],[134.599,-3.475],[134.606,-3.463],[134.59,-3.419],[134.594,-3.401],[134.615,-3.404],[134.622,-3.398],[134.615,-3.393],[134.62,-3.361],[134.603,-3.323],[134.587,-3.307],[134.624,-3.319],[134.631,-3.312],[134.653,-3.315],[134.681,-3.296],[134.693,-3.308],[134.71,-3.309],[134.715,-3.301],[134.727,-3.317],[134.727,-3.361],[134.752,-3.37],[134.761,-3.388],[134.767,-3.378],[134.81,-3.369],[134.856,-3.388],[134.869,-3.423],[134.919,-3.44],[134.924,-3.474],[134.939,-3.488],[134.958,-3.491],[134.966,-3.512],[134.976,-3.514],[134.989,-3.532],[134.986,-3.541],[135.006,-3.551],[134.992,-3.564],[134.988,-3.581],[135.01,-3.583],[135.014,-3.599],[135.035,-3.6],[135.047,-3.61],[135.072,-3.584],[135.119,-3.579],[135.133,-3.581],[135.141,-3.609],[135.174,-3.574],[135.194,-3.576],[135.202,-3.587],[135.182,-3.608],[135.191,-3.614],[135.188,-3.621],[135.158,-3.634],[135.129,-3.689],[135.101,-3.683],[135.062,-3.693],[135.051,-3.689],[135.041,-3.712],[135.018,-3.719],[135.04,-3.76],[135.034,-3.776],[135.044,-3.796],[135.045,-3.809],[135.027,-3.832],[135.029,-3.849],[135.021,-3.856],[135.033,-3.868],[135.033,-3.881],[135.06,-3.87],[135.063,-3.888],[135.093,-3.915],[135.087,-3.923],[135.097,-3.922],[135.089,-3.942],[135.099,-3.952],[135.093,-3.966],[135.057,-3.971],[135.036,-3.991],[135.03,-4.006],[135.037,-4.019],[135.054,-4.027],[135.043,-4.045],[135.054,-4.05],[135.043,-4.049],[135.04,-4.068],[135.013,-4.08],[134.99,-4.136],[134.975,-4.136],[134.957,-4.156],[134.963,-4.168],[134.949,-4.202],[134.934,-4.207],[134.936,-4.227],[134.914,-4.227],[134.886,-4.253],[134.815,-4.252],[134.81,-4.235],[134.788,-4.233],[134.764,-4.208],[134.735,-4.207],[134.721,-4.195],[134.727,-4.179],[134.714,-4.131],[134.703,-4.122],[134.698,-4.119],[134.663,-4.123],[134.656,-4.13],[134.671,-4.133],[134.7,-4.121],[134.712,-4.137],[134.693,-4.14],[134.652,-4.133],[134.629,-4.117],[134.653,-4.054],[134.658,-4.056],[134.646,-4.086],[134.646,-4.098],[134.657,-4.079],[134.678,-4.084],[134.676,-4.074],[134.723,-4.058],[134.688,-4.054],[134.669,-4.033],[134.674,-4.009],[134.662,-3.983],[134.683,-3.979],[134.687,-3.97],[134.714,-3.957],[134.732,-3.961],[134.731,-3.955],[134.769,-3.934],[134.833,-3.951],[134.83,-3.963],[134.846,-3.986],[134.866,-3.986],[134.868,-3.996],[134.869,-3.977],[134.946,-3.983],[134.946,-3.972],[134.97,-3.96],[134.962,-3.948],[134.917,-3.965],[134.909,-3.951],[134.928,-3.935],[134.913,-3.941],[134.887,-3.934],[134.877,-3.95],[134.859,-3.939],[134.803,-3.933],[134.772,-3.916],[134.755,-3.918],[134.739,-3.94],[134.707,-3.918],[134.677,-3.92],[134.655,-3.927],[134.669,-3.936],[134.656,-3.945],[134.626,-3.953],[134.626,-3.963],[134.612,-3.968],[134.614,-3.985],[134.603,-4.0],[134.57,-3.999],[134.547,-4.032],[134.506,-4.044],[134.495,-4.028],[134.499,-4.019],[134.448,-3.983],[134.447,-3.978],[134.473,-3.985],[134.475,-3.973],[134.439,-3.919],[134.393,-3.917],[134.334,-3.88],[134.326,-3.882],[134.328,-3.894],[134.36,-3.917],[134.345,-3.912],[134.359,-3.949],[134.348,-3.965],[134.315,-3.961],[134.282,-3.934],[134.269,-3.937],[134.334,-4.021],[134.318,-4.045],[134.303,-4.049],[134.287,-4.034],[134.291,-4.029],[134.279,-4.007],[134.238,-3.967],[134.24,-3.983],[134.216,-3.974],[134.165,-3.927],[134.169,-3.896],[134.159,-3.903],[134.142,-3.894],[134.11,-3.904],[134.107,-3.893],[134.117,-3.884],[134.191,-3.833],[134.172,-3.809],[134.169,-3.779],[134.142,-3.76],[134.139,-3.745],[134.13,-3.748],[134.128,-3.762],[134.12,-3.752],[134.105,-3.753],[134.099,-3.77],[134.113,-3.778],[134.118,-3.792],[134.09,-3.802],[134.069,-3.821],[134.052,-3.811],[134.041,-3.782],[133.984,-3.825],[133.977,-3.844],[133.963,-3.847],[133.97,-3.854],[133.961,-3.861],[133.944,-3.846],[133.914,-3.785],[133.92,-3.753],[133.929,-3.767],[133.941,-3.768],[133.933,-3.75],[133.916,-3.744],[133.898,-3.688],[133.839,-3.631],[133.84,-3.581],[133.832,-3.555],[133.801,-3.587],[133.789,-3.587],[133.793,-3.594],[133.786,-3.598],[133.784,-3.617],[133.794,-3.66],[133.82,-3.714],[133.817,-3.727],[133.762,-3.671],[133.751,-3.645],[133.732,-3.648],[133.699,-3.674],[133.691,-3.671],[133.707,-3.603],[133.69,-3.583],[133.669,-3.537],[133.653,-3.524],[133.656,-3.517],[133.621,-3.477],[133.633,-3.469],[133.635,-3.448],[133.674,-3.435],[133.691,-3.41],[133.7,-3.415],[133.668,-3.318],[133.676,-3.316],[133.665,-3.245],[133.669,-3.226],[133.702,-3.209],[133.698,-3.171],[133.715,-3.178],[133.726,-3.17],[133.773,-3.175],[133.777,-3.136],[133.772,-3.115],[133.78,-3.111],[133.797,-3.12],[133.806,-3.103],[133.827,-3.089],[133.826,-3.036],[133.833,-3.021],[133.845,-3.021],[133.86,-3.054],[133.875,-3.059],[133.885,-3.076],[133.897,-3.078],[133.888,-3.099],[133.897,-3.117],[133.903,-3.121],[133.911,-3.113],[133.901,-3.093],[133.903,-3.073],[133.886,-3.072],[133.858,-3.026],[133.865,-3.014],[133.85,-2.972],[133.858,-2.957],[133.853,-2.941],[133.834,-2.933],[133.815,-2.906],[133.804,-2.911],[133.825,-2.945],[133.807,-2.961],[133.79,-3.025],[133.758,-3.02],[133.753,-3.031],[133.731,-3.029],[133.674,-3.099],[133.667,-3.119],[133.649,-3.121],[133.65,-3.161],[133.662,-3.175],[133.663,-3.205],[133.672,-3.21],[133.648,-3.235],[133.665,-3.297],[133.653,-3.328],[133.662,-3.328],[133.662,-3.365],[133.649,-3.396],[133.632,-3.416],[133.606,-3.41],[133.582,-3.426],[133.541,-3.429],[133.52,-3.38],[133.499,-3.369],[133.495,-3.375],[133.514,-3.406],[133.518,-3.431],[133.515,-3.438],[133.481,-3.44],[133.478,-3.45],[133.498,-3.457],[133.55,-3.454],[133.597,-3.529],[133.584,-3.568],[133.515,-3.605],[133.45,-3.672],[133.402,-3.698],[133.409,-3.708],[133.394,-3.735],[133.395,-3.75],[133.405,-3.76],[133.415,-3.8],[133.451,-3.82],[133.457,-3.859],[133.435,-3.862],[133.4,-3.886],[133.404,-3.902],[133.33,-3.98],[133.314,-4.015],[133.269,-4.035],[133.257,-4.067],[133.244,-4.074],[133.156,-4.071],[133.077,-4.054],[133.027,-4.077],[133.032,-4.086],[133.017,-4.093],[133.023,-4.106],[133.015,-4.118],[132.992,-4.103],[132.959,-4.105],[132.917,-4.083],[132.915,-4.045],[132.869,-4.003],[132.841,-3.99],[132.837,-3.965],[132.874,-3.964],[132.869,-3.954],[133.497,-3.111],[133.5,-3.073],[133.571,-3.063],[133.57,-3.042],[133.59,-3.024],[133.584,-3.01],[133.605,-2.973],[133.615,-2.966],[133.646,-2.966],[133.659,-2.937],[133.681,-2.932],[133.686,-2.92],[133.712,-2.915],[133.731,-2.884],[133.722,-2.85],[133.724,-2.821],[133.734,-2.822],[133.735,-2.812],[133.782,-2.807],[133.798,-2.793],[133.81,-2.807],[133.824,-2.804],[133.843,-2.789],[133.86,-2.788],[133.868,-2.794],[133.868,-2.809],[133.88,-2.812],[133.897,-2.802],[133.929,-2.817],[133.935,-2.843],[133.961,-2.865],[133.988,-2.851],[133.97,-2.819],[133.974,-2.805],[133.99,-2.787],[134.01,-2.79],[134.022,-2.814],[134.034,-2.814],[134.035,-2.821],[134.024,-2.828],[134.064,-2.928],[134.1,-2.936],[134.117,-2.952],[134.141,-3.016],[134.154,-3.009],[134.163,-3.009],[134.167,-3.018],[134.19,-3.011],[134.204,-3.078]]]]}},{"type":"Feature","properties":{"kode":"62.02","nama":"Kotawaringin Timur","prov":"Kalimantan Tengah","kota":false},"geometry":{"type":"Polygon","coordinates":[[[113.234,-3.152],[113.189,-3.107],[113.184,-3.084],[113.168,-3.069],[113.097,-3.04],[113.057,-3.005],[113.047,-2.974],[113.033,-2.975],[113.011,-3.033],[112.984,-3.049],[112.942,-3.112],[112.948,-3.131],[112.963,-3.145],[113.009,-3.16],[112.92,-3.24],[112.81,-3.299],[112.814,-3.05],[112.845,-2.998],[112.844,-2.846],[112.822,-2.806],[112.745,-2.755],[112.636,-2.729],[112.609,-2.704],[112.604,-2.667],[112.512,-2.629],[112.511,-2.601],[112.502,-2.601],[112.502,-2.564],[112.495,-2.564],[112.495,-2.545],[112.505,-2.544],[112.505,-2.538],[112.489,-2.534],[112.474,-2.497],[112.451,-2.491],[112.452,-2.433],[112.435,-2.435],[112.436,-2.362],[112.431,-2.331],[112.409,-2.331],[112.408,-2.267],[112.374,-2.267],[112.374,-2.197],[112.335,-2.179],[112.31,-2.135],[112.306,-2.062],[112.311,-2.053],[112.331,-2.052],[112.341,-2.008],[112.312,-1.996],[112.313,-1.984],[112.338,-1.957],[112.347,-1.938],[112.344,-1.925],[112.252,-1.86],[112.252,-1.833],[112.237,-1.828],[112.228,-1.81],[112.219,-1.81],[112.219,-1.797],[112.198,-1.782],[112.192,-1.758],[112.091,-1.644],[112.067,-1.595],[112.069,-1.568],[112.108,-1.5],[112.127,-1.448],[112.133,-1.412],[112.127,-1.313],[112.148,-1.303],[112.174,-1.313],[112.202,-1.303],[112.224,-1.317],[112.258,-1.321],[112.279,-1.304],[112.317,-1.304],[112.329,-1.291],[112.323,-1.275],[112.337,-1.258],[112.334,-1.246],[112.35,-1.232],[112.376,-1.231],[112.392,-1.24],[112.427,-1.206],[112.462,-1.198],[112.511,-1.208],[112.515,-1.199],[112.54,-1.193],[112.632,-1.208],[112.675,-1.256],[112.67,-1.272],[112.691,-1.306],[112.736,-1.322],[112.749,-1.333],[112.746,-1.378],[112.763,-1.39],[112.791,-1.393],[112.794,-1.407],[112.807,-1.41],[112.816,-1.424],[112.839,-1.424],[112.838,-1.505],[112.852,-1.514],[112.852,-1.524],[112.862,-1.525],[112.864,-1.592],[112.899,-1.594],[112.897,-1.64],[112.93,-1.641],[112.929,-1.705],[112.981,-1.706],[112.981,-1.716],[113.0,-1.716],[112.999,-1.749],[113.017,-1.75],[113.017,-1.766],[113.034,-1.766],[113.034,-1.779],[113.044,-1.779],[113.043,-1.797],[113.062,-1.813],[113.134,-1.815],[113.133,-1.845],[113.142,-1.846],[113.142,-1.899],[113.156,-1.9],[113.162,-1.922],[113.204,-1.952],[113.203,-1.976],[113.217,-1.976],[113.22,-1.991],[113.27,-2.024],[113.23,-2.165],[113.172,-2.323],[113.213,-2.451],[113.136,-2.608],[113.095,-2.675],[113.097,-2.797],[113.222,-3.084],[113.234,-3.152]]]}},{"type":"Feature","properties":{"kode":"95.02","nama":"Pegunungan Bintang","prov":"Papua Pegunungan","kota":false},"geometry":{"type":"Polygon","coordinates":[[[139.976,-4.476],[139.976,-4.455],[139.954,-4.453],[139.954,-4.442],[140.03,-4.425],[140.025,-4.436],[140.032,-4.439],[140.04,-4.409],[140.035,-4.403],[140.031,-4.42],[139.977,-4.428],[139.969,-4.425],[140.012,-4.412],[139.988,-4.398],[139.96,-4.418],[139.954,-4.413],[139.969,-4.4],[139.952,-4.353],[139.957,-4.342],[139.981,-4.348],[139.965,-4.319],[139.981,-4.324],[139.992,-4.315],[140.011,-4.325],[140.038,-4.327],[140.055,-4.333],[140.045,-4.352],[140.088,-4.353],[140.093,-4.285],[140.117,-4.307],[140.119,-4.057],[140.101,-4.041],[140.112,-4.026],[140.108,-4.016],[140.119,-4.012],[140.121,-3.998],[140.141,-3.981],[140.14,-3.967],[140.152,-3.957],[140.123,-3.913],[140.128,-3.894],[140.147,-3.888],[140.144,-3.875],[140.15,-3.87],[140.132,-3.852],[140.161,-3.829],[140.161,-3.813],[140.149,-3.807],[140.149,-3.792],[140.135,-3.772],[140.135,-3.767],[140.154,-3.772],[140.161,-3.765],[140.128,-3.751],[140.141,-3.736],[140.127,-3.72],[140.136,-3.696],[140.176,-3.708],[140.198,-3.697],[140.206,-3.678],[140.27,-3.67],[140.279,-3.674],[140.285,-3.718],[140.321,-3.744],[140.321,-3.754],[140.351,-3.739],[140.365,-3.745],[140.399,-3.734],[140.448,-3.746],[140.458,-3.766],[140.494,-3.758],[140.527,-3.778],[140.545,-3.751],[140.585,-3.755],[140.626,-3.772],[140.626,-3.784],[140.652,-3.805],[140.667,-3.79],[140.688,-3.793],[140.701,-3.839],[140.702,-3.886],[140.767,-3.874],[140.786,-3.852],[140.825,-3.869],[140.826,-3.902],[140.834,-3.9],[140.844,-3.925],[140.782,-3.96],[140.774,-3.956],[140.77,-3.946],[140.778,-3.939],[140.768,-3.925],[140.755,-3.937],[140.741,-3.918],[140.716,-3.917],[140.707,-3.909],[140.704,-3.937],[140.677,-3.939],[140.661,-3.959],[140.644,-3.959],[140.63,-3.979],[140.609,-3.947],[140.586,-3.936],[140.588,-3.926],[140.576,-3.929],[140.567,-3.945],[140.565,-3.976],[140.551,-3.964],[140.542,-3.967],[140.531,-3.952],[140.515,-3.955],[140.499,-3.941],[140.494,-3.925],[140.503,-3.921],[140.497,-3.905],[140.516,-3.908],[140.517,-3.915],[140.522,-3.901],[140.51,-3.885],[140.542,-3.828],[140.51,-3.81],[140.503,-3.793],[140.5,-3.804],[140.47,-3.803],[140.461,-3.81],[140.434,-3.782],[140.406,-3.784],[140.417,-3.802],[140.401,-3.811],[140.412,-3.822],[140.421,-3.819],[140.415,-3.843],[140.431,-3.857],[140.412,-3.884],[140.417,-3.897],[140.407,-3.894],[140.403,-3.9],[140.411,-3.909],[140.409,-3.918],[140.428,-3.908],[140.435,-3.912],[140.439,-3.918],[140.427,-3.931],[140.446,-3.947],[140.439,-3.961],[140.471,-3.966],[140.476,-3.993],[140.464,-3.991],[140.484,-4.003],[140.521,-4.065],[140.531,-4.062],[140.533,-4.072],[140.546,-4.07],[140.556,-4.08],[140.557,-4.096],[140.568,-4.097],[140.573,-4.106],[140.567,-4.116],[140.589,-4.112],[140.605,-4.068],[140.615,-4.059],[140.64,-4.065],[140.642,-4.045],[140.661,-4.038],[140.686,-4.047],[140.708,-4.099],[140.719,-4.099],[140.72,-4.082],[140.694,-4.047],[140.68,-4.006],[140.661,-3.985],[140.661,-3.973],[140.673,-3.971],[140.676,-3.979],[140.692,-3.984],[140.718,-4.02],[140.753,-4.004],[140.771,-4.007],[140.78,-4.0],[140.79,-4.01],[140.803,-4.004],[140.81,-4.011],[140.813,-3.995],[140.821,-4.002],[140.84,-3.98],[140.89,-3.961],[140.915,-3.97],[140.977,-3.967],[140.973,-3.978],[140.988,-3.994],[140.985,-4.006],[141.001,-4.02],[141.001,-5.344],[140.813,-5.297],[140.72,-5.281],[140.738,-5.278],[140.742,-5.26],[140.726,-5.233],[140.634,-5.265],[140.602,-5.252],[140.554,-5.256],[140.545,-5.238],[140.523,-5.24],[140.51,-5.225],[140.469,-5.22],[140.435,-5.228],[140.413,-5.212],[140.388,-5.212],[140.387,-5.196],[140.353,-5.186],[140.352,-5.175],[140.31,-5.165],[140.31,-5.158],[140.297,-5.155],[140.303,-5.144],[140.295,-5.131],[140.275,-5.138],[140.268,-5.134],[140.28,-5.12],[140.27,-5.088],[140.256,-5.074],[140.256,-5.059],[140.236,-5.047],[140.218,-5.056],[140.186,-5.04],[140.122,-5.055],[140.108,-5.05],[140.11,-5.029],[140.06,-5.05],[140.051,-4.924],[140.04,-4.898],[140.056,-4.885],[140.054,-4.844],[140.068,-4.822],[140.029,-4.783],[140.033,-4.72],[140.023,-4.705],[140.046,-4.655],[140.02,-4.651],[140.01,-4.668],[139.993,-4.674],[139.981,-4.664],[139.987,-4.651],[140.022,-4.643],[140.053,-4.656],[140.066,-4.674],[140.088,-4.686],[140.105,-4.581],[140.067,-4.562],[140.037,-4.562],[140.034,-4.554],[140.064,-4.538],[140.065,-4.519],[140.021,-4.505],[140.019,-4.518],[139.958,-4.542],[139.942,-4.503],[139.942,-4.482],[139.976,-4.476]],[[139.976,-4.476],[139.983,-4.492],[140.002,-4.472],[139.992,-4.469],[139.976,-4.476]]]}},{"type":"Feature","properties":{"kode":"62.07","nama":"Seruyan","prov":"Kalimantan Tengah","kota":false},"geometry":{"type":"Polygon","coordinates":[[[112.175,-0.726],[112.189,-0.743],[112.194,-0.765],[112.147,-0.83],[112.172,-0.866],[112.131,-0.9],[112.113,-0.93],[112.114,-0.989],[112.101,-1.016],[112.117,-1.045],[112.147,-1.036],[112.16,-1.044],[112.162,-1.087],[112.138,-1.128],[112.119,-1.14],[112.109,-1.201],[112.096,-1.211],[112.126,-1.233],[112.133,-1.412],[112.115,-1.485],[112.069,-1.568],[112.067,-1.595],[112.091,-1.644],[112.192,-1.758],[112.198,-1.782],[112.219,-1.797],[112.219,-1.81],[112.228,-1.81],[112.237,-1.828],[112.252,-1.833],[112.252,-1.86],[112.344,-1.925],[112.347,-1.938],[112.338,-1.957],[112.313,-1.984],[112.312,-1.996],[112.341,-2.008],[112.331,-2.052],[112.311,-2.053],[112.306,-2.062],[112.31,-2.135],[112.335,-2.179],[112.374,-2.197],[112.374,-2.267],[112.408,-2.267],[112.409,-2.331],[112.431,-2.331],[112.436,-2.362],[112.435,-2.435],[112.452,-2.433],[112.451,-2.491],[112.474,-2.497],[112.489,-2.534],[112.505,-2.538],[112.505,-2.544],[112.495,-2.545],[112.495,-2.564],[112.502,-2.564],[112.502,-2.601],[112.511,-2.601],[112.512,-2.629],[112.604,-2.667],[112.609,-2.704],[112.636,-2.729],[112.745,-2.755],[112.822,-2.806],[112.844,-2.846],[112.845,-2.998],[112.814,-3.05],[112.81,-3.299],[112.817,-3.299],[112.685,-3.362],[112.636,-3.407],[112.568,-3.43],[112.563,-3.447],[112.509,-3.429],[112.446,-3.388],[112.421,-3.353],[112.349,-3.32],[112.309,-3.311],[112.256,-3.314],[112.179,-3.344],[112.041,-3.431],[111.904,-3.539],[111.853,-3.541],[111.795,-3.526],[112.118,-3.182],[112.131,-3.159],[112.132,-3.14],[112.097,-3.054],[112.099,-2.988],[112.14,-2.803],[112.129,-2.766],[112.042,-2.688],[112.062,-2.649],[112.037,-2.592],[112.042,-2.558],[112.033,-2.557],[112.034,-2.52],[112.023,-2.52],[112.024,-2.483],[112.015,-2.482],[112.013,-2.466],[112.024,-2.448],[112.05,-2.452],[112.05,-2.428],[112.061,-2.428],[112.062,-2.393],[112.04,-2.393],[112.04,-2.345],[112.073,-2.347],[112.037,-2.268],[112.042,-2.251],[112.025,-2.232],[112.018,-2.125],[112.028,-2.101],[112.046,-2.096],[112.056,-2.067],[112.058,-2.012],[112.064,-1.981],[112.074,-1.972],[112.058,-1.95],[111.969,-1.904],[111.937,-1.869],[111.934,-1.842],[111.953,-1.794],[111.955,-1.75],[111.917,-1.618],[111.872,-1.544],[111.703,-1.454],[111.678,-1.421],[111.645,-1.419],[111.639,-1.401],[111.61,-1.392],[111.609,-1.378],[111.59,-1.347],[111.569,-1.334],[111.577,-1.314],[111.561,-1.311],[111.544,-1.286],[111.516,-1.27],[111.504,-1.254],[111.488,-1.259],[111.463,-1.253],[111.453,-1.26],[111.446,-1.245],[111.487,-1.231],[111.527,-1.203],[111.549,-1.207],[111.561,-1.194],[111.578,-1.169],[111.569,-1.157],[111.56,-1.157],[111.561,-1.131],[111.545,-1.115],[111.546,-1.098],[111.558,-1.101],[111.571,-1.059],[111.585,-1.065],[111.604,-1.059],[111.606,-1.064],[111.616,-1.056],[111.625,-1.037],[111.617,-1.024],[111.626,-0.989],[111.641,-0.968],[111.702,-0.953],[111.704,-0.943],[111.724,-0.943],[111.751,-0.911],[111.797,-0.913],[111.803,-0.904],[111.838,-0.902],[111.886,-0.857],[111.886,-0.842],[111.914,-0.844],[111.922,-0.794],[111.952,-0.793],[111.964,-0.811],[111.977,-0.813],[111.984,-0.8],[112.023,-0.791],[112.027,-0.78],[112.056,-0.769],[112.054,-0.752],[112.071,-0.74],[112.083,-0.701],[112.098,-0.699],[112.102,-0.71],[112.126,-0.715],[112.148,-0.731],[112.175,-0.726]]]}},{"type":"Feature","properties":{"kode":"95.03","nama":"Yahukimo","prov":"Papua Pegunungan","kota":false},"geometry":{"type":"MultiPolygon","coordinates":[[[[140.076,-4.429],[140.089,-4.431],[140.093,-4.457],[140.078,-4.467],[140.053,-4.456],[140.076,-4.429]]],[[[139.976,-4.476],[139.942,-4.482],[139.942,-4.503],[139.958,-4.542],[140.019,-4.518],[140.021,-4.505],[140.065,-4.519],[140.064,-4.538],[140.034,-4.554],[140.037,-4.562],[140.067,-4.562],[140.105,-4.581],[140.088,-4.686],[140.066,-4.674],[140.053,-4.656],[140.022,-4.643],[139.987,-4.651],[139.981,-4.664],[139.993,-4.674],[140.01,-4.668],[140.02,-4.651],[140.046,-4.655],[140.023,-4.705],[140.033,-4.72],[140.029,-4.783],[140.068,-4.822],[140.054,-4.844],[140.056,-4.885],[140.04,-4.898],[140.051,-4.924],[140.056,-5.028],[140.06,-5.05],[140.12,-5.151],[140.067,-5.159],[140.039,-5.18],[140.044,-5.14],[140.023,-5.117],[139.983,-5.092],[139.968,-5.146],[139.98,-5.203],[139.979,-5.219],[139.972,-5.223],[139.922,-5.217],[139.82,-5.165],[139.844,-5.149],[139.873,-5.149],[139.888,-5.184],[139.919,-5.205],[139.948,-5.165],[139.929,-5.091],[139.966,-5.083],[139.983,-5.09],[139.987,-5.058],[139.667,-5.063],[139.579,-5.053],[139.498,-5.002],[139.228,-4.999],[139.078,-4.986],[139.071,-4.962],[139.08,-4.953],[139.099,-4.95],[139.106,-4.934],[139.121,-4.929],[139.148,-4.879],[139.151,-4.853],[139.17,-4.828],[139.162,-4.812],[139.163,-4.768],[139.184,-4.739],[139.202,-4.739],[139.191,-4.733],[139.203,-4.729],[139.202,-4.72],[139.193,-4.718],[139.114,-4.767],[139.094,-4.801],[139.107,-4.811],[139.098,-4.827],[139.078,-4.819],[139.067,-4.84],[139.048,-4.85],[139.049,-4.865],[139.03,-4.84],[138.992,-4.833],[138.948,-4.836],[138.932,-4.827],[138.947,-4.815],[138.945,-4.803],[138.955,-4.786],[138.987,-4.773],[138.98,-4.767],[139.003,-4.741],[139.021,-4.742],[139.022,-4.729],[139.008,-4.717],[138.927,-4.691],[138.917,-4.694],[138.898,-4.682],[138.859,-4.707],[138.848,-4.704],[138.845,-4.719],[138.825,-4.738],[138.815,-4.761],[138.802,-4.764],[138.816,-4.742],[138.82,-4.707],[138.841,-4.68],[138.832,-4.662],[138.841,-4.652],[138.842,-4.624],[138.829,-4.613],[138.805,-4.611],[138.821,-4.57],[138.817,-4.512],[138.831,-4.501],[138.827,-4.468],[138.811,-4.437],[138.825,-4.416],[138.816,-4.393],[138.784,-4.39],[138.762,-4.368],[138.764,-4.357],[138.788,-4.36],[138.804,-4.349],[138.785,-4.307],[138.774,-4.3],[138.801,-4.289],[138.803,-4.276],[138.792,-4.267],[138.756,-4.27],[138.757,-4.263],[138.777,-4.246],[138.779,-4.222],[138.804,-4.215],[138.823,-4.239],[138.864,-4.262],[138.873,-4.255],[138.921,-4.257],[138.926,-4.232],[138.952,-4.221],[138.987,-4.223],[139.015,-4.191],[139.059,-4.193],[139.078,-4.18],[139.108,-4.175],[139.196,-4.179],[139.246,-4.205],[139.271,-4.171],[139.232,-4.169],[139.244,-4.151],[139.272,-4.17],[139.313,-4.149],[139.321,-4.139],[139.312,-4.129],[139.327,-4.138],[139.357,-4.135],[139.358,-4.125],[139.333,-4.124],[139.328,-4.092],[139.363,-4.069],[139.386,-4.064],[139.394,-4.073],[139.381,-4.101],[139.401,-4.103],[139.4,-4.114],[139.44,-4.101],[139.425,-4.086],[139.429,-4.075],[139.464,-4.11],[139.512,-4.055],[139.602,-4.079],[139.618,-4.063],[139.579,-4.038],[139.581,-4.015],[139.573,-4.001],[139.599,-3.996],[139.633,-4.018],[139.642,-4.001],[139.639,-3.987],[139.658,-3.979],[139.667,-3.929],[139.687,-3.91],[139.695,-3.888],[139.711,-3.884],[139.729,-3.832],[139.753,-3.82],[139.755,-3.801],[139.747,-3.798],[139.771,-3.774],[139.789,-3.772],[139.79,-3.757],[139.816,-3.737],[139.825,-3.75],[139.793,-3.772],[139.829,-3.786],[139.833,-3.797],[139.851,-3.757],[139.823,-3.732],[139.836,-3.737],[139.846,-3.721],[139.84,-3.711],[139.86,-3.689],[139.94,-3.694],[139.985,-3.742],[140.007,-3.737],[140.029,-3.711],[140.043,-3.724],[140.08,-3.719],[140.095,-3.725],[140.101,-3.708],[140.136,-3.696],[140.127,-3.72],[140.141,-3.736],[140.128,-3.751],[140.161,-3.765],[140.154,-3.772],[140.135,-3.767],[140.135,-3.772],[140.149,-3.792],[140.149,-3.807],[140.161,-3.813],[140.161,-3.829],[140.132,-3.852],[140.15,-3.87],[140.144,-3.875],[140.147,-3.888],[140.128,-3.894],[140.123,-3.913],[140.152,-3.957],[140.14,-3.967],[140.141,-3.981],[140.121,-3.998],[140.119,-4.012],[140.108,-4.016],[140.112,-4.026],[140.101,-4.041],[140.119,-4.057],[140.117,-4.307],[140.093,-4.285],[140.088,-4.353],[140.045,-4.352],[140.055,-4.333],[140.038,-4.327],[140.011,-4.325],[139.992,-4.315],[139.981,-4.324],[139.965,-4.319],[139.981,-4.348],[139.957,-4.342],[139.952,-4.353],[139.969,-4.4],[139.954,-4.413],[139.96,-4.418],[139.988,-4.398],[140.012,-4.412],[139.969,-4.425],[139.977,-4.428],[140.031,-4.42],[140.035,-4.403],[140.04,-4.409],[140.032,-4.439],[140.025,-4.436],[140.03,-4.425],[139.954,-4.442],[139.954,-4.453],[139.976,-4.455],[139.976,-4.476]]]]}},{"type":"Feature","properties":{"kode":"16.06","nama":"Musi Banyuasin","prov":"Sumatera Selatan","kota":false},"geometry":{"type":"Polygon","coordinates":[[[104.265,-2.671],[104.26,-2.683],[104.246,-2.69],[104.226,-2.689],[104.196,-2.724],[104.192,-2.76],[104.171,-2.761],[104.171,-2.786],[104.185,-2.813],[104.176,-2.826],[104.171,-2.872],[104.183,-2.885],[104.23,-2.885],[104.232,-2.908],[104.211,-2.908],[104.206,-2.919],[104.175,-2.918],[104.176,-2.957],[104.164,-2.996],[104.166,-3.05],[104.143,-3.048],[104.132,-3.027],[104.135,-3.012],[104.125,-3.009],[104.065,-3.004],[104.02,-3.03],[103.95,-3.004],[103.927,-3.023],[103.911,-3.024],[103.89,-3.076],[103.854,-3.08],[103.836,-3.104],[103.819,-3.103],[103.812,-3.122],[103.791,-3.135],[103.797,-3.151],[103.78,-3.179],[103.797,-3.224],[103.796,-3.24],[103.784,-3.239],[103.736,-3.261],[103.721,-3.255],[103.716,-3.236],[103.686,-3.247],[103.675,-3.261],[103.635,-3.262],[103.65,-3.242],[103.637,-3.237],[103.596,-3.245],[103.584,-3.222],[103.562,-3.236],[103.555,-3.23],[103.533,-3.233],[103.516,-3.209],[103.51,-3.136],[103.478,-3.043],[103.484,-3.021],[103.475,-3.019],[103.457,-2.976],[103.443,-2.963],[103.442,-2.937],[103.426,-2.943],[103.411,-2.925],[103.436,-2.878],[103.434,-2.854],[103.352,-2.851],[103.338,-2.823],[103.271,-2.753],[103.309,-2.732],[103.341,-2.695],[103.361,-2.573],[103.347,-2.569],[103.324,-2.538],[103.285,-2.512],[103.276,-2.447],[103.267,-2.437],[103.25,-2.445],[103.227,-2.47],[103.201,-2.461],[103.2,-2.439],[103.143,-2.435],[103.117,-2.451],[103.083,-2.433],[103.068,-2.412],[103.079,-2.393],[103.066,-2.385],[103.052,-2.392],[103.038,-2.385],[103.029,-2.342],[103.041,-2.331],[103.04,-2.322],[103.055,-2.317],[103.067,-2.34],[103.132,-2.353],[103.154,-2.336],[103.211,-2.32],[103.198,-2.261],[103.17,-2.238],[103.171,-2.213],[103.185,-2.201],[103.187,-2.184],[103.226,-2.165],[103.231,-2.136],[103.259,-2.133],[103.278,-2.148],[103.303,-2.199],[103.301,-2.222],[103.333,-2.249],[103.338,-2.271],[103.349,-2.265],[103.359,-2.285],[103.383,-2.295],[103.406,-2.335],[103.438,-2.342],[103.454,-2.36],[103.462,-2.34],[103.448,-2.316],[103.462,-2.296],[103.456,-2.278],[103.463,-2.265],[103.452,-2.222],[103.455,-2.186],[103.46,-2.178],[103.507,-2.174],[103.558,-2.137],[103.517,-2.114],[103.517,-2.092],[103.532,-2.091],[103.532,-2.073],[103.525,-2.073],[103.554,-2.042],[103.563,-2.042],[103.564,-2.017],[103.557,-2.018],[103.543,-1.986],[103.5,-1.982],[103.5,-1.96],[103.521,-1.907],[103.586,-1.862],[103.63,-1.841],[103.661,-1.847],[103.766,-1.816],[103.795,-1.825],[103.85,-1.817],[103.872,-1.803],[103.873,-1.789],[104.145,-1.716],[104.163,-1.793],[104.201,-1.866],[104.292,-1.983],[104.343,-2.017],[104.356,-2.055],[104.37,-2.055],[104.371,-2.118],[104.384,-2.146],[104.4,-2.151],[104.429,-2.191],[104.455,-2.191],[104.455,-2.209],[104.468,-2.22],[104.489,-2.204],[104.51,-2.23],[104.564,-2.247],[104.609,-2.238],[104.634,-2.241],[104.684,-2.335],[104.66,-2.348],[104.642,-2.343],[104.605,-2.377],[104.548,-2.379],[104.539,-2.368],[104.52,-2.383],[104.515,-2.374],[104.473,-2.408],[104.477,-2.413],[104.379,-2.403],[104.343,-2.407],[104.279,-2.44],[104.142,-2.388],[104.094,-2.312],[104.061,-2.296],[104.039,-2.33],[104.055,-2.362],[104.062,-2.451],[104.078,-2.453],[104.083,-2.444],[104.096,-2.442],[104.103,-2.467],[104.131,-2.482],[104.135,-2.499],[104.147,-2.503],[104.153,-2.518],[104.151,-2.538],[104.14,-2.551],[104.214,-2.632],[104.229,-2.635],[104.253,-2.624],[104.281,-2.63],[104.302,-2.644],[104.294,-2.659],[104.265,-2.671]]]}},{"type":"Feature","properties":{"kode":"91.03","nama":"Jayapura","prov":"Papua","kota":false},"geometry":{"type":"Polygon","coordinates":[[[140.384,-3.736],[140.365,-3.745],[140.351,-3.739],[140.321,-3.754],[140.321,-3.744],[140.285,-3.718],[140.279,-3.674],[140.27,-3.67],[140.206,-3.678],[140.198,-3.697],[140.161,-3.707],[140.154,-3.697],[140.111,-3.692],[140.096,-3.678],[140.086,-3.682],[140.065,-3.649],[140.05,-3.673],[140.021,-3.68],[140.017,-3.703],[140.001,-3.701],[140.004,-3.689],[139.989,-3.658],[139.958,-3.639],[139.969,-3.62],[139.964,-3.612],[139.93,-3.624],[139.902,-3.617],[139.89,-3.622],[139.882,-3.608],[139.859,-3.614],[139.857,-3.608],[139.876,-3.601],[139.862,-3.585],[139.839,-3.588],[139.819,-3.578],[139.799,-3.592],[139.806,-3.567],[139.784,-3.57],[139.77,-3.562],[139.78,-3.546],[139.773,-3.531],[139.783,-3.522],[139.767,-3.511],[139.756,-3.51],[139.744,-3.545],[139.726,-3.544],[139.717,-3.522],[139.7,-3.543],[139.688,-3.53],[139.675,-3.532],[139.684,-3.55],[139.703,-3.559],[139.702,-3.581],[139.69,-3.596],[139.704,-3.637],[139.663,-3.664],[139.626,-3.664],[139.623,-3.706],[139.609,-3.712],[139.602,-3.727],[139.595,-3.727],[139.593,-3.705],[139.518,-3.658],[139.515,-3.649],[139.528,-3.633],[139.519,-3.612],[139.521,-3.589],[139.505,-3.564],[139.518,-3.556],[139.507,-3.546],[139.52,-3.525],[139.499,-3.516],[139.505,-3.498],[139.496,-3.487],[139.487,-3.491],[139.485,-3.518],[139.471,-3.52],[139.469,-3.489],[139.484,-3.481],[139.486,-3.471],[139.449,-3.447],[139.444,-3.429],[139.477,-3.411],[139.47,-3.399],[139.491,-3.376],[139.496,-3.337],[139.512,-3.302],[139.498,-3.286],[139.499,-3.263],[139.486,-3.226],[139.493,-3.208],[139.48,-3.171],[139.501,-3.159],[139.502,-3.145],[139.518,-3.132],[139.5,-3.102],[139.529,-3.079],[139.528,-3.064],[139.536,-3.061],[139.52,-2.943],[139.525,-2.933],[139.567,-2.907],[139.57,-2.894],[139.584,-2.89],[139.586,-2.873],[139.55,-2.843],[139.549,-2.824],[139.537,-2.818],[139.519,-2.819],[139.469,-2.795],[139.446,-2.807],[139.426,-2.8],[139.433,-2.784],[139.422,-2.768],[139.431,-2.742],[139.423,-2.713],[139.382,-2.7],[139.361,-2.672],[139.367,-2.658],[139.389,-2.652],[139.417,-2.59],[139.486,-2.623],[139.499,-2.607],[139.509,-2.605],[139.51,-2.615],[139.519,-2.616],[139.527,-2.608],[139.557,-2.608],[139.55,-2.591],[139.57,-2.579],[139.584,-2.556],[139.576,-2.543],[139.643,-2.541],[139.661,-2.555],[139.721,-2.534],[139.738,-2.54],[139.763,-2.527],[139.776,-2.502],[139.773,-2.49],[139.781,-2.488],[139.78,-2.474],[139.765,-2.462],[139.759,-2.466],[139.751,-2.446],[139.754,-2.437],[139.746,-2.417],[139.752,-2.408],[139.778,-2.403],[139.971,-2.442],[139.983,-2.436],[139.989,-2.421],[139.983,-2.403],[139.999,-2.36],[140.07,-2.356],[140.08,-2.349],[140.083,-2.33],[140.111,-2.319],[140.115,-2.336],[140.144,-2.349],[140.144,-2.326],[140.155,-2.327],[140.147,-2.358],[140.157,-2.356],[140.154,-2.371],[140.19,-2.381],[140.207,-2.406],[140.224,-2.413],[140.249,-2.399],[140.266,-2.423],[140.296,-2.429],[140.3,-2.444],[140.337,-2.449],[140.335,-2.464],[140.348,-2.462],[140.354,-2.447],[140.367,-2.462],[140.372,-2.457],[140.373,-2.425],[140.356,-2.403],[140.349,-2.409],[140.343,-2.401],[140.349,-2.396],[140.391,-2.402],[140.416,-2.415],[140.433,-2.412],[140.458,-2.431],[140.478,-2.429],[140.495,-2.443],[140.512,-2.43],[140.528,-2.429],[140.541,-2.448],[140.56,-2.44],[140.561,-2.45],[140.579,-2.446],[140.597,-2.455],[140.608,-2.441],[140.633,-2.455],[140.635,-2.469],[140.65,-2.467],[140.653,-2.476],[140.639,-2.505],[140.604,-2.518],[140.625,-2.567],[140.615,-2.613],[140.621,-2.615],[140.633,-2.723],[140.628,-2.752],[140.619,-2.719],[140.588,-2.719],[140.59,-2.745],[140.581,-2.762],[140.529,-2.779],[140.499,-2.769],[140.485,-2.752],[140.468,-2.753],[140.469,-2.759],[140.463,-2.757],[140.443,-2.776],[140.427,-2.774],[140.407,-2.783],[140.375,-2.818],[140.4,-2.829],[140.414,-2.846],[140.389,-2.864],[140.404,-2.898],[140.404,-2.923],[140.395,-2.937],[140.383,-2.939],[140.386,-2.97],[140.405,-2.991],[140.412,-3.015],[140.397,-3.024],[140.372,-3.013],[140.359,-3.031],[140.37,-3.05],[140.391,-3.057],[140.402,-3.07],[140.404,-3.093],[140.393,-3.102],[140.406,-3.136],[140.367,-3.148],[140.361,-3.167],[140.326,-3.177],[140.318,-3.194],[140.337,-3.209],[140.314,-3.29],[140.323,-3.329],[140.333,-3.337],[140.343,-3.33],[140.341,-3.34],[140.351,-3.343],[140.343,-3.35],[140.351,-3.358],[140.364,-3.354],[140.361,-3.366],[140.37,-3.367],[140.362,-3.385],[140.35,-3.381],[140.359,-3.386],[140.348,-3.403],[140.361,-3.416],[140.368,-3.444],[140.362,-3.465],[140.369,-3.469],[140.337,-3.486],[140.353,-3.491],[140.35,-3.5],[140.366,-3.494],[140.37,-3.504],[140.363,-3.508],[140.374,-3.532],[140.362,-3.526],[140.384,-3.553],[140.379,-3.587],[140.389,-3.597],[140.383,-3.608],[140.397,-3.629],[140.375,-3.65],[140.374,-3.662],[140.346,-3.67],[140.352,-3.683],[140.343,-3.687],[140.347,-3.693],[140.365,-3.683],[140.362,-3.709],[140.386,-3.72],[140.384,-3.736]]]}},{"type":"Feature","properties":{"kode":"91.10","nama":"Sarmi","prov":"Papua","kota":false},"geometry":{"type":"MultiPolygon","coordinates":[[[[139.999,-2.36],[139.983,-2.403],[139.989,-2.421],[139.983,-2.436],[139.971,-2.442],[139.778,-2.403],[139.752,-2.408],[139.746,-2.417],[139.754,-2.437],[139.751,-2.446],[139.759,-2.466],[139.765,-2.462],[139.78,-2.474],[139.781,-2.488],[139.773,-2.49],[139.776,-2.502],[139.763,-2.527],[139.738,-2.54],[139.721,-2.534],[139.661,-2.555],[139.643,-2.541],[139.576,-2.543],[139.584,-2.556],[139.57,-2.579],[139.55,-2.591],[139.557,-2.608],[139.527,-2.608],[139.519,-2.616],[139.51,-2.615],[139.509,-2.605],[139.499,-2.607],[139.486,-2.623],[139.417,-2.59],[139.389,-2.652],[139.367,-2.658],[139.361,-2.672],[139.382,-2.7],[139.423,-2.713],[139.431,-2.742],[139.422,-2.768],[139.433,-2.784],[139.426,-2.8],[139.446,-2.807],[139.469,-2.795],[139.519,-2.819],[139.537,-2.818],[139.549,-2.824],[139.55,-2.843],[139.586,-2.873],[139.584,-2.89],[139.57,-2.894],[139.567,-2.907],[139.525,-2.933],[139.52,-2.943],[139.536,-3.061],[139.528,-3.064],[139.529,-3.079],[139.5,-3.102],[139.518,-3.132],[139.502,-3.145],[139.501,-3.159],[139.48,-3.171],[139.493,-3.208],[139.486,-3.226],[139.499,-3.263],[139.498,-3.286],[139.512,-3.302],[139.496,-3.337],[139.497,-3.357],[139.483,-3.388],[139.47,-3.399],[139.475,-3.414],[139.444,-3.429],[139.449,-3.447],[139.464,-3.46],[139.45,-3.464],[139.417,-3.443],[139.374,-3.436],[139.368,-3.449],[139.379,-3.467],[139.342,-3.484],[139.331,-3.475],[139.331,-3.446],[139.317,-3.454],[139.306,-3.474],[139.278,-3.465],[139.269,-3.442],[139.25,-3.453],[139.251,-3.432],[139.269,-3.427],[139.269,-3.419],[139.256,-3.418],[139.207,-3.449],[139.181,-3.427],[139.15,-3.43],[139.138,-3.419],[139.147,-3.376],[139.141,-3.36],[139.124,-3.358],[139.121,-3.382],[139.107,-3.376],[139.106,-3.336],[139.084,-3.335],[139.073,-3.324],[139.069,-3.298],[139.072,-3.289],[139.083,-3.304],[139.095,-3.307],[139.094,-3.29],[139.036,-3.252],[139.012,-3.25],[139.003,-3.204],[139.005,-3.19],[139.023,-3.178],[139.021,-3.144],[139.03,-3.143],[139.029,-3.134],[139.045,-3.108],[139.12,-3.117],[139.121,-3.052],[139.09,-3.042],[139.089,-3.029],[139.102,-3.015],[139.106,-3.02],[139.11,-3.011],[139.127,-3.007],[139.118,-2.991],[139.14,-2.982],[139.144,-2.955],[139.124,-2.926],[139.113,-2.932],[139.107,-2.882],[139.114,-2.86],[139.139,-2.845],[139.135,-2.84],[139.151,-2.823],[139.174,-2.825],[139.183,-2.797],[139.173,-2.793],[139.173,-2.771],[139.21,-2.755],[139.218,-2.7],[139.233,-2.684],[139.228,-2.66],[139.233,-2.63],[139.196,-2.629],[139.128,-2.651],[139.117,-2.624],[139.087,-2.616],[139.079,-2.601],[139.054,-2.595],[139.026,-2.611],[138.996,-2.591],[138.976,-2.599],[138.947,-2.578],[138.905,-2.576],[138.902,-2.562],[138.872,-2.546],[138.827,-2.542],[138.788,-2.521],[138.769,-2.529],[138.749,-2.525],[138.718,-2.532],[138.664,-2.506],[138.66,-2.513],[138.634,-2.501],[138.624,-2.478],[138.595,-2.487],[138.584,-2.521],[138.565,-2.52],[138.539,-2.543],[138.511,-2.534],[138.448,-2.531],[138.436,-2.523],[138.414,-2.456],[138.421,-2.43],[138.384,-2.388],[138.395,-2.381],[138.401,-2.357],[138.422,-2.356],[138.421,-2.346],[138.433,-2.342],[138.447,-2.35],[138.446,-2.331],[138.466,-2.321],[138.469,-2.285],[138.438,-2.243],[138.437,-2.227],[138.408,-2.214],[138.407,-2.2],[138.376,-2.221],[138.344,-2.209],[138.369,-2.197],[138.393,-2.2],[138.409,-2.186],[138.397,-2.184],[138.397,-2.192],[138.373,-2.177],[138.37,-2.187],[138.355,-2.17],[138.339,-2.178],[138.331,-2.193],[138.299,-2.168],[138.303,-2.149],[138.294,-2.127],[138.306,-2.083],[138.294,-2.086],[138.294,-2.079],[138.311,-2.072],[138.293,-2.056],[138.287,-2.064],[138.288,-2.045],[138.268,-2.052],[138.262,-2.043],[138.256,-2.045],[138.261,-2.035],[138.252,-2.033],[138.254,-2.025],[138.262,-2.027],[138.262,-2.0],[138.253,-1.991],[138.251,-2.0],[138.238,-1.99],[138.241,-1.979],[138.233,-1.975],[138.236,-1.963],[138.227,-1.941],[138.218,-1.939],[138.217,-1.947],[138.207,-1.938],[138.185,-1.943],[138.189,-1.914],[138.164,-1.935],[138.167,-1.918],[138.157,-1.91],[138.149,-1.919],[138.155,-1.908],[138.168,-1.913],[138.171,-1.907],[138.16,-1.899],[138.154,-1.903],[138.153,-1.893],[138.164,-1.891],[138.148,-1.889],[138.154,-1.877],[138.145,-1.87],[138.148,-1.858],[138.156,-1.859],[138.148,-1.848],[138.156,-1.847],[138.16,-1.836],[138.138,-1.82],[138.141,-1.808],[138.159,-1.808],[138.155,-1.772],[138.174,-1.746],[138.166,-1.72],[138.174,-1.714],[138.161,-1.695],[138.167,-1.652],[138.147,-1.628],[138.173,-1.63],[138.292,-1.689],[138.385,-1.724],[138.657,-1.789],[138.738,-1.853],[138.751,-1.847],[138.749,-1.868],[138.789,-1.92],[138.863,-1.966],[138.875,-1.97],[138.906,-1.956],[139.0,-1.976],[139.047,-2.005],[139.125,-2.031],[139.248,-2.108],[139.364,-2.148],[139.433,-2.182],[139.537,-2.249],[139.587,-2.274],[139.64,-2.287],[139.714,-2.338],[139.765,-2.362],[139.811,-2.378],[139.999,-2.36]]],[[[138.739,-1.597],[138.746,-1.625],[138.718,-1.618],[138.709,-1.597],[138.719,-1.582],[138.739,-1.597]]]]}},{"type":"Feature","properties":{"kode":"65.01","nama":"Bulungan","prov":"Kalimantan Utara","kota":false},"geometry":{"type":"MultiPolygon","coordinates":[[[[117.624,3.071],[117.57,3.051],[117.551,3.072],[117.603,3.084],[117.624,3.071]]],[[[117.529,3.098],[117.565,3.093],[117.568,3.082],[117.519,3.075],[117.5,3.08],[117.502,3.091],[117.529,3.098]]],[[[117.449,3.402],[117.498,3.405],[117.502,3.388],[117.502,3.345],[117.455,3.347],[117.449,3.402]]],[[[117.392,3.342],[117.378,3.311],[117.384,3.318],[117.398,3.314],[117.444,3.341],[117.5,3.324],[117.523,3.301],[117.522,3.284],[117.511,3.274],[117.454,3.277],[117.423,3.248],[117.408,3.25],[117.4,3.261],[117.379,3.229],[117.348,3.225],[117.33,3.211],[117.308,3.207],[117.318,3.167],[117.322,3.163],[117.339,3.181],[117.368,3.181],[117.4,3.161],[117.427,3.173],[117.444,3.162],[117.465,3.129],[117.45,3.128],[117.451,3.123],[117.479,3.101],[117.444,3.078],[117.436,3.052],[117.441,3.049],[117.521,3.068],[117.543,3.068],[117.568,3.046],[117.621,3.06],[117.627,3.051],[117.621,3.047],[117.619,3.018],[117.6,3.016],[117.603,3.01],[117.576,2.981],[117.587,2.972],[117.604,2.973],[117.614,2.982],[117.636,2.979],[117.666,2.988],[117.666,2.964],[117.696,2.952],[117.672,2.939],[117.675,2.932],[117.7,2.933],[117.714,2.916],[117.716,2.909],[117.692,2.903],[117.692,2.897],[117.713,2.897],[117.719,2.89],[117.711,2.865],[117.684,2.864],[117.669,2.856],[117.674,2.849],[117.691,2.853],[117.701,2.84],[117.728,2.829],[117.735,2.811],[117.677,2.799],[117.674,2.787],[117.732,2.772],[117.746,2.752],[117.785,2.748],[117.79,2.653],[117.799,2.629],[117.886,2.54],[117.938,2.473],[117.988,2.435],[117.979,2.426],[117.959,2.427],[117.956,2.416],[117.918,2.394],[117.9,2.405],[117.864,2.393],[117.822,2.361],[117.824,2.348],[117.812,2.326],[117.761,2.335],[117.747,2.327],[117.721,2.346],[117.709,2.392],[117.688,2.406],[117.67,2.448],[117.613,2.52],[117.588,2.517],[117.572,2.502],[117.54,2.521],[117.499,2.522],[117.495,2.532],[117.471,2.531],[117.475,2.519],[117.46,2.48],[117.455,2.51],[117.442,2.519],[117.433,2.502],[117.412,2.504],[117.396,2.541],[117.398,2.56],[117.388,2.56],[117.364,2.539],[117.335,2.535],[117.33,2.526],[117.318,2.536],[117.308,2.534],[117.298,2.509],[117.283,2.504],[117.29,2.493],[117.27,2.483],[117.23,2.48],[117.23,2.487],[117.192,2.496],[117.197,2.525],[117.207,2.528],[117.206,2.545],[117.221,2.542],[117.222,2.555],[117.215,2.565],[117.196,2.568],[117.192,2.561],[117.158,2.556],[117.134,2.536],[117.098,2.536],[117.072,2.55],[117.049,2.548],[117.025,2.513],[117.028,2.506],[117.016,2.498],[117.024,2.46],[117.0,2.437],[116.982,2.433],[116.966,2.45],[116.961,2.477],[116.932,2.493],[116.924,2.505],[116.891,2.496],[116.888,2.477],[116.876,2.507],[116.845,2.519],[116.806,2.498],[116.795,2.51],[116.757,2.484],[116.751,2.436],[116.732,2.426],[116.734,2.412],[116.718,2.405],[116.718,2.384],[116.683,2.397],[116.658,2.385],[116.649,2.404],[116.64,2.39],[116.632,2.39],[116.628,2.415],[116.578,2.427],[116.567,2.437],[116.567,2.454],[116.525,2.448],[116.497,2.452],[116.491,2.446],[116.495,2.403],[116.487,2.397],[116.501,2.385],[116.498,2.356],[116.504,2.348],[116.492,2.332],[116.483,2.337],[116.467,2.325],[116.477,2.299],[116.472,2.286],[116.455,2.277],[116.429,2.289],[116.413,2.282],[116.402,2.298],[116.357,2.295],[116.335,2.291],[116.304,2.262],[116.29,2.236],[116.299,2.217],[116.349,2.178],[116.347,2.162],[116.332,2.15],[116.315,2.115],[116.299,2.12],[116.286,2.103],[116.252,2.106],[116.229,2.096],[116.217,2.113],[116.191,2.124],[116.158,2.123],[116.148,2.153],[116.126,2.165],[116.097,2.17],[116.069,2.16],[116.057,2.145],[116.011,2.192],[115.989,2.262],[116.037,2.257],[116.062,2.303],[116.06,2.316],[116.077,2.328],[116.087,2.348],[116.104,2.357],[116.125,2.395],[116.177,2.404],[116.188,2.414],[116.195,2.44],[116.23,2.483],[116.241,2.489],[116.26,2.478],[116.276,2.491],[116.295,2.541],[116.304,2.546],[116.309,2.575],[116.296,2.588],[116.294,2.636],[116.323,2.675],[116.327,2.692],[116.363,2.715],[116.409,2.768],[116.432,2.777],[116.436,2.812],[116.455,2.826],[116.493,2.828],[116.55,2.878],[116.584,2.891],[116.585,2.914],[116.589,2.92],[116.603,2.918],[116.615,2.932],[116.611,2.951],[116.637,2.974],[116.657,2.974],[116.664,3.008],[116.695,3.029],[116.717,3.025],[116.746,3.043],[116.75,3.067],[116.725,3.101],[116.743,3.155],[116.741,3.171],[116.768,3.164],[116.781,3.228],[116.794,3.236],[116.78,3.275],[116.782,3.291],[116.761,3.305],[116.751,3.334],[116.741,3.341],[116.731,3.334],[116.724,3.351],[116.712,3.352],[116.707,3.371],[116.735,3.37],[116.744,3.382],[116.761,3.385],[116.774,3.383],[116.785,3.371],[116.819,3.387],[116.9,3.397],[116.913,3.384],[116.924,3.385],[116.967,3.404],[117.003,3.391],[117.049,3.407],[117.063,3.403],[117.067,3.392],[117.091,3.39],[117.098,3.363],[117.111,3.362],[117.114,3.349],[117.136,3.345],[117.173,3.358],[117.186,3.347],[117.186,3.336],[117.226,3.337],[117.245,3.314],[117.283,3.394],[117.278,3.404],[117.289,3.428],[117.299,3.424],[117.304,3.41],[117.312,3.413],[117.325,3.404],[117.329,3.378],[117.337,3.372],[117.369,3.372],[117.373,3.355],[117.392,3.342]]],[[[117.415,3.557],[117.508,3.543],[117.569,3.52],[117.609,3.501],[117.613,3.481],[117.606,3.474],[117.547,3.471],[117.538,3.486],[117.504,3.507],[117.486,3.498],[117.462,3.515],[117.441,3.511],[117.446,3.534],[117.412,3.547],[117.415,3.557]]],[[[117.622,3.576],[117.656,3.56],[117.663,3.553],[117.657,3.544],[117.622,3.537],[117.572,3.559],[117.535,3.562],[117.508,3.586],[117.546,3.575],[117.56,3.588],[117.622,3.576]]],[[[117.801,3.589],[117.85,3.537],[117.873,3.476],[117.867,3.45],[117.842,3.455],[117.826,3.475],[117.772,3.506],[117.751,3.535],[117.752,3.552],[117.763,3.569],[117.801,3.589]]]]}},{"type":"Feature","properties":{"kode":"64.07","nama":"Kutai Barat","prov":"Kalimantan Timur","kota":false},"geometry":{"type":"Polygon","coordinates":[[[116.501,-0.858],[116.468,-0.862],[116.451,-0.886],[116.48,-0.945],[116.442,-0.954],[116.441,-0.97],[116.395,-0.974],[116.385,-0.967],[116.37,-0.996],[116.315,-1.03],[116.3,-1.052],[116.262,-1.056],[116.247,-1.086],[116.23,-1.086],[116.213,-1.103],[116.093,-1.086],[116.078,-1.077],[116.019,-1.093],[116.013,-1.081],[115.985,-1.082],[115.979,-1.113],[115.953,-1.125],[115.922,-1.154],[115.916,-1.141],[115.902,-1.135],[115.895,-1.105],[115.875,-1.101],[115.843,-1.11],[115.842,-1.096],[115.827,-1.089],[115.799,-1.101],[115.766,-1.138],[115.757,-1.133],[115.75,-1.105],[115.711,-1.075],[115.7,-1.03],[115.679,-1.009],[115.625,-1.017],[115.631,-0.976],[115.591,-0.935],[115.547,-0.854],[115.493,-0.875],[115.449,-0.878],[115.416,-0.875],[115.406,-0.852],[115.387,-0.862],[115.382,-0.852],[115.376,-0.875],[115.356,-0.867],[115.36,-0.877],[115.35,-0.891],[115.341,-0.84],[115.325,-0.832],[115.325,-0.822],[115.31,-0.817],[115.298,-0.797],[115.29,-0.799],[115.286,-0.771],[115.301,-0.761],[115.301,-0.745],[115.311,-0.736],[115.347,-0.72],[115.338,-0.695],[115.342,-0.687],[115.327,-0.671],[115.356,-0.67],[115.373,-0.654],[115.378,-0.629],[115.37,-0.632],[115.356,-0.613],[115.374,-0.598],[115.381,-0.572],[115.337,-0.543],[115.305,-0.546],[115.29,-0.555],[115.284,-0.545],[115.293,-0.519],[115.307,-0.512],[115.297,-0.493],[115.307,-0.486],[115.297,-0.479],[115.297,-0.461],[115.273,-0.455],[115.267,-0.432],[115.248,-0.41],[115.262,-0.4],[115.246,-0.367],[115.234,-0.363],[115.233,-0.323],[115.225,-0.311],[115.254,-0.301],[115.249,-0.248],[115.262,-0.239],[115.272,-0.244],[115.275,-0.228],[115.296,-0.215],[115.29,-0.197],[115.256,-0.182],[115.241,-0.165],[115.257,-0.161],[115.271,-0.143],[115.283,-0.147],[115.287,-0.128],[115.31,-0.118],[115.309,-0.081],[115.291,-0.078],[115.291,-0.036],[115.314,-0.02],[115.316,-0.003],[115.336,-0.002],[115.396,0.058],[115.41,0.052],[115.438,0.062],[115.461,0.053],[115.461,0.064],[115.511,0.063],[115.524,0.08],[115.543,0.083],[115.557,0.097],[115.581,0.145],[115.607,0.141],[115.656,0.163],[115.66,0.156],[115.677,0.162],[115.692,0.196],[115.714,0.215],[115.714,0.225],[115.711,0.278],[115.684,0.283],[115.683,0.302],[115.672,0.309],[115.683,0.33],[115.721,0.306],[115.732,0.311],[115.763,0.299],[115.782,0.284],[115.768,0.257],[115.767,0.227],[115.79,0.232],[115.805,0.209],[115.823,0.22],[115.831,0.215],[115.84,0.184],[115.851,0.186],[115.864,0.168],[115.875,0.167],[115.905,0.122],[115.948,0.117],[115.958,0.102],[115.979,0.101],[115.977,0.073],[115.994,0.06],[115.989,0.021],[115.977,0.015],[115.969,0.024],[115.967,0.002],[115.948,-0.015],[115.961,-0.058],[115.977,-0.074],[115.973,-0.086],[115.99,-0.092],[115.998,-0.104],[116.007,-0.103],[116.034,-0.146],[116.066,-0.168],[116.161,-0.178],[116.165,-0.214],[116.277,-0.289],[116.306,-0.33],[116.301,-0.348],[116.323,-0.39],[116.305,-0.386],[116.29,-0.4],[116.236,-0.4],[116.233,-0.408],[116.235,-0.425],[116.266,-0.45],[116.251,-0.486],[116.287,-0.524],[116.32,-0.534],[116.375,-0.616],[116.375,-0.633],[116.409,-0.659],[116.449,-0.712],[116.455,-0.735],[116.486,-0.735],[116.496,-0.752],[116.522,-0.753],[116.491,-0.807],[116.501,-0.858]]]}},{"type":"Feature","properties":{"kode":"65.03","nama":"Nunukan","prov":"Kalimantan Utara","kota":false},"geometry":{"type":"MultiPolygon","coordinates":[[[[117.719,3.872],[117.758,3.865],[117.773,3.846],[117.829,3.808],[117.832,3.785],[117.786,3.789],[117.744,3.806],[117.735,3.82],[117.735,3.841],[117.71,3.861],[117.719,3.872]]],[[[117.496,4.053],[117.547,4.015],[117.555,3.985],[117.578,3.97],[117.597,3.933],[117.644,3.911],[117.683,3.914],[117.682,3.888],[117.602,3.883],[117.552,3.925],[117.526,3.93],[117.497,3.916],[117.462,3.93],[117.466,3.959],[117.457,3.985],[117.443,4.006],[117.496,4.053]]],[[[117.554,4.099],[117.536,4.109],[117.543,4.129],[117.554,4.139],[117.585,4.144],[117.582,4.127],[117.554,4.099]]],[[[117.66,4.147],[117.754,4.062],[117.727,4.012],[117.724,3.984],[117.669,3.966],[117.624,3.99],[117.603,4.011],[117.589,4.08],[117.629,4.135],[117.66,4.147]]],[[[117.683,4.167],[117.901,4.167],[117.926,4.127],[117.917,4.084],[117.926,4.063],[117.906,4.041],[117.861,4.029],[117.731,4.121],[117.683,4.167]]],[[[117.784,3.755],[117.661,3.785],[117.647,3.771],[117.628,3.779],[117.601,3.774],[117.599,3.795],[117.576,3.78],[117.558,3.784],[117.53,3.767],[117.525,3.774],[117.503,3.765],[117.488,3.769],[117.477,3.756],[117.487,3.719],[117.447,3.703],[117.435,3.691],[117.407,3.695],[117.387,3.71],[117.291,3.719],[117.261,3.733],[117.25,3.73],[117.234,3.748],[117.237,3.762],[117.215,3.768],[117.182,3.749],[117.138,3.754],[117.043,3.735],[116.968,3.737],[116.944,3.75],[116.881,3.732],[116.832,3.693],[116.761,3.695],[116.743,3.681],[116.731,3.683],[116.718,3.699],[116.696,3.702],[116.673,3.741],[116.681,3.749],[116.663,3.776],[116.646,3.785],[116.642,3.799],[116.623,3.801],[116.592,3.827],[116.564,3.834],[116.556,3.845],[116.534,3.848],[116.517,3.858],[116.495,3.857],[116.466,3.879],[116.425,3.881],[116.407,3.896],[116.384,3.944],[116.382,3.982],[116.39,3.99],[116.369,3.994],[116.356,4.008],[116.355,4.036],[116.323,4.066],[116.302,4.051],[116.281,4.058],[116.275,4.04],[116.253,4.043],[116.237,4.048],[116.222,4.077],[116.186,4.078],[116.162,4.091],[116.166,4.113],[116.132,4.122],[116.112,4.112],[116.085,4.118],[116.071,4.099],[116.03,4.081],[116.023,4.089],[115.992,4.095],[115.978,4.115],[115.963,4.117],[115.958,4.076],[115.995,4.058],[116.002,4.032],[116.021,4.011],[116.016,3.965],[115.999,3.932],[115.956,3.914],[115.943,3.884],[115.915,3.879],[115.908,3.844],[115.925,3.835],[115.922,3.804],[115.944,3.794],[115.947,3.774],[115.943,3.761],[115.926,3.75],[115.912,3.683],[115.932,3.64],[115.954,3.617],[115.959,3.572],[115.972,3.564],[115.971,3.529],[115.964,3.519],[115.939,3.527],[115.922,3.5],[115.899,3.498],[115.879,3.459],[115.856,3.471],[115.848,3.492],[115.834,3.488],[115.817,3.497],[115.806,3.491],[115.802,3.467],[115.785,3.461],[115.77,3.466],[115.757,3.444],[115.722,3.445],[115.696,3.407],[115.637,3.457],[115.635,3.474],[115.609,3.511],[115.612,3.554],[115.603,3.575],[115.588,3.579],[115.579,3.596],[115.58,3.632],[115.571,3.646],[115.571,3.681],[115.583,3.698],[115.574,3.722],[115.581,3.728],[115.577,3.748],[115.612,3.824],[115.618,3.868],[115.616,3.875],[115.596,3.881],[115.596,3.89],[115.582,3.886],[115.558,3.917],[115.589,3.943],[115.615,3.937],[115.64,3.962],[115.653,4.035],[115.677,4.09],[115.681,4.153],[115.696,4.186],[115.718,4.194],[115.728,4.19],[115.732,4.209],[115.752,4.212],[115.766,4.245],[115.796,4.238],[115.802,4.222],[115.817,4.225],[115.829,4.234],[115.824,4.262],[115.874,4.291],[115.863,4.332],[115.877,4.391],[115.908,4.391],[115.928,4.354],[115.977,4.358],[116.003,4.348],[116.008,4.335],[116.031,4.329],[116.034,4.295],[116.073,4.277],[116.081,4.278],[116.087,4.304],[116.111,4.332],[116.134,4.33],[116.14,4.338],[116.155,4.338],[116.167,4.391],[116.204,4.373],[116.22,4.382],[116.252,4.377],[116.261,4.362],[116.279,4.36],[116.292,4.373],[116.318,4.374],[116.324,4.384],[116.359,4.387],[116.379,4.376],[116.386,4.359],[116.404,4.359],[116.418,4.326],[116.43,4.33],[116.437,4.323],[116.44,4.288],[116.479,4.303],[116.488,4.334],[116.537,4.321],[116.54,4.334],[116.529,4.348],[116.536,4.376],[116.564,4.391],[116.566,4.408],[116.588,4.374],[116.61,4.38],[116.619,4.338],[116.631,4.336],[116.651,4.337],[116.667,4.353],[116.701,4.334],[116.734,4.353],[116.741,4.382],[116.751,4.39],[116.783,4.359],[116.785,4.342],[116.797,4.339],[116.806,4.351],[116.816,4.351],[116.835,4.326],[116.843,4.326],[116.85,4.339],[116.873,4.34],[116.911,4.369],[116.955,4.356],[116.969,4.337],[117.005,4.347],[117.006,4.321],[117.021,4.319],[117.031,4.341],[117.043,4.347],[117.108,4.332],[117.142,4.343],[117.151,4.354],[117.171,4.337],[117.2,4.335],[117.23,4.37],[117.248,4.374],[117.285,4.334],[117.29,4.316],[117.309,4.308],[117.311,4.299],[117.323,4.303],[117.342,4.29],[117.372,4.285],[117.376,4.269],[117.413,4.247],[117.41,4.242],[117.43,4.229],[117.427,4.216],[117.439,4.208],[117.442,4.194],[117.468,4.174],[117.483,4.169],[117.489,4.175],[117.53,4.16],[117.566,4.18],[117.593,4.172],[117.583,4.159],[117.548,4.142],[117.516,4.099],[117.395,4.145],[117.391,4.136],[117.419,4.114],[117.413,4.107],[117.418,4.094],[117.468,4.083],[117.474,4.071],[117.438,4.013],[117.416,4.029],[117.386,4.036],[117.37,4.033],[117.365,4.014],[117.376,4.015],[117.375,4.026],[117.385,4.027],[117.44,4.004],[117.464,3.958],[117.458,3.93],[117.487,3.915],[117.499,3.913],[117.533,3.925],[117.564,3.911],[117.579,3.888],[117.598,3.876],[117.669,3.879],[117.695,3.867],[117.734,3.836],[117.73,3.812],[117.778,3.786],[117.778,3.769],[117.792,3.759],[117.784,3.755]]]]}},{"type":"Feature","properties":{"kode":"14.04","nama":"Indragiri Hilir","prov":"Riau","kota":false},"geometry":{"type":"MultiPolygon","coordinates":[[[[103.55,-0.176],[103.566,-0.181],[103.568,-0.193],[103.533,-0.205],[103.508,-0.198],[103.484,-0.202],[103.509,-0.184],[103.55,-0.176]]],[[[103.581,-0.078],[103.592,-0.092],[103.583,-0.103],[103.544,-0.12],[103.505,-0.119],[103.507,-0.106],[103.518,-0.105],[103.515,-0.096],[103.524,-0.09],[103.551,-0.079],[103.581,-0.078]]],[[[103.615,-0.009],[103.64,-0.024],[103.648,-0.047],[103.64,-0.051],[103.6,-0.02],[103.615,-0.009]]],[[[103.441,-0.732],[103.446,-0.75],[103.437,-0.778],[103.409,-0.77],[103.402,-0.787],[103.353,-0.799],[103.346,-0.779],[103.312,-0.765],[103.302,-0.765],[103.302,-0.781],[103.291,-0.772],[103.278,-0.776],[103.208,-0.757],[103.112,-0.747],[103.081,-0.762],[103.004,-0.755],[102.928,-0.866],[102.86,-0.928],[102.784,-0.982],[102.785,-0.991],[102.769,-1.011],[102.782,-1.03],[102.767,-1.032],[102.757,-1.023],[102.751,-1.044],[102.732,-1.05],[102.729,-1.08],[102.713,-1.076],[102.707,-1.082],[102.705,-1.075],[102.699,-1.083],[102.681,-1.082],[102.683,-1.096],[102.644,-1.119],[102.644,-1.127],[102.632,-1.124],[102.631,-1.109],[102.621,-1.101],[102.607,-1.098],[102.601,-1.042],[102.575,-1.007],[102.566,-0.905],[102.581,-0.873],[102.629,-0.818],[102.677,-0.778],[102.668,-0.763],[102.637,-0.745],[102.641,-0.708],[102.651,-0.681],[102.691,-0.653],[102.686,-0.564],[102.719,-0.558],[102.706,-0.528],[102.686,-0.513],[102.692,-0.469],[102.705,-0.478],[102.72,-0.46],[102.717,-0.245],[102.69,-0.246],[102.69,-0.24],[102.69,-0.163],[102.717,-0.164],[102.717,0.093],[102.787,0.118],[102.847,0.152],[103.074,0.313],[103.211,0.369],[103.269,0.438],[103.352,0.485],[103.347,0.538],[103.425,0.514],[103.488,0.46],[103.53,0.441],[103.58,0.398],[103.598,0.371],[103.603,0.346],[103.656,0.334],[103.71,0.3],[103.76,0.204],[103.775,0.099],[103.813,-0.006],[103.762,-0.009],[103.685,-0.028],[103.663,-0.016],[103.628,-0.015],[103.614,-0.006],[103.57,-0.035],[103.593,-0.034],[103.596,-0.042],[103.581,-0.062],[103.514,-0.092],[103.495,-0.084],[103.474,-0.102],[103.469,-0.12],[103.501,-0.144],[103.494,-0.158],[103.456,-0.184],[103.471,-0.21],[103.511,-0.202],[103.531,-0.224],[103.558,-0.216],[103.64,-0.225],[103.663,-0.251],[103.692,-0.26],[103.709,-0.256],[103.76,-0.3],[103.786,-0.342],[103.697,-0.356],[103.621,-0.39],[103.591,-0.391],[103.584,-0.401],[103.604,-0.417],[103.608,-0.432],[103.544,-0.503],[103.506,-0.517],[103.468,-0.506],[103.421,-0.522],[103.421,-0.53],[103.438,-0.539],[103.438,-0.551],[103.425,-0.599],[103.431,-0.618],[103.416,-0.636],[103.407,-0.637],[103.407,-0.647],[103.421,-0.655],[103.425,-0.67],[103.404,-0.692],[103.406,-0.706],[103.435,-0.709],[103.428,-0.734],[103.441,-0.732]]]]}},{"type":"Feature","properties":{"kode":"14.05","nama":"Pelalawan","prov":"Riau","kota":false},"geometry":{"type":"MultiPolygon","coordinates":[[[[103.038,0.66],[103.055,0.652],[103.079,0.604],[103.084,0.589],[103.071,0.565],[103.031,0.632],[103.028,0.643],[103.038,0.66]]],[[[103.207,0.702],[103.249,0.686],[103.283,0.65],[103.299,0.613],[103.3,0.553],[103.285,0.53],[103.205,0.52],[103.171,0.498],[103.15,0.523],[103.14,0.548],[103.15,0.665],[103.163,0.685],[103.207,0.702]]],[[[103.347,0.538],[103.352,0.485],[103.269,0.438],[103.211,0.369],[103.074,0.313],[102.847,0.152],[102.787,0.118],[102.695,0.086],[102.583,0.088],[102.534,0.068],[102.467,-0.117],[102.448,-0.143],[102.415,-0.166],[102.215,-0.165],[102.175,-0.248],[102.162,-0.265],[102.149,-0.269],[102.143,-0.288],[102.087,-0.288],[102.087,-0.298],[102.048,-0.314],[102.047,-0.342],[102.015,-0.355],[101.985,-0.395],[101.958,-0.402],[101.899,-0.387],[101.859,-0.401],[101.827,-0.369],[101.83,-0.361],[101.811,-0.336],[101.804,-0.338],[101.803,-0.328],[101.793,-0.336],[101.763,-0.337],[101.76,-0.293],[101.73,-0.284],[101.714,-0.262],[101.692,-0.258],[101.68,-0.241],[101.666,-0.236],[101.641,-0.243],[101.624,-0.229],[101.614,-0.234],[101.596,-0.196],[101.563,-0.17],[101.549,-0.128],[101.513,-0.107],[101.519,-0.1],[101.515,-0.064],[101.547,-0.044],[101.534,-0.003],[101.522,-0.005],[101.517,0.053],[101.497,0.065],[101.496,0.077],[101.508,0.095],[101.504,0.1],[101.515,0.11],[101.54,0.112],[101.558,0.133],[101.568,0.131],[101.566,0.185],[101.569,0.194],[101.585,0.196],[101.578,0.234],[101.589,0.242],[101.585,0.268],[101.639,0.269],[101.665,0.278],[101.667,0.316],[101.637,0.319],[101.616,0.343],[101.634,0.357],[101.637,0.383],[101.61,0.386],[101.614,0.398],[101.592,0.414],[101.59,0.434],[101.6,0.446],[101.579,0.484],[101.588,0.506],[101.61,0.501],[101.61,0.513],[101.675,0.51],[101.675,0.493],[101.644,0.486],[101.649,0.471],[101.658,0.469],[101.651,0.448],[101.675,0.452],[101.688,0.431],[101.701,0.435],[101.695,0.45],[101.733,0.454],[101.752,0.432],[101.774,0.42],[101.771,0.413],[101.788,0.406],[101.85,0.461],[101.841,0.487],[101.822,0.487],[101.822,0.5],[101.835,0.5],[101.834,0.507],[101.873,0.525],[101.874,0.51],[101.885,0.51],[101.886,0.45],[101.913,0.454],[101.917,0.515],[101.934,0.524],[101.932,0.552],[102.81,0.653],[102.806,0.687],[102.864,0.71],[102.886,0.71],[102.9,0.724],[103.018,0.595],[103.031,0.569],[103.096,0.495],[103.107,0.456],[103.076,0.441],[103.111,0.385],[103.133,0.389],[103.155,0.403],[103.203,0.48],[103.25,0.503],[103.295,0.51],[103.326,0.545],[103.347,0.538]]]]}},{"type":"Feature","properties":{"kode":"61.03","nama":"Sanggau","prov":"Kalimantan Barat","kota":false},"geometry":{"type":"Polygon","coordinates":[[[110.803,0.901],[110.76,0.851],[110.759,0.841],[110.773,0.833],[110.792,0.794],[110.82,0.785],[110.824,0.774],[110.839,0.771],[110.845,0.757],[110.869,0.755],[110.869,0.748],[110.851,0.744],[110.858,0.728],[110.874,0.73],[110.904,0.713],[110.951,0.727],[110.969,0.725],[110.969,0.737],[110.995,0.737],[110.998,0.746],[111.012,0.739],[110.997,0.735],[111.001,0.724],[110.989,0.709],[110.989,0.69],[111.008,0.677],[111.013,0.659],[110.989,0.598],[111.0,0.558],[110.962,0.517],[110.96,0.497],[110.942,0.462],[110.943,0.414],[110.948,0.4],[110.959,0.398],[110.959,0.373],[110.923,0.34],[110.927,0.329],[110.91,0.299],[110.909,0.251],[110.889,0.236],[110.894,0.224],[110.911,0.223],[110.899,0.203],[110.905,0.186],[110.9,0.167],[110.879,0.147],[110.871,0.119],[110.843,0.108],[110.843,0.096],[110.819,0.093],[110.797,0.099],[110.764,0.086],[110.767,0.08],[110.725,-0.003],[110.73,-0.032],[110.722,-0.032],[110.715,-0.05],[110.714,-0.083],[110.748,-0.16],[110.701,-0.169],[110.637,-0.142],[110.597,-0.157],[110.63,-0.203],[110.597,-0.242],[110.56,-0.259],[110.57,-0.286],[110.556,-0.342],[110.57,-0.346],[110.543,-0.351],[110.505,-0.325],[110.49,-0.332],[110.475,-0.324],[110.441,-0.336],[110.423,-0.365],[110.432,-0.38],[110.428,-0.385],[110.407,-0.39],[110.384,-0.382],[110.376,-0.389],[110.378,-0.402],[110.348,-0.397],[110.321,-0.41],[110.301,-0.452],[110.271,-0.439],[110.259,-0.446],[110.214,-0.42],[110.198,-0.425],[110.198,-0.419],[110.155,-0.438],[110.121,-0.423],[110.108,-0.428],[110.099,-0.398],[110.05,-0.388],[110.04,-0.399],[110.037,-0.436],[110.014,-0.449],[110.006,-0.471],[109.994,-0.473],[109.995,-0.483],[109.975,-0.499],[109.966,-0.497],[109.959,-0.486],[109.972,-0.477],[109.969,-0.457],[109.947,-0.442],[109.97,-0.444],[109.972,-0.434],[109.929,-0.413],[109.925,-0.392],[109.927,-0.36],[109.952,-0.351],[109.936,-0.318],[109.971,-0.283],[109.951,-0.259],[109.955,-0.246],[109.944,-0.228],[109.948,-0.141],[109.921,-0.147],[109.905,-0.137],[109.904,-0.107],[109.851,-0.049],[109.843,0.004],[109.885,0.041],[109.876,0.077],[109.89,0.087],[109.909,0.084],[109.913,0.101],[109.936,0.114],[109.958,0.108],[110.005,0.147],[110.024,0.141],[110.029,0.174],[110.049,0.211],[110.071,0.222],[110.086,0.211],[110.101,0.218],[110.117,0.207],[110.118,0.245],[110.15,0.275],[110.135,0.292],[110.136,0.322],[110.147,0.323],[110.162,0.378],[110.189,0.381],[110.197,0.415],[110.208,0.409],[110.206,0.425],[110.184,0.427],[110.18,0.443],[110.165,0.446],[110.164,0.458],[110.181,0.471],[110.177,0.481],[110.185,0.488],[110.199,0.485],[110.199,0.526],[110.214,0.536],[110.231,0.533],[110.254,0.55],[110.244,0.565],[110.249,0.575],[110.227,0.582],[110.22,0.602],[110.221,0.633],[110.245,0.676],[110.239,0.728],[110.201,0.752],[110.179,0.807],[110.184,0.836],[110.207,0.847],[110.24,0.848],[110.259,0.86],[110.259,0.872],[110.217,0.918],[110.222,0.982],[110.184,1.002],[110.135,1.005],[110.132,1.015],[110.143,1.028],[110.113,1.062],[110.131,1.082],[110.124,1.119],[110.104,1.141],[110.106,1.169],[110.132,1.199],[110.159,1.199],[110.193,1.183],[110.213,1.151],[110.206,1.138],[110.21,1.119],[110.241,1.118],[110.252,1.08],[110.263,1.074],[110.26,1.058],[110.286,1.044],[110.278,1.033],[110.283,1.018],[110.276,0.997],[110.298,0.996],[110.305,1.004],[110.325,0.992],[110.339,1.013],[110.344,0.992],[110.353,0.987],[110.396,0.998],[110.409,0.968],[110.405,0.953],[110.439,0.944],[110.433,0.925],[110.445,0.909],[110.463,0.905],[110.467,0.893],[110.48,0.892],[110.49,0.877],[110.545,0.869],[110.575,0.854],[110.596,0.858],[110.602,0.869],[110.621,0.866],[110.635,0.876],[110.632,0.883],[110.648,0.902],[110.652,0.878],[110.659,0.871],[110.675,0.876],[110.69,0.863],[110.716,0.906],[110.756,0.899],[110.772,0.932],[110.784,0.912],[110.803,0.901]]]}},{"type":"Feature","properties":{"kode":"16.07","nama":"Banyuasin","prov":"Sumatera Selatan","kota":false},"geometry":{"type":"MultiPolygon","coordinates":[[[[104.554,-1.854],[104.6,-1.88],[104.644,-1.924],[104.642,-1.934],[104.626,-1.938],[104.608,-1.962],[104.617,-1.982],[104.605,-2.0],[104.565,-1.998],[104.534,-1.98],[104.524,-1.98],[104.508,-1.968],[104.501,-1.939],[104.519,-1.926],[104.54,-1.861],[104.554,-1.854]]],[[[104.542,-1.784],[104.529,-1.8],[104.509,-1.806],[104.485,-1.785],[104.496,-1.782],[104.498,-1.78],[104.499,-1.772],[104.497,-1.766],[104.509,-1.749],[104.503,-1.735],[104.508,-1.721],[104.513,-1.72],[104.521,-1.716],[104.534,-1.734],[104.542,-1.784]]],[[[104.491,-1.668],[104.494,-1.682],[104.507,-1.686],[104.526,-1.712],[104.506,-1.722],[104.502,-1.736],[104.508,-1.749],[104.496,-1.766],[104.498,-1.779],[104.485,-1.784],[104.484,-1.788],[104.503,-1.811],[104.472,-1.865],[104.479,-1.88],[104.472,-1.913],[104.486,-1.914],[104.494,-1.924],[104.504,-1.968],[104.523,-1.981],[104.589,-2.008],[104.611,-2.006],[104.63,-1.979],[104.656,-1.964],[104.7,-1.999],[104.721,-1.994],[104.828,-2.004],[104.864,-2.034],[104.893,-2.084],[104.905,-2.164],[104.902,-2.192],[104.843,-2.249],[104.824,-2.253],[104.785,-2.284],[104.744,-2.359],[104.701,-2.342],[104.701,-2.361],[104.727,-2.38],[104.73,-2.39],[104.754,-2.395],[104.757,-2.387],[104.794,-2.379],[104.843,-2.331],[104.839,-2.297],[104.845,-2.288],[104.901,-2.279],[104.914,-2.281],[104.918,-2.29],[104.91,-2.336],[104.926,-2.341],[104.963,-2.329],[105.007,-2.333],[105.038,-2.353],[105.046,-2.376],[105.076,-2.361],[105.102,-2.367],[105.109,-2.383],[105.159,-2.348],[105.213,-2.327],[105.297,-2.373],[105.401,-2.389],[105.488,-2.388],[105.562,-2.403],[105.571,-2.412],[105.525,-2.423],[105.494,-2.441],[105.495,-2.451],[105.48,-2.447],[105.47,-2.457],[105.472,-2.464],[105.426,-2.448],[105.4,-2.457],[105.371,-2.445],[105.359,-2.453],[105.355,-2.447],[105.335,-2.448],[105.334,-2.462],[105.323,-2.466],[105.306,-2.49],[105.312,-2.5],[105.285,-2.509],[105.271,-2.524],[105.269,-2.539],[105.25,-2.554],[105.238,-2.542],[105.227,-2.544],[105.201,-2.582],[105.21,-2.607],[105.207,-2.625],[105.203,-2.635],[105.177,-2.637],[105.176,-2.652],[105.197,-2.659],[105.215,-2.685],[105.215,-2.72],[105.206,-2.731],[105.22,-2.748],[105.255,-2.757],[105.256,-2.791],[105.249,-2.806],[105.278,-2.828],[105.279,-2.852],[105.262,-2.85],[105.257,-2.857],[105.259,-2.882],[105.27,-2.898],[105.286,-2.883],[105.298,-2.903],[105.301,-2.935],[105.29,-2.939],[105.288,-2.958],[105.305,-2.977],[105.295,-2.994],[105.28,-2.975],[105.26,-2.983],[105.254,-3.004],[105.233,-3.021],[105.217,-3.102],[105.205,-3.112],[105.19,-3.108],[105.156,-2.99],[105.141,-2.952],[105.128,-2.942],[105.083,-3.0],[105.084,-3.105],[105.044,-3.114],[105.05,-3.148],[104.984,-3.153],[104.961,-3.168],[104.941,-3.158],[104.923,-3.159],[104.897,-3.14],[104.884,-3.142],[104.887,-3.107],[104.877,-3.099],[104.855,-3.11],[104.838,-3.098],[104.828,-3.074],[104.802,-3.072],[104.798,-3.062],[104.806,-3.055],[104.79,-3.054],[104.786,-3.038],[104.792,-3.027],[104.811,-3.033],[104.81,-3.019],[104.837,-3.013],[104.835,-2.987],[104.862,-2.968],[104.864,-2.948],[104.855,-2.947],[104.845,-2.928],[104.851,-2.908],[104.833,-2.896],[104.82,-2.916],[104.79,-2.908],[104.788,-2.901],[104.768,-2.916],[104.727,-2.897],[104.725,-2.871],[104.714,-2.866],[104.709,-2.876],[104.705,-2.87],[104.696,-2.878],[104.677,-2.874],[104.666,-2.891],[104.682,-2.909],[104.675,-2.918],[104.679,-2.964],[104.666,-2.974],[104.635,-2.958],[104.647,-2.942],[104.643,-2.934],[104.624,-2.928],[104.612,-2.959],[104.649,-2.984],[104.634,-2.994],[104.637,-3.012],[104.611,-3.048],[104.596,-3.053],[104.584,-3.047],[104.585,-3.037],[104.545,-3.034],[104.538,-3.055],[104.498,-3.081],[104.482,-3.073],[104.456,-3.08],[104.386,-3.061],[104.318,-3.055],[104.27,-3.022],[104.258,-3.031],[104.231,-3.021],[104.193,-3.052],[104.166,-3.05],[104.164,-2.996],[104.176,-2.957],[104.175,-2.918],[104.206,-2.919],[104.211,-2.908],[104.232,-2.908],[104.23,-2.885],[104.183,-2.885],[104.171,-2.872],[104.176,-2.826],[104.185,-2.813],[104.171,-2.786],[104.171,-2.761],[104.192,-2.76],[104.196,-2.724],[104.226,-2.689],[104.26,-2.683],[104.267,-2.666],[104.294,-2.659],[104.302,-2.644],[104.281,-2.63],[104.253,-2.624],[104.229,-2.635],[104.214,-2.632],[104.14,-2.551],[104.151,-2.538],[104.153,-2.518],[104.147,-2.503],[104.135,-2.499],[104.131,-2.482],[104.103,-2.467],[104.096,-2.442],[104.083,-2.444],[104.078,-2.453],[104.062,-2.451],[104.055,-2.362],[104.039,-2.33],[104.061,-2.296],[104.094,-2.312],[104.142,-2.388],[104.279,-2.44],[104.343,-2.407],[104.379,-2.403],[104.477,-2.413],[104.473,-2.408],[104.515,-2.374],[104.52,-2.383],[104.539,-2.368],[104.548,-2.379],[104.605,-2.377],[104.642,-2.343],[104.66,-2.348],[104.684,-2.335],[104.634,-2.241],[104.609,-2.238],[104.564,-2.247],[104.51,-2.23],[104.489,-2.204],[104.468,-2.22],[104.455,-2.209],[104.455,-2.191],[104.429,-2.191],[104.4,-2.151],[104.384,-2.146],[104.371,-2.118],[104.37,-2.055],[104.356,-2.055],[104.337,-2.01],[104.292,-1.983],[104.201,-1.866],[104.163,-1.793],[104.145,-1.716],[104.419,-1.627],[104.434,-1.641],[104.445,-1.636],[104.462,-1.642],[104.471,-1.652],[104.469,-1.659],[104.491,-1.668]]]]}},{"type":"Feature","properties":{"kode":"91.04","nama":"Nabire","prov":"Papua Tengah","kota":false},"geometry":{"type":"MultiPolygon","coordinates":[[[[135.034,-3.776],[135.04,-3.76],[135.018,-3.719],[135.041,-3.712],[135.051,-3.689],[135.062,-3.693],[135.101,-3.683],[135.129,-3.689],[135.158,-3.634],[135.188,-3.621],[135.191,-3.614],[135.182,-3.608],[135.202,-3.587],[135.194,-3.576],[135.174,-3.574],[135.141,-3.609],[135.133,-3.581],[135.119,-3.579],[135.072,-3.584],[135.047,-3.61],[135.035,-3.6],[135.014,-3.599],[135.01,-3.583],[134.988,-3.581],[134.992,-3.564],[135.006,-3.551],[134.986,-3.541],[134.989,-3.532],[134.976,-3.514],[134.966,-3.512],[134.958,-3.491],[134.939,-3.488],[134.924,-3.474],[134.919,-3.44],[134.869,-3.423],[134.856,-3.388],[134.847,-3.384],[134.826,-3.381],[134.81,-3.369],[134.767,-3.378],[134.761,-3.388],[134.752,-3.37],[134.727,-3.361],[134.727,-3.317],[134.705,-3.293],[134.694,-3.291],[134.678,-3.226],[134.682,-3.204],[134.668,-3.173],[134.642,-3.162],[134.644,-3.144],[134.615,-3.138],[134.609,-3.128],[134.615,-3.114],[134.631,-3.115],[134.617,-3.083],[134.628,-3.076],[134.631,-3.045],[134.622,-2.998],[134.614,-2.993],[134.611,-2.964],[134.619,-2.956],[134.604,-2.922],[134.608,-2.912],[134.585,-2.805],[134.587,-2.795],[134.623,-2.788],[134.637,-2.758],[134.661,-2.756],[134.662,-2.837],[134.667,-2.866],[134.683,-2.889],[134.676,-2.921],[134.691,-2.935],[134.691,-2.971],[134.74,-2.99],[134.767,-2.992],[134.778,-2.983],[134.776,-2.945],[134.796,-2.951],[134.82,-2.937],[134.805,-2.932],[134.806,-2.915],[134.831,-2.914],[134.825,-2.884],[134.831,-2.881],[134.846,-2.898],[134.842,-2.937],[134.849,-2.954],[134.832,-2.968],[134.853,-2.999],[134.819,-3.012],[134.813,-3.022],[134.818,-3.053],[134.811,-3.065],[134.821,-3.076],[134.812,-3.083],[134.814,-3.103],[134.8,-3.131],[134.813,-3.136],[134.833,-3.129],[134.866,-3.167],[134.864,-3.185],[134.85,-3.192],[134.859,-3.226],[134.866,-3.206],[134.873,-3.206],[134.861,-3.25],[134.876,-3.249],[134.935,-3.272],[134.917,-3.244],[134.926,-3.238],[134.947,-3.248],[134.957,-3.245],[134.952,-3.222],[134.961,-3.226],[134.964,-3.246],[134.953,-3.248],[134.945,-3.284],[134.965,-3.308],[134.985,-3.328],[135.017,-3.34],[135.053,-3.329],[135.07,-3.334],[135.088,-3.346],[135.098,-3.372],[135.113,-3.382],[135.165,-3.371],[135.198,-3.381],[135.24,-3.376],[135.342,-3.397],[135.348,-3.389],[135.413,-3.368],[135.457,-3.377],[135.497,-3.36],[135.559,-3.3],[135.565,-3.265],[135.554,-3.263],[135.557,-3.257],[135.571,-3.239],[135.584,-3.236],[135.581,-3.224],[135.596,-3.194],[135.64,-3.163],[135.648,-3.168],[135.696,-3.153],[135.719,-3.128],[135.745,-3.12],[135.761,-3.105],[135.765,-3.112],[135.768,-3.088],[135.73,-3.075],[135.73,-3.067],[135.761,-3.05],[135.774,-3.061],[135.8,-3.05],[135.826,-3.028],[135.827,-3.014],[135.856,-3.005],[135.866,-2.992],[135.874,-2.998],[135.875,-2.987],[135.893,-2.99],[135.891,-2.977],[135.905,-2.978],[135.924,-2.961],[135.935,-2.906],[135.925,-2.885],[135.918,-2.895],[135.91,-2.894],[135.905,-2.871],[135.936,-2.849],[135.958,-2.795],[135.946,-2.783],[135.993,-2.748],[136.012,-2.72],[136.011,-2.706],[136.047,-2.719],[136.053,-2.741],[136.044,-2.744],[136.057,-2.751],[136.05,-2.771],[136.089,-2.779],[136.139,-2.772],[136.15,-2.792],[136.161,-2.788],[136.162,-2.799],[136.185,-2.796],[136.182,-2.81],[136.188,-2.81],[136.188,-2.798],[136.204,-2.801],[136.229,-2.824],[136.223,-2.828],[136.234,-2.834],[136.229,-2.84],[136.24,-2.836],[136.247,-2.843],[136.239,-2.857],[136.247,-2.863],[136.247,-2.85],[136.255,-2.856],[136.261,-2.85],[136.261,-2.868],[136.273,-2.879],[136.265,-2.886],[136.272,-2.887],[136.282,-2.871],[136.281,-2.886],[136.294,-2.881],[136.288,-2.901],[136.296,-2.902],[136.296,-2.917],[136.309,-2.936],[136.32,-2.94],[136.305,-2.953],[136.298,-2.986],[136.32,-3.014],[136.335,-3.056],[136.324,-3.067],[136.333,-3.075],[136.335,-3.099],[136.314,-3.133],[136.324,-3.15],[136.323,-3.184],[136.306,-3.197],[136.318,-3.229],[136.317,-3.253],[136.282,-3.272],[136.248,-3.303],[136.239,-3.298],[136.222,-3.311],[136.209,-3.296],[136.187,-3.302],[136.182,-3.347],[136.155,-3.362],[136.16,-3.444],[136.151,-3.466],[136.129,-3.478],[136.103,-3.47],[136.091,-3.504],[136.055,-3.529],[136.052,-3.545],[136.019,-3.556],[135.99,-3.621],[136.001,-3.627],[136.012,-3.679],[136.026,-3.706],[136.07,-3.725],[136.078,-3.736],[136.093,-3.739],[136.102,-3.731],[136.114,-3.74],[136.116,-3.78],[136.102,-3.808],[136.117,-3.857],[136.126,-3.857],[136.127,-3.886],[136.119,-3.904],[136.103,-3.911],[136.081,-3.892],[136.06,-3.886],[136.043,-3.854],[136.01,-3.904],[135.969,-3.893],[135.955,-3.915],[135.918,-3.909],[135.905,-3.897],[135.85,-3.892],[135.803,-3.91],[135.768,-3.91],[135.705,-3.89],[135.696,-3.879],[135.684,-3.883],[135.676,-3.903],[135.65,-3.921],[135.624,-3.933],[135.583,-3.927],[135.569,-3.947],[135.553,-3.931],[135.53,-3.932],[135.495,-3.889],[135.457,-3.878],[135.445,-3.865],[135.422,-3.877],[135.417,-3.893],[135.385,-3.883],[135.362,-3.863],[135.305,-3.86],[135.314,-3.819],[135.298,-3.813],[135.299,-3.825],[135.285,-3.824],[135.275,-3.839],[135.145,-3.805],[135.14,-3.811],[135.034,-3.776]]],[[[135.73,-2.943],[135.802,-2.937],[135.806,-2.943],[135.782,-2.946],[135.774,-2.959],[135.757,-2.96],[135.731,-2.983],[135.71,-2.974],[135.71,-2.96],[135.723,-2.955],[135.73,-2.943]]],[[[134.808,-2.684],[134.847,-2.687],[134.864,-2.704],[134.861,-2.711],[134.836,-2.724],[134.803,-2.71],[134.808,-2.684]]]]}},{"type":"Feature","properties":{"kode":"92.09","nama":"Tambrauw","prov":"Papua Barat Daya","kota":false},"geometry":{"type":"Polygon","coordinates":[[[133.486,-0.741],[133.493,-0.762],[133.469,-0.775],[133.472,-0.8],[133.426,-0.8],[133.437,-0.806],[133.441,-0.863],[133.463,-0.887],[133.471,-0.929],[133.467,-0.943],[133.451,-0.95],[133.455,-0.976],[133.444,-0.993],[133.445,-1.032],[133.433,-1.062],[133.437,-1.08],[133.431,-1.094],[133.439,-1.122],[133.424,-1.149],[133.432,-1.178],[133.413,-1.188],[133.406,-1.204],[133.393,-1.201],[133.364,-1.223],[133.342,-1.207],[133.242,-1.185],[133.233,-1.196],[133.247,-1.223],[133.232,-1.236],[133.238,-1.252],[133.225,-1.254],[133.197,-1.241],[133.17,-1.253],[133.154,-1.251],[133.115,-1.291],[133.085,-1.293],[133.066,-1.321],[133.059,-1.313],[133.044,-1.314],[133.037,-1.339],[133.007,-1.357],[132.974,-1.335],[132.959,-1.336],[132.963,-1.327],[132.935,-1.294],[132.916,-1.287],[132.905,-1.294],[132.819,-1.23],[132.81,-1.211],[132.821,-1.187],[132.796,-1.168],[132.786,-1.149],[132.749,-1.17],[132.731,-1.157],[132.71,-1.176],[132.693,-1.176],[132.677,-1.151],[132.64,-1.16],[132.596,-1.143],[132.578,-1.145],[132.577,-1.119],[132.564,-1.106],[132.58,-1.087],[132.602,-1.077],[132.612,-1.056],[132.577,-1.006],[132.52,-1.017],[132.515,-1.029],[132.503,-1.032],[132.461,-1.033],[132.404,-1.015],[132.403,-0.991],[132.377,-0.977],[132.361,-0.979],[132.352,-0.959],[132.314,-0.953],[132.277,-0.924],[132.262,-0.939],[132.241,-0.943],[132.247,-0.938],[132.248,-0.895],[132.234,-0.874],[132.254,-0.868],[132.268,-0.854],[132.269,-0.839],[132.254,-0.836],[132.29,-0.816],[132.273,-0.798],[132.259,-0.802],[132.227,-0.794],[132.216,-0.798],[132.21,-0.821],[132.202,-0.823],[132.187,-0.819],[132.192,-0.801],[132.173,-0.789],[132.169,-0.776],[132.16,-0.771],[132.137,-0.785],[132.113,-0.783],[132.09,-0.761],[132.085,-0.743],[132.05,-0.741],[132.01,-0.719],[131.969,-0.725],[131.906,-0.716],[131.876,-0.731],[131.862,-0.754],[131.841,-0.771],[131.817,-0.771],[131.793,-0.8],[131.775,-0.803],[131.762,-0.799],[131.755,-0.788],[131.755,-0.76],[131.744,-0.746],[131.746,-0.731],[131.844,-0.708],[131.904,-0.675],[131.904,-0.654],[131.939,-0.615],[131.958,-0.605],[131.975,-0.58],[132.07,-0.542],[132.085,-0.516],[132.079,-0.499],[132.095,-0.48],[132.142,-0.458],[132.172,-0.426],[132.207,-0.41],[132.247,-0.406],[132.26,-0.398],[132.266,-0.382],[132.339,-0.385],[132.364,-0.366],[132.388,-0.365],[132.42,-0.344],[132.486,-0.358],[132.532,-0.355],[132.578,-0.364],[132.596,-0.358],[132.682,-0.372],[132.72,-0.364],[132.717,-0.371],[132.733,-0.389],[132.762,-0.391],[132.765,-0.401],[132.783,-0.402],[132.825,-0.43],[132.867,-0.449],[132.888,-0.448],[132.901,-0.464],[132.925,-0.465],[132.954,-0.454],[132.973,-0.494],[133.003,-0.496],[133.031,-0.52],[133.079,-0.517],[133.084,-0.536],[133.114,-0.553],[133.133,-0.543],[133.153,-0.547],[133.16,-0.569],[133.177,-0.584],[133.235,-0.605],[133.256,-0.637],[133.292,-0.661],[133.319,-0.697],[133.386,-0.738],[133.486,-0.741]]]}},{"type":"Feature","properties":{"kode":"91.15","nama":"Waropen","prov":"Papua","kota":false},"geometry":{"type":"Polygon","coordinates":[[[136.817,-2.203],[136.837,-2.229],[136.852,-2.235],[136.86,-2.284],[136.899,-2.3],[136.895,-2.324],[136.915,-2.322],[136.915,-2.332],[136.937,-2.339],[136.938,-2.349],[136.928,-2.356],[136.931,-2.363],[136.91,-2.362],[136.914,-2.387],[136.949,-2.398],[136.973,-2.427],[136.985,-2.418],[137.0,-2.425],[137.03,-2.417],[137.041,-2.442],[137.034,-2.459],[137.112,-2.501],[137.121,-2.537],[137.141,-2.556],[137.136,-2.568],[137.143,-2.587],[137.158,-2.587],[137.168,-2.572],[137.192,-2.564],[137.237,-2.575],[137.253,-2.592],[137.267,-2.633],[137.261,-2.64],[137.26,-2.682],[137.287,-2.72],[137.271,-2.737],[137.285,-2.757],[137.28,-2.806],[137.291,-2.816],[137.304,-2.812],[137.308,-2.836],[137.32,-2.851],[137.344,-2.86],[137.359,-2.878],[137.355,-2.906],[137.369,-2.911],[137.37,-2.94],[137.38,-2.936],[137.376,-2.957],[137.387,-2.968],[137.386,-2.988],[137.397,-2.985],[137.399,-2.996],[137.402,-2.986],[137.417,-2.99],[137.423,-3.008],[137.432,-3.009],[137.421,-3.013],[137.432,-3.015],[137.444,-3.041],[137.462,-3.053],[137.484,-3.044],[137.518,-3.063],[137.524,-3.052],[137.534,-3.06],[137.549,-3.055],[137.552,-3.067],[137.533,-3.068],[137.523,-3.081],[137.488,-3.096],[137.445,-3.107],[137.427,-3.105],[137.408,-3.088],[137.385,-3.098],[137.363,-3.069],[137.351,-3.077],[137.349,-3.09],[137.301,-3.1],[137.291,-3.113],[137.26,-3.11],[137.248,-3.123],[137.232,-3.115],[137.221,-3.124],[137.208,-3.111],[137.198,-3.122],[137.19,-3.108],[137.181,-3.122],[137.162,-3.132],[137.136,-3.135],[137.125,-3.123],[137.107,-3.138],[137.104,-3.157],[137.096,-3.155],[137.086,-3.173],[137.062,-3.183],[137.054,-3.218],[137.062,-3.233],[137.044,-3.252],[137.042,-3.268],[137.03,-3.27],[137.022,-3.283],[137.023,-3.308],[137.003,-3.317],[136.951,-3.284],[137.023,-3.227],[137.041,-3.204],[137.008,-3.193],[137.009,-3.178],[136.994,-3.184],[136.993,-3.175],[136.886,-3.147],[136.903,-3.158],[136.916,-3.235],[136.909,-3.23],[136.895,-3.238],[136.889,-3.264],[136.923,-3.308],[136.924,-3.329],[136.944,-3.339],[136.961,-3.333],[136.963,-3.352],[136.96,-3.39],[136.944,-3.388],[136.907,-3.407],[136.898,-3.406],[136.896,-3.368],[136.873,-3.3],[136.861,-3.272],[136.852,-3.269],[136.852,-3.253],[136.878,-3.245],[136.87,-3.24],[136.809,-3.254],[136.77,-3.251],[136.745,-3.267],[136.737,-3.238],[136.765,-3.193],[136.732,-3.183],[136.668,-3.137],[136.646,-3.16],[136.655,-3.196],[136.704,-3.226],[136.666,-3.225],[136.634,-3.245],[136.619,-3.236],[136.567,-3.254],[136.561,-3.241],[136.533,-3.226],[136.517,-3.184],[136.521,-3.159],[136.543,-3.151],[136.559,-3.113],[136.558,-3.087],[136.578,-3.066],[136.571,-3.046],[136.557,-3.043],[136.534,-3.057],[136.463,-3.062],[136.458,-3.051],[136.432,-3.051],[136.421,-3.035],[136.407,-3.029],[136.405,-3.015],[136.385,-3.01],[136.36,-3.026],[136.339,-3.028],[136.323,-3.02],[136.298,-2.986],[136.305,-2.953],[136.32,-2.94],[136.309,-2.936],[136.296,-2.917],[136.296,-2.902],[136.288,-2.901],[136.294,-2.881],[136.281,-2.886],[136.282,-2.871],[136.272,-2.887],[136.265,-2.886],[136.273,-2.879],[136.261,-2.868],[136.261,-2.85],[136.255,-2.856],[136.247,-2.85],[136.247,-2.863],[136.239,-2.857],[136.247,-2.843],[136.24,-2.836],[136.229,-2.84],[136.234,-2.834],[136.223,-2.828],[136.229,-2.824],[136.204,-2.801],[136.188,-2.798],[136.188,-2.81],[136.182,-2.81],[136.185,-2.796],[136.162,-2.799],[136.161,-2.788],[136.15,-2.792],[136.139,-2.772],[136.089,-2.779],[136.05,-2.771],[136.057,-2.751],[136.044,-2.744],[136.053,-2.741],[136.047,-2.719],[136.011,-2.706],[136.02,-2.692],[136.038,-2.696],[136.055,-2.679],[136.056,-2.669],[136.108,-2.669],[136.136,-2.646],[136.146,-2.651],[136.175,-2.638],[136.182,-2.642],[136.225,-2.611],[136.26,-2.561],[136.275,-2.525],[136.288,-2.474],[136.279,-2.463],[136.288,-2.452],[136.296,-2.411],[136.343,-2.371],[136.334,-2.288],[136.339,-2.264],[136.406,-2.212],[136.429,-2.204],[136.458,-2.213],[136.518,-2.192],[136.526,-2.212],[136.545,-2.224],[136.57,-2.195],[136.578,-2.205],[136.589,-2.187],[136.593,-2.192],[136.576,-2.219],[136.583,-2.236],[136.6,-2.236],[136.6,-2.253],[136.625,-2.247],[136.635,-2.253],[136.638,-2.247],[136.671,-2.261],[136.705,-2.229],[136.75,-2.252],[136.756,-2.238],[136.78,-2.232],[136.793,-2.214],[136.814,-2.222],[136.817,-2.203]]]}},{"type":"Feature","properties":{"kode":"64.01","nama":"Paser","prov":"Kalimantan Timur","kota":false},"geometry":{"type":"MultiPolygon","coordinates":[[[[116.502,-2.109],[116.522,-2.157],[116.416,-2.203],[116.403,-2.205],[116.386,-2.186],[116.394,-2.156],[116.393,-2.127],[116.461,-2.133],[116.502,-2.109]]],[[[116.441,-0.97],[116.454,-1.044],[116.376,-1.132],[116.371,-1.144],[116.378,-1.199],[116.344,-1.245],[116.335,-1.284],[116.335,-1.334],[116.356,-1.392],[116.364,-1.472],[116.379,-1.499],[116.373,-1.53],[116.361,-1.53],[116.359,-1.541],[116.369,-1.541],[116.37,-1.56],[116.405,-1.558],[116.404,-1.579],[116.44,-1.58],[116.44,-1.59],[116.462,-1.595],[116.478,-1.596],[116.485,-1.568],[116.521,-1.573],[116.529,-1.564],[116.552,-1.561],[116.56,-1.594],[116.534,-1.621],[116.492,-1.643],[116.45,-1.649],[116.38,-1.685],[116.337,-1.699],[116.318,-1.696],[116.309,-1.724],[116.284,-1.73],[116.279,-1.75],[116.246,-1.779],[116.245,-1.803],[116.263,-1.811],[116.342,-1.776],[116.369,-1.785],[116.376,-1.762],[116.45,-1.773],[116.452,-1.815],[116.417,-1.867],[116.439,-1.869],[116.456,-1.915],[116.458,-2.062],[116.393,-2.083],[116.36,-2.111],[116.365,-2.12],[116.389,-2.117],[116.391,-2.157],[116.383,-2.183],[116.4,-2.214],[116.514,-2.166],[116.549,-2.17],[116.553,-2.176],[116.54,-2.205],[116.552,-2.209],[116.587,-2.172],[116.595,-2.203],[116.592,-2.233],[116.559,-2.405],[116.542,-2.407],[116.463,-2.387],[116.328,-2.341],[116.255,-2.335],[116.236,-2.328],[116.236,-2.309],[116.162,-2.307],[116.154,-2.308],[116.15,-2.324],[116.113,-2.338],[116.108,-2.329],[116.073,-2.335],[116.062,-2.326],[116.043,-2.326],[116.035,-2.309],[116.014,-2.322],[115.984,-2.317],[115.946,-2.33],[115.926,-2.325],[115.916,-2.334],[115.894,-2.335],[115.888,-2.374],[115.87,-2.372],[115.857,-2.386],[115.835,-2.39],[115.832,-2.336],[115.817,-2.317],[115.833,-2.297],[115.81,-2.277],[115.811,-2.238],[115.786,-2.217],[115.797,-2.172],[115.792,-2.164],[115.796,-2.126],[115.8,-2.104],[115.814,-2.098],[115.814,-2.072],[115.808,-2.061],[115.802,-2.067],[115.782,-2.053],[115.721,-2.062],[115.695,-2.041],[115.713,-2.023],[115.719,-1.997],[115.711,-1.98],[115.694,-1.977],[115.723,-1.921],[115.732,-1.86],[115.722,-1.832],[115.728,-1.797],[115.709,-1.79],[115.689,-1.804],[115.68,-1.793],[115.69,-1.78],[115.69,-1.751],[115.707,-1.733],[115.665,-1.707],[115.677,-1.657],[115.67,-1.63],[115.636,-1.604],[115.64,-1.586],[115.631,-1.579],[115.64,-1.562],[115.629,-1.562],[115.636,-1.548],[115.631,-1.534],[115.651,-1.515],[115.621,-1.51],[115.627,-1.503],[115.617,-1.5],[115.622,-1.479],[115.635,-1.464],[115.665,-1.461],[115.688,-1.447],[115.695,-1.416],[115.707,-1.413],[115.752,-1.333],[115.767,-1.294],[115.761,-1.275],[115.777,-1.231],[115.825,-1.179],[115.849,-1.172],[115.843,-1.11],[115.875,-1.101],[115.895,-1.105],[115.902,-1.135],[115.916,-1.141],[115.922,-1.154],[115.953,-1.125],[115.979,-1.113],[115.985,-1.082],[116.013,-1.081],[116.019,-1.093],[116.078,-1.077],[116.093,-1.086],[116.213,-1.103],[116.23,-1.086],[116.247,-1.086],[116.262,-1.056],[116.3,-1.052],[116.315,-1.03],[116.37,-0.996],[116.385,-0.967],[116.395,-0.974],[116.441,-0.97]]]]}},{"type":"Feature","properties":{"kode":"14.01","nama":"Kampar","prov":"Riau","kota":false},"geometry":{"type":"Polygon","coordinates":[[[100.745,0.87],[100.76,0.855],[100.773,0.864],[100.835,0.941],[100.853,0.949],[100.914,0.959],[100.994,0.956],[100.993,0.968],[101.062,0.925],[101.056,0.888],[101.076,0.919],[101.086,0.917],[101.106,0.904],[101.12,0.904],[101.12,0.897],[101.134,0.901],[101.145,0.888],[101.261,0.833],[101.266,0.823],[101.285,0.824],[101.306,0.801],[101.315,0.806],[101.335,0.798],[101.323,0.723],[101.311,0.709],[101.314,0.697],[101.38,0.656],[101.325,0.6],[101.33,0.583],[101.323,0.58],[101.343,0.577],[101.343,0.568],[101.357,0.557],[101.372,0.564],[101.374,0.554],[101.357,0.51],[101.332,0.477],[101.351,0.467],[101.368,0.442],[101.447,0.42],[101.454,0.444],[101.481,0.45],[101.479,0.462],[101.49,0.462],[101.497,0.445],[101.544,0.432],[101.564,0.461],[101.582,0.458],[101.589,0.464],[101.6,0.446],[101.59,0.434],[101.592,0.414],[101.614,0.398],[101.61,0.386],[101.637,0.383],[101.634,0.357],[101.616,0.343],[101.637,0.319],[101.667,0.316],[101.665,0.278],[101.639,0.269],[101.585,0.268],[101.589,0.242],[101.578,0.234],[101.585,0.196],[101.569,0.194],[101.566,0.185],[101.568,0.131],[101.558,0.133],[101.54,0.112],[101.515,0.11],[101.504,0.1],[101.508,0.095],[101.496,0.077],[101.497,0.065],[101.517,0.053],[101.522,-0.005],[101.534,-0.003],[101.547,-0.044],[101.515,-0.064],[101.519,-0.1],[101.5,-0.103],[101.489,-0.097],[101.48,-0.073],[101.458,-0.067],[101.391,-0.1],[101.349,-0.104],[101.336,-0.078],[101.288,-0.038],[101.269,0.01],[101.262,0.006],[101.243,-0.057],[101.233,-0.059],[101.223,-0.086],[101.209,-0.094],[101.21,-0.105],[101.198,-0.113],[101.204,-0.145],[101.194,-0.167],[101.201,-0.177],[101.153,-0.238],[101.136,-0.288],[101.14,-0.333],[101.101,-0.379],[101.041,-0.376],[101.032,-0.345],[100.992,-0.316],[100.945,-0.313],[100.901,-0.325],[100.89,-0.342],[100.87,-0.344],[100.862,-0.332],[100.842,-0.341],[100.835,-0.322],[100.845,-0.316],[100.843,-0.29],[100.815,-0.278],[100.802,-0.243],[100.774,-0.213],[100.784,-0.186],[100.773,-0.179],[100.766,-0.148],[100.753,-0.132],[100.759,-0.123],[100.757,-0.097],[100.749,-0.056],[100.736,-0.049],[100.738,-0.041],[100.758,-0.044],[100.768,-0.021],[100.781,-0.03],[100.806,-0.02],[100.807,-0.042],[100.815,-0.044],[100.817,-0.034],[100.829,-0.028],[100.824,-0.02],[100.843,-0.003],[100.845,0.034],[100.863,0.042],[100.833,0.069],[100.827,0.056],[100.8,0.05],[100.774,0.102],[100.786,0.106],[100.788,0.127],[100.814,0.134],[100.82,0.145],[100.836,0.141],[100.849,0.162],[100.843,0.223],[100.817,0.26],[100.811,0.252],[100.802,0.258],[100.776,0.252],[100.763,0.235],[100.713,0.24],[100.701,0.249],[100.686,0.19],[100.675,0.185],[100.671,0.195],[100.63,0.217],[100.626,0.234],[100.59,0.251],[100.585,0.274],[100.559,0.305],[100.536,0.304],[100.53,0.318],[100.511,0.318],[100.492,0.305],[100.471,0.311],[100.449,0.346],[100.431,0.356],[100.434,0.379],[100.461,0.401],[100.461,0.412],[100.446,0.418],[100.465,0.433],[100.462,0.446],[100.469,0.449],[100.475,0.441],[100.494,0.454],[100.506,0.442],[100.531,0.446],[100.555,0.472],[100.542,0.502],[100.576,0.526],[100.719,0.39],[100.74,0.397],[100.758,0.392],[100.784,0.404],[100.794,0.388],[100.837,0.381],[100.841,0.46],[100.864,0.465],[100.855,0.505],[100.862,0.534],[100.803,0.541],[100.797,0.533],[100.767,0.565],[100.758,0.59],[100.719,0.599],[100.674,0.596],[100.643,0.622],[100.638,0.655],[100.587,0.7],[100.648,0.733],[100.675,0.767],[100.704,0.758],[100.704,0.781],[100.686,0.782],[100.686,0.801],[100.713,0.801],[100.713,0.814],[100.722,0.814],[100.722,0.839],[100.748,0.851],[100.74,0.859],[100.745,0.87]]]}},{"type":"Feature","properties":{"kode":"61.10","nama":"Melawi","prov":"Kalimantan Barat","kota":false},"geometry":{"type":"Polygon","coordinates":[[[112.463,-0.669],[112.434,-0.674],[112.385,-0.714],[112.36,-0.715],[112.348,-0.704],[112.315,-0.723],[112.259,-0.631],[112.244,-0.63],[112.233,-0.613],[112.216,-0.613],[112.208,-0.63],[112.176,-0.643],[112.174,-0.684],[112.167,-0.692],[112.175,-0.726],[112.148,-0.731],[112.126,-0.715],[112.102,-0.71],[112.098,-0.699],[112.083,-0.701],[112.071,-0.74],[112.054,-0.752],[112.056,-0.769],[112.027,-0.78],[112.023,-0.791],[111.984,-0.8],[111.977,-0.813],[111.964,-0.811],[111.952,-0.793],[111.922,-0.794],[111.914,-0.844],[111.886,-0.842],[111.886,-0.857],[111.838,-0.902],[111.803,-0.904],[111.797,-0.913],[111.751,-0.911],[111.724,-0.943],[111.704,-0.943],[111.702,-0.953],[111.641,-0.968],[111.626,-0.989],[111.617,-1.024],[111.625,-1.037],[111.616,-1.056],[111.606,-1.064],[111.604,-1.059],[111.585,-1.065],[111.571,-1.059],[111.558,-1.101],[111.546,-1.098],[111.545,-1.115],[111.561,-1.131],[111.56,-1.157],[111.569,-1.157],[111.578,-1.169],[111.555,-1.202],[111.527,-1.203],[111.487,-1.231],[111.428,-1.253],[111.425,-1.266],[111.4,-1.263],[111.401,-1.252],[111.391,-1.253],[111.384,-1.289],[111.379,-1.295],[111.372,-1.29],[111.365,-1.31],[111.341,-1.32],[111.336,-1.307],[111.316,-1.301],[111.31,-1.272],[111.317,-1.258],[111.271,-1.258],[111.255,-1.25],[111.262,-1.215],[111.234,-1.186],[111.248,-1.168],[111.262,-1.098],[111.249,-1.086],[111.24,-1.057],[111.217,-1.054],[111.201,-1.021],[111.145,-1.007],[111.151,-0.965],[111.119,-0.962],[111.114,-0.952],[111.122,-0.931],[111.167,-0.911],[111.167,-0.887],[111.152,-0.866],[111.161,-0.846],[111.172,-0.849],[111.186,-0.822],[111.206,-0.842],[111.207,-0.853],[111.218,-0.849],[111.21,-0.832],[111.215,-0.824],[111.206,-0.817],[111.207,-0.782],[111.242,-0.737],[111.236,-0.732],[111.241,-0.693],[111.215,-0.657],[111.215,-0.638],[111.24,-0.623],[111.235,-0.615],[111.24,-0.591],[111.213,-0.531],[111.185,-0.51],[111.202,-0.506],[111.222,-0.476],[111.236,-0.473],[111.24,-0.455],[111.261,-0.435],[111.295,-0.424],[111.312,-0.414],[111.317,-0.399],[111.349,-0.388],[111.368,-0.359],[111.392,-0.35],[111.431,-0.366],[111.469,-0.345],[111.483,-0.324],[111.495,-0.322],[111.493,-0.293],[111.479,-0.293],[111.479,-0.273],[111.481,-0.257],[111.488,-0.257],[111.489,-0.245],[111.498,-0.246],[111.498,-0.234],[111.529,-0.228],[111.539,-0.235],[111.551,-0.212],[111.588,-0.204],[111.618,-0.179],[111.631,-0.18],[111.639,-0.169],[111.662,-0.165],[111.693,-0.129],[111.702,-0.128],[111.715,-0.153],[111.728,-0.153],[111.732,-0.175],[111.749,-0.181],[111.751,-0.191],[111.765,-0.188],[111.765,-0.177],[111.781,-0.178],[111.811,-0.203],[111.815,-0.215],[111.831,-0.206],[111.856,-0.208],[111.863,-0.202],[111.858,-0.193],[111.872,-0.192],[111.891,-0.21],[111.91,-0.193],[111.932,-0.186],[111.981,-0.216],[111.997,-0.208],[112.028,-0.22],[112.037,-0.204],[112.047,-0.236],[112.08,-0.256],[112.107,-0.262],[112.123,-0.294],[112.147,-0.308],[112.174,-0.293],[112.175,-0.279],[112.183,-0.272],[112.232,-0.242],[112.249,-0.242],[112.358,-0.19],[112.408,-0.18],[112.412,-0.186],[112.397,-0.202],[112.393,-0.223],[112.373,-0.256],[112.386,-0.295],[112.372,-0.302],[112.371,-0.337],[112.364,-0.346],[112.41,-0.392],[112.423,-0.419],[112.437,-0.431],[112.43,-0.462],[112.414,-0.484],[112.415,-0.494],[112.435,-0.506],[112.423,-0.526],[112.44,-0.548],[112.425,-0.586],[112.429,-0.6],[112.414,-0.611],[112.412,-0.621],[112.463,-0.669]]]}},{"type":"Feature","properties":{"kode":"62.05","nama":"Barito Utara","prov":"Kalimantan Tengah","kota":false},"geometry":{"type":"Polygon","coordinates":[[[115.292,-0.05],[115.291,-0.078],[115.309,-0.081],[115.314,-0.099],[115.31,-0.118],[115.287,-0.128],[115.283,-0.147],[115.271,-0.143],[115.257,-0.161],[115.241,-0.165],[115.256,-0.182],[115.281,-0.19],[115.298,-0.208],[115.275,-0.228],[115.272,-0.244],[115.257,-0.241],[115.246,-0.252],[115.254,-0.301],[115.225,-0.311],[115.233,-0.323],[115.234,-0.363],[115.246,-0.367],[115.262,-0.4],[115.248,-0.41],[115.267,-0.432],[115.268,-0.447],[115.297,-0.461],[115.297,-0.479],[115.307,-0.486],[115.297,-0.493],[115.307,-0.512],[115.293,-0.519],[115.284,-0.545],[115.29,-0.555],[115.305,-0.546],[115.337,-0.543],[115.381,-0.572],[115.374,-0.598],[115.356,-0.613],[115.37,-0.632],[115.378,-0.629],[115.373,-0.654],[115.356,-0.67],[115.327,-0.671],[115.342,-0.687],[115.338,-0.695],[115.347,-0.72],[115.323,-0.727],[115.301,-0.745],[115.301,-0.761],[115.286,-0.771],[115.29,-0.799],[115.298,-0.797],[115.31,-0.817],[115.325,-0.822],[115.325,-0.832],[115.341,-0.84],[115.35,-0.891],[115.36,-0.877],[115.356,-0.867],[115.376,-0.875],[115.382,-0.852],[115.387,-0.862],[115.406,-0.852],[115.416,-0.875],[115.449,-0.878],[115.493,-0.875],[115.547,-0.854],[115.591,-0.935],[115.631,-0.976],[115.625,-1.017],[115.679,-1.009],[115.7,-1.03],[115.711,-1.075],[115.75,-1.105],[115.757,-1.133],[115.766,-1.138],[115.82,-1.089],[115.842,-1.096],[115.849,-1.172],[115.825,-1.179],[115.777,-1.231],[115.761,-1.275],[115.767,-1.294],[115.759,-1.313],[115.716,-1.336],[115.667,-1.335],[115.641,-1.351],[115.626,-1.35],[115.615,-1.367],[115.577,-1.381],[115.563,-1.4],[115.557,-1.398],[115.524,-1.43],[115.513,-1.452],[115.488,-1.449],[115.471,-1.43],[115.454,-1.462],[115.438,-1.445],[115.448,-1.404],[115.414,-1.401],[115.423,-1.378],[115.401,-1.355],[115.413,-1.277],[115.413,-1.264],[115.398,-1.251],[115.365,-1.256],[115.352,-1.271],[115.319,-1.287],[115.308,-1.296],[115.301,-1.334],[115.246,-1.367],[115.237,-1.357],[115.244,-1.32],[115.191,-1.314],[115.189,-1.296],[115.177,-1.291],[115.146,-1.297],[115.128,-1.314],[115.085,-1.306],[115.073,-1.321],[115.054,-1.327],[114.991,-1.319],[114.895,-1.354],[114.847,-1.354],[114.834,-1.342],[114.791,-1.347],[114.767,-1.338],[114.748,-1.341],[114.668,-1.319],[114.658,-1.292],[114.662,-1.265],[114.684,-1.243],[114.685,-1.2],[114.697,-1.164],[114.677,-1.156],[114.653,-1.171],[114.627,-1.171],[114.612,-1.158],[114.581,-1.159],[114.562,-1.142],[114.547,-1.145],[114.542,-1.132],[114.509,-1.123],[114.511,-1.106],[114.524,-1.095],[114.489,-1.082],[114.478,-1.066],[114.483,-1.043],[114.454,-1.019],[114.483,-0.979],[114.473,-0.967],[114.504,-0.95],[114.501,-0.925],[114.518,-0.918],[114.522,-0.903],[114.555,-0.916],[114.558,-0.889],[114.57,-0.875],[114.653,-0.86],[114.731,-0.785],[114.737,-0.768],[114.769,-0.759],[114.778,-0.769],[114.79,-0.751],[114.83,-0.743],[114.856,-0.718],[114.873,-0.713],[114.889,-0.676],[114.928,-0.637],[114.923,-0.618],[114.947,-0.613],[114.978,-0.589],[114.986,-0.562],[115.0,-0.557],[115.007,-0.534],[115.01,-0.524],[115.0,-0.517],[115.019,-0.501],[115.011,-0.463],[115.021,-0.413],[115.013,-0.402],[115.02,-0.392],[115.008,-0.364],[115.039,-0.338],[115.013,-0.266],[115.039,-0.24],[115.035,-0.225],[115.02,-0.214],[115.028,-0.202],[115.041,-0.204],[115.055,-0.174],[115.051,-0.16],[115.067,-0.149],[115.089,-0.154],[115.105,-0.145],[115.12,-0.149],[115.126,-0.136],[115.136,-0.143],[115.15,-0.139],[115.146,-0.121],[115.166,-0.087],[115.176,-0.096],[115.183,-0.093],[115.183,-0.082],[115.227,-0.073],[115.24,-0.057],[115.262,-0.048],[115.292,-0.05]]]}},{"type":"Feature","properties":{"kode":"92.03","nama":"Fak Fak","prov":"Papua Barat","kota":false},"geometry":{"type":"MultiPolygon","coordinates":[[[[132.649,-3.4],[132.682,-3.421],[132.685,-3.445],[132.711,-3.462],[132.725,-3.492],[132.718,-3.505],[132.698,-3.511],[132.679,-3.49],[132.675,-3.447],[132.635,-3.428],[132.631,-3.405],[132.649,-3.4]]],[[[132.442,-3.098],[132.504,-3.114],[132.545,-3.137],[132.544,-3.148],[132.513,-3.135],[132.471,-3.13],[132.442,-3.098]]],[[[132.467,-2.625],[132.508,-2.637],[132.51,-2.649],[132.461,-2.668],[132.452,-2.644],[132.463,-2.643],[132.458,-2.634],[132.467,-2.625]]],[[[133.498,-3.081],[133.497,-3.111],[132.869,-3.954],[132.874,-3.964],[132.837,-3.965],[132.835,-3.95],[132.823,-3.961],[132.807,-3.941],[132.811,-3.921],[132.843,-3.95],[132.839,-3.917],[132.785,-3.822],[132.776,-3.765],[132.772,-3.758],[132.765,-3.76],[132.751,-3.713],[132.733,-3.683],[132.728,-3.638],[132.732,-3.629],[132.751,-3.626],[132.768,-3.636],[132.829,-3.635],[132.891,-3.644],[132.902,-3.634],[132.894,-3.613],[132.904,-3.574],[132.919,-3.575],[132.94,-3.554],[132.923,-3.545],[132.908,-3.547],[132.907,-3.539],[132.914,-3.538],[132.888,-3.503],[132.886,-3.465],[132.872,-3.462],[132.867,-3.466],[132.871,-3.472],[132.852,-3.477],[132.817,-3.444],[132.818,-3.406],[132.801,-3.357],[132.816,-3.344],[132.821,-3.325],[132.826,-3.333],[132.829,-3.308],[132.838,-3.301],[132.808,-3.292],[132.801,-3.282],[132.808,-3.261],[132.787,-3.271],[132.77,-3.261],[132.752,-3.277],[132.728,-3.281],[132.733,-3.302],[132.728,-3.336],[132.711,-3.338],[132.68,-3.325],[132.65,-3.298],[132.636,-3.271],[132.64,-3.267],[132.597,-3.231],[132.596,-3.221],[132.64,-3.219],[132.646,-3.193],[132.621,-3.177],[132.611,-3.18],[132.599,-3.172],[132.601,-3.164],[132.581,-3.161],[132.562,-3.11],[132.517,-3.078],[132.481,-3.036],[132.419,-3.0],[132.422,-2.991],[132.35,-2.965],[132.344,-2.953],[132.355,-2.943],[132.35,-2.939],[132.343,-2.946],[132.281,-2.927],[132.228,-2.924],[132.205,-2.91],[132.2,-2.93],[132.187,-2.918],[132.181,-2.92],[132.186,-2.928],[132.145,-2.93],[132.153,-2.938],[132.145,-2.942],[132.107,-2.934],[132.118,-2.947],[132.088,-2.959],[132.075,-2.934],[132.081,-2.918],[132.058,-2.89],[132.045,-2.924],[132.033,-2.913],[132.032,-2.899],[132.019,-2.903],[132.008,-2.889],[131.999,-2.9],[131.988,-2.89],[131.978,-2.901],[131.983,-2.916],[131.978,-2.915],[131.974,-2.899],[131.985,-2.893],[131.976,-2.88],[132.018,-2.879],[132.033,-2.871],[132.023,-2.855],[132.03,-2.836],[131.982,-2.827],[132.015,-2.82],[132.018,-2.811],[132.038,-2.812],[132.061,-2.788],[132.041,-2.77],[132.004,-2.78],[131.972,-2.779],[131.951,-2.772],[131.952,-2.765],[131.983,-2.75],[131.989,-2.756],[132.012,-2.751],[132.026,-2.737],[132.034,-2.741],[132.056,-2.731],[132.056,-2.748],[132.068,-2.748],[132.066,-2.732],[132.074,-2.725],[132.084,-2.724],[132.081,-2.74],[132.096,-2.745],[132.109,-2.732],[132.087,-2.719],[132.103,-2.709],[132.12,-2.725],[132.129,-2.709],[132.142,-2.722],[132.17,-2.706],[132.202,-2.704],[132.134,-2.686],[132.122,-2.697],[132.113,-2.693],[132.143,-2.664],[132.172,-2.66],[132.183,-2.667],[132.181,-2.659],[132.191,-2.654],[132.232,-2.654],[132.327,-2.66],[132.397,-2.687],[132.434,-2.678],[132.441,-2.683],[132.417,-2.695],[132.455,-2.711],[132.441,-2.726],[132.421,-2.724],[132.436,-2.731],[132.431,-2.736],[132.456,-2.734],[132.462,-2.729],[132.452,-2.725],[132.466,-2.712],[132.497,-2.711],[132.467,-2.694],[132.487,-2.681],[132.514,-2.686],[132.519,-2.679],[132.541,-2.691],[132.591,-2.695],[132.597,-2.707],[132.638,-2.726],[132.667,-2.76],[132.667,-2.768],[132.69,-2.783],[132.702,-2.781],[132.703,-2.789],[132.73,-2.804],[132.77,-2.78],[132.79,-2.782],[132.791,-2.771],[132.807,-2.77],[132.811,-2.756],[132.901,-2.675],[132.985,-2.579],[133.017,-2.595],[133.023,-2.623],[133.063,-2.631],[133.084,-2.672],[133.08,-2.685],[133.049,-2.691],[133.046,-2.701],[133.056,-2.717],[133.079,-2.731],[133.136,-2.747],[133.155,-2.775],[133.212,-2.8],[133.199,-2.831],[133.219,-2.841],[133.221,-2.853],[133.191,-2.901],[133.163,-2.925],[133.167,-2.93],[133.204,-2.938],[133.247,-2.962],[133.253,-2.979],[133.28,-2.992],[133.3,-2.985],[133.316,-2.994],[133.344,-2.993],[133.374,-2.974],[133.399,-2.991],[133.416,-3.025],[133.433,-3.021],[133.484,-3.038],[133.492,-3.046],[133.487,-3.06],[133.498,-3.081]]]]}},{"type":"Feature","properties":{"kode":"62.11","nama":"Pulang Pisau","prov":"Kalimantan Tengah","kota":false},"geometry":{"type":"Polygon","coordinates":[[[113.983,-1.532],[113.998,-1.563],[114.019,-1.572],[114.031,-1.587],[114.023,-1.612],[113.981,-1.667],[113.986,-1.707],[113.974,-1.734],[113.986,-1.803],[114.006,-1.86],[114.032,-1.907],[114.073,-1.938],[114.081,-1.974],[114.171,-2.091],[114.171,-2.143],[114.184,-2.189],[114.228,-2.229],[114.262,-2.232],[114.262,-2.378],[114.325,-2.373],[114.338,-2.717],[114.349,-2.744],[114.285,-2.804],[114.281,-2.815],[114.291,-2.83],[114.284,-2.865],[114.212,-2.937],[114.281,-3.044],[114.226,-3.192],[114.166,-3.175],[114.147,-3.188],[114.141,-3.267],[114.172,-3.334],[114.152,-3.384],[114.081,-3.354],[114.059,-3.31],[114.047,-3.319],[114.039,-3.35],[113.949,-3.371],[113.821,-3.45],[113.738,-3.467],[113.628,-3.465],[113.582,-3.441],[113.612,-3.396],[113.633,-3.303],[113.623,-3.229],[113.601,-3.167],[113.613,-3.143],[113.63,-3.143],[113.646,-3.088],[113.666,-3.085],[113.659,-3.074],[113.664,-3.054],[113.714,-3.022],[113.715,-3.012],[113.708,-2.963],[113.66,-2.914],[113.628,-2.811],[113.584,-2.738],[113.665,-2.618],[113.751,-2.522],[113.762,-2.402],[113.963,-2.402],[113.994,-2.395],[114.025,-2.403],[114.042,-2.311],[114.057,-2.296],[114.067,-2.272],[114.085,-2.269],[114.108,-2.188],[114.009,-2.162],[113.929,-2.158],[113.933,-2.15],[113.826,-2.011],[113.832,-1.806],[113.798,-1.604],[113.844,-1.583],[113.865,-1.527],[113.892,-1.538],[113.924,-1.538],[113.97,-1.523],[113.983,-1.532]]]}},{"type":"Feature","properties":{"kode":"62.01","nama":"Kotawaringin Barat","prov":"Kalimantan Tengah","kota":false},"geometry":{"type":"Polygon","coordinates":[[[111.795,-3.526],[111.772,-3.509],[111.796,-3.472],[111.817,-3.396],[111.817,-3.303],[111.798,-3.204],[111.825,-3.051],[111.814,-3.001],[111.77,-2.935],[111.754,-2.894],[111.727,-2.867],[111.732,-2.856],[111.712,-2.849],[111.669,-2.894],[111.681,-2.916],[111.698,-2.92],[111.69,-2.942],[111.632,-2.96],[111.599,-2.988],[111.555,-3.011],[111.549,-3.023],[111.528,-2.981],[111.457,-2.925],[111.425,-2.918],[111.412,-2.904],[111.39,-2.92],[111.362,-2.909],[111.38,-2.877],[111.383,-2.817],[111.382,-2.76],[111.362,-2.76],[111.4,-2.653],[111.344,-2.626],[111.308,-2.584],[111.289,-2.585],[111.225,-2.562],[111.218,-2.505],[111.255,-2.5],[111.287,-2.517],[111.275,-2.43],[111.296,-2.408],[111.284,-2.4],[111.284,-2.373],[111.265,-2.373],[111.266,-2.347],[111.275,-2.336],[111.316,-2.333],[111.317,-2.305],[111.347,-2.306],[111.353,-2.3],[111.348,-2.286],[111.369,-2.275],[111.374,-2.284],[111.419,-2.29],[111.419,-2.306],[111.46,-2.314],[111.54,-2.304],[111.585,-2.307],[111.585,-2.296],[111.597,-2.295],[111.597,-2.246],[111.605,-2.244],[111.609,-2.225],[111.596,-2.225],[111.603,-2.202],[111.612,-2.192],[111.621,-2.196],[111.66,-2.181],[111.649,-2.15],[111.675,-2.136],[111.681,-2.122],[111.723,-2.114],[111.744,-2.122],[111.741,-2.082],[111.776,-2.066],[111.776,-2.033],[111.804,-2.003],[111.822,-1.998],[111.824,-1.957],[111.81,-1.938],[111.817,-1.923],[111.834,-1.915],[111.835,-1.905],[111.827,-1.9],[111.829,-1.879],[111.818,-1.883],[111.835,-1.844],[111.826,-1.837],[111.827,-1.823],[111.812,-1.812],[111.821,-1.779],[111.829,-1.778],[111.834,-1.756],[111.844,-1.753],[111.845,-1.72],[111.838,-1.696],[111.821,-1.684],[111.808,-1.686],[111.786,-1.649],[111.792,-1.626],[111.807,-1.622],[111.818,-1.601],[111.798,-1.551],[111.775,-1.544],[111.761,-1.52],[111.75,-1.483],[111.872,-1.544],[111.901,-1.587],[111.917,-1.618],[111.955,-1.75],[111.953,-1.794],[111.934,-1.842],[111.937,-1.869],[111.969,-1.904],[112.058,-1.95],[112.074,-1.972],[112.064,-1.981],[112.058,-2.012],[112.056,-2.067],[112.046,-2.096],[112.028,-2.101],[112.018,-2.125],[112.025,-2.232],[112.042,-2.251],[112.037,-2.268],[112.073,-2.347],[112.04,-2.345],[112.04,-2.393],[112.062,-2.393],[112.061,-2.428],[112.05,-2.428],[112.05,-2.452],[112.024,-2.448],[112.013,-2.466],[112.015,-2.482],[112.024,-2.483],[112.023,-2.52],[112.034,-2.52],[112.033,-2.557],[112.042,-2.558],[112.037,-2.592],[112.062,-2.649],[112.042,-2.688],[112.129,-2.766],[112.14,-2.803],[112.099,-2.988],[112.097,-3.054],[112.132,-3.14],[112.131,-3.159],[112.118,-3.182],[111.795,-3.526]]]}},{"type":"Feature","properties":{"kode":"63.02","nama":"Kotabaru","prov":"Kalimantan Selatan","kota":false},"geometry":{"type":"MultiPolygon","coordinates":[[[[115.857,-4.755],[115.836,-4.778],[115.847,-4.793],[115.803,-4.824],[115.767,-4.832],[115.809,-4.784],[115.857,-4.755]]],[[[116.41,-3.361],[116.431,-3.368],[116.435,-3.422],[116.408,-3.525],[116.398,-3.627],[116.387,-3.627],[116.379,-3.652],[116.362,-3.652],[116.343,-3.568],[116.333,-3.559],[116.315,-3.559],[116.313,-3.551],[116.345,-3.452],[116.39,-3.413],[116.41,-3.361]]],[[[116.26,-3.212],[116.281,-3.223],[116.272,-3.238],[116.274,-3.284],[116.249,-3.375],[116.262,-3.401],[116.306,-3.446],[116.314,-3.479],[116.312,-3.507],[116.292,-3.508],[116.274,-3.523],[116.273,-3.553],[116.306,-3.59],[116.29,-3.617],[116.301,-3.64],[116.299,-3.709],[116.315,-3.729],[116.337,-3.726],[116.313,-3.774],[116.276,-3.797],[116.273,-3.807],[116.272,-3.821],[116.299,-3.848],[116.295,-3.863],[116.306,-3.87],[116.316,-3.862],[116.305,-3.885],[116.31,-3.915],[116.291,-3.919],[116.287,-3.909],[116.272,-3.908],[116.256,-3.932],[116.207,-3.953],[116.203,-3.97],[116.209,-3.983],[116.172,-3.997],[116.141,-4.036],[116.123,-4.027],[116.115,-4.031],[116.119,-4.036],[116.109,-4.035],[116.098,-4.076],[116.09,-4.084],[116.09,-4.053],[116.072,-4.048],[116.069,-4.037],[116.056,-4.042],[116.052,-4.053],[116.039,-4.022],[116.057,-4.004],[116.05,-3.989],[116.079,-3.925],[116.073,-3.908],[116.059,-3.902],[116.067,-3.881],[116.06,-3.873],[116.062,-3.849],[116.079,-3.841],[116.079,-3.817],[116.053,-3.762],[116.024,-3.73],[116.006,-3.683],[116.01,-3.64],[116.002,-3.638],[116.011,-3.628],[116.01,-3.612],[116.037,-3.582],[116.037,-3.558],[116.045,-3.549],[116.039,-3.481],[116.07,-3.439],[116.104,-3.355],[116.098,-3.349],[116.114,-3.308],[116.125,-3.299],[116.139,-3.302],[116.26,-3.212]]],[[[116.147,-2.989],[116.177,-2.998],[116.17,-3.038],[116.156,-3.03],[116.159,-3.013],[116.134,-2.997],[116.136,-2.977],[116.147,-2.989]]],[[[116.555,-2.409],[116.546,-2.459],[116.528,-2.494],[116.523,-2.52],[116.531,-2.538],[116.511,-2.562],[116.481,-2.571],[116.478,-2.517],[116.456,-2.503],[116.418,-2.501],[116.398,-2.529],[116.354,-2.52],[116.338,-2.534],[116.299,-2.521],[116.292,-2.532],[116.291,-2.537],[116.302,-2.533],[116.317,-2.542],[116.323,-2.581],[116.329,-2.583],[116.358,-2.55],[116.36,-2.563],[116.374,-2.566],[116.391,-2.585],[116.414,-2.581],[116.38,-2.632],[116.366,-2.673],[116.359,-2.765],[116.372,-2.803],[116.359,-2.864],[116.364,-2.878],[116.344,-2.895],[116.316,-2.946],[116.27,-3.003],[116.221,-3.006],[116.211,-2.996],[116.209,-2.943],[116.18,-2.95],[116.15,-2.936],[116.144,-2.917],[116.148,-2.899],[116.155,-2.9],[116.153,-2.856],[116.135,-2.826],[116.136,-2.809],[116.123,-2.818],[116.121,-2.831],[116.135,-2.853],[116.133,-2.865],[116.121,-2.872],[116.131,-2.876],[116.132,-2.886],[116.105,-2.917],[116.101,-2.933],[116.103,-2.946],[116.12,-2.956],[116.122,-2.965],[116.112,-2.964],[116.113,-2.974],[116.089,-2.988],[116.093,-3.0],[116.121,-3.014],[116.156,-3.014],[116.154,-3.033],[116.175,-3.063],[116.267,-3.111],[116.274,-3.124],[116.272,-3.13],[116.253,-3.124],[116.208,-3.129],[116.181,-3.161],[116.171,-3.157],[116.166,-3.164],[116.184,-3.229],[116.174,-3.252],[116.093,-3.283],[116.084,-3.277],[116.082,-3.258],[116.07,-3.265],[116.061,-3.257],[116.041,-3.261],[115.99,-3.22],[115.978,-3.221],[115.965,-3.246],[115.946,-3.253],[115.928,-3.227],[115.951,-3.198],[115.934,-3.152],[115.841,-3.17],[115.829,-3.187],[115.792,-3.182],[115.769,-3.195],[115.735,-3.146],[115.732,-3.122],[115.713,-3.113],[115.716,-3.103],[115.706,-3.096],[115.704,-3.079],[115.688,-3.08],[115.684,-3.072],[115.681,-3.08],[115.674,-3.079],[115.665,-3.066],[115.654,-3.07],[115.637,-3.059],[115.624,-3.066],[115.607,-3.057],[115.592,-3.036],[115.591,-3.01],[115.585,-3.005],[115.577,-3.021],[115.567,-3.013],[115.52,-3.028],[115.512,-3.008],[115.533,-2.98],[115.557,-2.985],[115.554,-2.945],[115.577,-2.931],[115.595,-2.889],[115.577,-2.884],[115.572,-2.852],[115.556,-2.831],[115.57,-2.815],[115.59,-2.76],[115.664,-2.764],[115.665,-2.721],[115.708,-2.702],[115.716,-2.692],[115.713,-2.669],[115.732,-2.685],[115.747,-2.666],[115.734,-2.658],[115.727,-2.639],[115.677,-2.613],[115.69,-2.59],[115.712,-2.59],[115.745,-2.617],[115.757,-2.6],[115.757,-2.617],[115.809,-2.617],[115.821,-2.597],[115.82,-2.566],[115.817,-2.561],[115.796,-2.568],[115.781,-2.546],[115.767,-2.555],[115.756,-2.551],[115.751,-2.532],[115.782,-2.514],[115.795,-2.479],[115.791,-2.435],[115.812,-2.405],[115.821,-2.395],[115.857,-2.386],[115.87,-2.372],[115.888,-2.374],[115.894,-2.335],[115.916,-2.334],[115.926,-2.325],[115.969,-2.326],[115.984,-2.317],[116.014,-2.322],[116.03,-2.309],[116.049,-2.328],[116.062,-2.326],[116.073,-2.335],[116.108,-2.329],[116.113,-2.338],[116.15,-2.324],[116.154,-2.308],[116.236,-2.309],[116.236,-2.328],[116.255,-2.335],[116.328,-2.341],[116.41,-2.372],[116.555,-2.409]]]]}},{"type":"Feature","properties":{"kode":"62.10","nama":"Gunung Mas","prov":"Kalimantan Tengah","kota":false},"geometry":{"type":"Polygon","coordinates":[[[113.76,-0.482],[113.755,-0.545],[113.736,-0.55],[113.727,-0.568],[113.728,-0.592],[113.736,-0.601],[113.696,-0.634],[113.692,-0.658],[113.678,-0.675],[113.699,-0.702],[113.68,-0.758],[113.687,-0.774],[113.682,-0.787],[113.704,-0.817],[113.732,-0.827],[113.748,-0.842],[113.784,-0.931],[113.809,-0.959],[113.928,-1.0],[113.985,-1.067],[113.97,-1.112],[114.005,-1.29],[114.0,-1.394],[114.008,-1.474],[113.995,-1.523],[113.983,-1.532],[113.97,-1.523],[113.924,-1.538],[113.892,-1.538],[113.865,-1.527],[113.844,-1.583],[113.798,-1.604],[113.749,-1.606],[113.73,-1.591],[113.648,-1.585],[113.633,-1.611],[113.61,-1.63],[113.564,-1.653],[113.531,-1.655],[113.502,-1.645],[113.478,-1.605],[113.434,-1.577],[113.4,-1.541],[113.361,-1.525],[113.339,-1.48],[113.199,-1.284],[113.186,-1.252],[113.191,-1.242],[113.184,-1.216],[113.204,-1.168],[113.239,-1.154],[113.249,-1.108],[113.286,-1.064],[113.23,-0.942],[113.22,-0.893],[113.234,-0.863],[113.213,-0.852],[113.201,-0.835],[113.19,-0.802],[113.198,-0.784],[113.185,-0.744],[113.224,-0.704],[113.227,-0.685],[113.22,-0.66],[113.193,-0.628],[113.192,-0.614],[113.173,-0.602],[113.175,-0.591],[113.158,-0.559],[113.158,-0.545],[113.184,-0.526],[113.194,-0.508],[113.218,-0.506],[113.246,-0.45],[113.261,-0.449],[113.255,-0.435],[113.263,-0.437],[113.271,-0.424],[113.257,-0.406],[113.262,-0.391],[113.256,-0.384],[113.318,-0.397],[113.374,-0.378],[113.406,-0.347],[113.418,-0.301],[113.429,-0.303],[113.444,-0.291],[113.455,-0.309],[113.492,-0.313],[113.483,-0.352],[113.465,-0.367],[113.468,-0.381],[113.494,-0.384],[113.5,-0.379],[113.514,-0.386],[113.544,-0.377],[113.582,-0.391],[113.583,-0.372],[113.632,-0.345],[113.645,-0.361],[113.722,-0.386],[113.733,-0.405],[113.718,-0.419],[113.751,-0.454],[113.76,-0.482]]]}},{"type":"Feature","properties":{"kode":"14.07","nama":"Rokan Hilir","prov":"Riau","kota":false},"geometry":{"type":"MultiPolygon","coordinates":[[[[100.649,2.218],[100.671,2.195],[100.68,2.163],[100.635,2.194],[100.634,2.218],[100.649,2.218]]],[[[100.731,2.273],[100.752,2.253],[100.765,2.202],[100.778,2.184],[100.777,2.16],[100.784,2.122],[100.741,2.144],[100.72,2.178],[100.704,2.249],[100.713,2.267],[100.731,2.273]]],[[[101.066,2.232],[101.052,2.233],[101.039,2.22],[101.026,2.184],[101.011,2.134],[101.016,2.08],[101.067,1.935],[101.131,1.836],[101.239,1.695],[101.29,1.599],[101.304,1.549],[101.335,1.496],[101.317,1.474],[101.277,1.467],[101.277,1.49],[101.264,1.49],[101.266,1.465],[101.256,1.464],[101.243,1.481],[101.209,1.465],[101.209,1.457],[101.177,1.452],[101.014,1.349],[100.973,1.349],[100.976,1.379],[100.952,1.387],[100.949,1.399],[100.935,1.396],[100.844,1.335],[100.786,1.24],[100.706,1.241],[100.665,1.292],[100.626,1.23],[100.559,1.255],[100.452,1.338],[100.479,1.344],[100.46,1.345],[100.458,1.369],[100.448,1.377],[100.428,1.374],[100.43,1.381],[100.421,1.378],[100.374,1.395],[100.352,1.411],[100.341,1.438],[100.328,1.437],[100.277,1.464],[100.276,1.474],[100.287,1.475],[100.291,1.468],[100.318,1.471],[100.319,1.448],[100.349,1.454],[100.377,1.45],[100.422,1.485],[100.434,1.52],[100.416,1.535],[100.406,1.568],[100.421,1.608],[100.409,1.625],[100.417,1.665],[100.368,1.684],[100.353,1.734],[100.368,1.736],[100.369,1.746],[100.386,1.754],[100.387,1.777],[100.289,1.799],[100.28,1.812],[100.289,1.875],[100.31,1.884],[100.318,1.902],[100.323,2.061],[100.344,2.137],[100.373,2.193],[100.373,2.224],[100.307,2.375],[100.299,2.443],[100.322,2.548],[100.347,2.429],[100.362,2.393],[100.382,2.374],[100.396,2.321],[100.44,2.259],[100.568,2.156],[100.65,2.125],[100.685,2.12],[100.723,2.095],[100.763,2.086],[100.789,2.119],[100.779,2.162],[100.781,2.185],[100.765,2.215],[100.762,2.266],[100.771,2.28],[100.804,2.295],[100.934,2.305],[100.992,2.293],[101.046,2.292],[101.057,2.276],[101.053,2.262],[101.066,2.232]]]]}},{"type":"Feature","properties":{"kode":"91.11","nama":"Keerom","prov":"Papua","kota":false},"geometry":{"type":"Polygon","coordinates":[[[141.003,-2.839],[141.001,-4.02],[140.985,-4.006],[140.988,-3.994],[140.973,-3.978],[140.977,-3.967],[140.915,-3.97],[140.89,-3.961],[140.84,-3.98],[140.821,-4.002],[140.813,-3.995],[140.81,-4.011],[140.803,-4.004],[140.79,-4.01],[140.78,-4.0],[140.771,-4.007],[140.753,-4.004],[140.718,-4.02],[140.692,-3.984],[140.676,-3.979],[140.673,-3.971],[140.661,-3.973],[140.661,-3.985],[140.68,-4.006],[140.694,-4.047],[140.72,-4.082],[140.719,-4.099],[140.708,-4.099],[140.686,-4.047],[140.661,-4.038],[140.642,-4.045],[140.64,-4.065],[140.615,-4.059],[140.605,-4.068],[140.589,-4.112],[140.567,-4.116],[140.573,-4.106],[140.568,-4.097],[140.557,-4.096],[140.556,-4.08],[140.546,-4.07],[140.533,-4.072],[140.531,-4.062],[140.521,-4.065],[140.484,-4.003],[140.464,-3.991],[140.476,-3.993],[140.471,-3.966],[140.439,-3.961],[140.446,-3.947],[140.427,-3.931],[140.439,-3.918],[140.435,-3.912],[140.428,-3.908],[140.409,-3.918],[140.411,-3.909],[140.403,-3.9],[140.407,-3.894],[140.417,-3.897],[140.412,-3.884],[140.431,-3.857],[140.415,-3.843],[140.421,-3.819],[140.412,-3.822],[140.401,-3.811],[140.417,-3.802],[140.406,-3.784],[140.434,-3.782],[140.461,-3.81],[140.47,-3.803],[140.5,-3.804],[140.503,-3.793],[140.51,-3.81],[140.542,-3.828],[140.51,-3.885],[140.522,-3.901],[140.517,-3.915],[140.516,-3.908],[140.497,-3.905],[140.503,-3.921],[140.494,-3.925],[140.499,-3.941],[140.515,-3.955],[140.531,-3.952],[140.542,-3.967],[140.551,-3.964],[140.565,-3.976],[140.571,-3.933],[140.588,-3.926],[140.586,-3.936],[140.609,-3.947],[140.63,-3.979],[140.644,-3.959],[140.661,-3.959],[140.677,-3.939],[140.704,-3.937],[140.707,-3.909],[140.716,-3.917],[140.741,-3.918],[140.755,-3.937],[140.768,-3.925],[140.778,-3.939],[140.77,-3.946],[140.777,-3.96],[140.844,-3.925],[140.834,-3.9],[140.826,-3.902],[140.825,-3.869],[140.786,-3.852],[140.767,-3.874],[140.702,-3.886],[140.701,-3.839],[140.688,-3.793],[140.667,-3.79],[140.652,-3.805],[140.626,-3.784],[140.623,-3.769],[140.557,-3.75],[140.545,-3.751],[140.527,-3.778],[140.494,-3.758],[140.458,-3.766],[140.448,-3.746],[140.384,-3.736],[140.386,-3.72],[140.362,-3.709],[140.365,-3.683],[140.347,-3.693],[140.343,-3.687],[140.352,-3.683],[140.346,-3.67],[140.374,-3.662],[140.375,-3.65],[140.397,-3.629],[140.383,-3.608],[140.389,-3.597],[140.379,-3.587],[140.384,-3.553],[140.362,-3.526],[140.374,-3.532],[140.363,-3.508],[140.37,-3.504],[140.366,-3.494],[140.35,-3.5],[140.353,-3.491],[140.337,-3.486],[140.369,-3.469],[140.362,-3.465],[140.368,-3.444],[140.361,-3.416],[140.348,-3.403],[140.359,-3.386],[140.35,-3.381],[140.362,-3.385],[140.37,-3.367],[140.361,-3.366],[140.364,-3.354],[140.351,-3.358],[140.343,-3.35],[140.351,-3.343],[140.341,-3.34],[140.343,-3.33],[140.333,-3.337],[140.323,-3.329],[140.314,-3.29],[140.337,-3.209],[140.318,-3.194],[140.326,-3.177],[140.361,-3.167],[140.367,-3.148],[140.406,-3.136],[140.393,-3.102],[140.404,-3.093],[140.402,-3.07],[140.391,-3.057],[140.37,-3.05],[140.359,-3.031],[140.372,-3.013],[140.397,-3.024],[140.412,-3.015],[140.405,-2.991],[140.386,-2.97],[140.383,-2.939],[140.395,-2.937],[140.404,-2.923],[140.404,-2.898],[140.389,-2.864],[140.414,-2.846],[140.4,-2.829],[140.375,-2.818],[140.407,-2.783],[140.427,-2.774],[140.443,-2.776],[140.463,-2.757],[140.469,-2.759],[140.468,-2.753],[140.485,-2.752],[140.499,-2.769],[140.529,-2.779],[140.581,-2.762],[140.59,-2.745],[140.588,-2.719],[140.619,-2.719],[140.622,-2.75],[140.634,-2.761],[140.665,-2.753],[140.677,-2.762],[140.698,-2.756],[140.728,-2.763],[140.736,-2.752],[140.76,-2.752],[140.787,-2.72],[140.801,-2.719],[140.799,-2.725],[140.808,-2.728],[140.818,-2.714],[140.83,-2.719],[140.828,-2.727],[140.854,-2.751],[140.892,-2.758],[140.906,-2.767],[140.899,-2.779],[140.924,-2.791],[140.945,-2.79],[140.947,-2.803],[140.987,-2.821],[141.003,-2.839]]]}},{"type":"Feature","properties":{"kode":"72.12","nama":"Morowali Utara","prov":"Sulawesi Tengah","kota":false},"geometry":{"type":"Polygon","coordinates":[[[122.058,-1.617],[122.03,-1.612],[121.957,-1.68],[121.943,-1.675],[121.934,-1.687],[121.923,-1.681],[121.906,-1.69],[121.905,-1.701],[121.891,-1.693],[121.889,-1.676],[121.881,-1.688],[121.862,-1.672],[121.865,-1.706],[121.882,-1.698],[121.882,-1.71],[121.856,-1.708],[121.846,-1.698],[121.821,-1.727],[121.806,-1.732],[121.805,-1.764],[121.782,-1.792],[121.762,-1.856],[121.742,-1.889],[121.716,-1.908],[121.712,-1.924],[121.69,-1.928],[121.677,-1.946],[121.654,-1.956],[121.558,-1.957],[121.523,-1.898],[121.504,-1.896],[121.487,-1.883],[121.486,-1.871],[121.464,-1.878],[121.468,-1.863],[121.448,-1.867],[121.458,-1.843],[121.467,-1.841],[121.46,-1.815],[121.442,-1.805],[121.422,-1.813],[121.418,-1.822],[121.412,-1.809],[121.377,-1.808],[121.341,-1.773],[121.318,-1.77],[121.321,-1.784],[121.314,-1.795],[121.304,-1.794],[121.289,-1.843],[121.296,-1.857],[121.311,-1.854],[121.327,-1.864],[121.35,-1.85],[121.345,-1.861],[121.355,-1.871],[121.331,-1.881],[121.332,-1.89],[121.347,-1.899],[121.331,-1.903],[121.328,-1.919],[121.314,-1.931],[121.33,-1.935],[121.333,-1.946],[121.349,-1.953],[121.342,-2.0],[121.348,-2.006],[121.363,-1.982],[121.376,-1.982],[121.378,-1.919],[121.392,-1.906],[121.408,-1.907],[121.419,-1.931],[121.414,-1.939],[121.427,-1.945],[121.421,-1.957],[121.453,-2.0],[121.467,-2.002],[121.477,-2.018],[121.498,-2.026],[121.491,-2.034],[121.497,-2.046],[121.513,-2.054],[121.531,-2.05],[121.537,-2.099],[121.545,-2.11],[121.544,-2.15],[121.501,-2.181],[121.486,-2.179],[121.481,-2.188],[121.479,-2.201],[121.491,-2.21],[121.486,-2.22],[121.493,-2.252],[121.479,-2.262],[121.475,-2.29],[121.459,-2.302],[121.467,-2.314],[121.448,-2.389],[121.438,-2.395],[121.442,-2.405],[121.406,-2.404],[121.391,-2.411],[121.292,-2.377],[121.266,-2.404],[121.254,-2.402],[121.228,-2.368],[121.202,-2.367],[121.134,-2.408],[121.123,-2.394],[121.106,-2.4],[121.089,-2.387],[121.085,-2.373],[121.106,-2.327],[121.108,-2.281],[121.049,-2.265],[121.053,-2.254],[121.043,-2.249],[120.993,-2.275],[120.957,-2.254],[120.88,-2.267],[120.855,-2.251],[120.856,-2.223],[120.838,-2.219],[120.838,-2.14],[120.817,-2.064],[120.928,-1.921],[120.93,-1.903],[120.904,-1.888],[120.907,-1.883],[120.93,-1.889],[120.949,-1.87],[120.956,-1.727],[120.954,-1.695],[120.936,-1.651],[121.002,-1.647],[121.09,-1.597],[121.134,-1.598],[121.147,-1.57],[121.193,-1.575],[121.231,-1.523],[121.265,-1.513],[121.267,-1.5],[121.298,-1.473],[121.334,-1.455],[121.377,-1.45],[121.399,-1.434],[121.469,-1.366],[121.486,-1.334],[121.604,-1.374],[121.643,-1.406],[121.695,-1.416],[121.759,-1.369],[121.82,-1.3],[121.857,-1.275],[121.898,-1.283],[121.932,-1.306],[121.985,-1.392],[122.031,-1.405],[122.042,-1.425],[122.058,-1.431],[122.053,-1.469],[122.043,-1.48],[122.053,-1.489],[122.046,-1.51],[122.053,-1.524],[122.039,-1.54],[122.034,-1.58],[122.058,-1.617]]]}},{"type":"Feature","properties":{"kode":"14.03","nama":"Bengkalis","prov":"Riau","kota":false},"geometry":{"type":"MultiPolygon","coordinates":[[[[102.044,1.607],[102.186,1.569],[102.356,1.547],[102.464,1.515],[102.496,1.469],[102.487,1.441],[102.496,1.426],[102.505,1.252],[102.398,1.323],[102.298,1.426],[102.275,1.435],[102.182,1.438],[102.125,1.456],[102.084,1.483],[102.036,1.528],[101.999,1.583],[102.011,1.603],[102.044,1.607]]],[[[102.169,1.228],[102.165,1.202],[102.148,1.203],[102.149,1.187],[102.102,1.148],[102.095,1.12],[102.077,1.123],[102.067,1.114],[102.065,1.093],[102.038,1.087],[102.033,1.032],[102.02,1.032],[101.979,0.98],[101.954,1.006],[101.949,1.031],[101.91,1.089],[101.894,1.158],[101.879,1.184],[101.857,1.202],[101.713,1.212],[101.599,1.034],[101.548,0.922],[101.522,0.935],[101.518,0.952],[101.456,0.987],[101.456,1.004],[101.434,1.016],[101.376,1.024],[101.364,1.032],[101.339,1.028],[101.282,1.06],[101.271,1.041],[101.231,1.007],[101.192,1.0],[101.17,1.012],[101.127,1.02],[101.079,1.003],[100.984,1.082],[100.992,1.208],[100.979,1.264],[100.988,1.278],[100.988,1.298],[100.968,1.334],[100.973,1.349],[101.021,1.353],[101.177,1.452],[101.209,1.457],[101.209,1.465],[101.243,1.481],[101.256,1.464],[101.266,1.465],[101.264,1.49],[101.277,1.49],[101.277,1.467],[101.317,1.474],[101.436,1.447],[101.449,1.494],[101.507,1.493],[101.528,1.596],[101.598,1.6],[101.618,1.546],[101.641,1.548],[101.642,1.562],[101.624,1.589],[101.642,1.61],[101.719,1.623],[101.725,1.671],[101.762,1.659],[101.841,1.587],[101.924,1.529],[102.004,1.459],[102.09,1.401],[102.149,1.377],[102.159,1.357],[102.15,1.271],[102.169,1.228]]],[[[101.656,2.125],[101.71,2.091],[101.722,2.046],[101.739,2.04],[101.779,1.982],[101.784,1.937],[101.774,1.933],[101.774,1.919],[101.754,1.893],[101.731,1.763],[101.609,1.689],[101.526,1.704],[101.454,1.727],[101.428,1.78],[101.409,1.858],[101.384,1.906],[101.394,1.932],[101.397,2.004],[101.406,2.021],[101.439,2.053],[101.474,2.066],[101.507,2.05],[101.522,2.03],[101.555,2.046],[101.564,2.043],[101.573,2.069],[101.6,2.097],[101.656,2.125]]]]}},{"type":"Feature","properties":{"kode":"61.12","nama":"Kubu Raya","prov":"Kalimantan Barat","kota":false},"geometry":{"type":"MultiPolygon","coordinates":[[[[109.876,0.077],[109.885,0.041],[109.842,0.001],[109.851,-0.049],[109.904,-0.107],[109.905,-0.137],[109.921,-0.147],[109.948,-0.141],[109.944,-0.228],[109.955,-0.246],[109.951,-0.259],[109.971,-0.283],[109.936,-0.318],[109.952,-0.351],[109.927,-0.36],[109.925,-0.392],[109.929,-0.413],[109.972,-0.434],[109.97,-0.444],[109.947,-0.442],[109.969,-0.457],[109.972,-0.477],[109.959,-0.486],[109.966,-0.497],[109.947,-0.5],[109.92,-0.532],[109.883,-0.557],[109.88,-0.589],[109.866,-0.594],[109.849,-0.62],[109.82,-0.636],[109.808,-0.671],[109.818,-0.684],[109.821,-0.675],[109.837,-0.677],[109.846,-0.66],[109.86,-0.659],[109.882,-0.688],[109.879,-0.714],[109.884,-0.723],[109.904,-0.733],[109.932,-0.72],[109.942,-0.735],[109.933,-0.754],[109.94,-0.76],[109.928,-0.786],[109.893,-0.806],[109.894,-0.823],[109.867,-0.831],[109.857,-0.824],[109.843,-0.84],[109.827,-0.833],[109.814,-0.845],[109.798,-0.844],[109.793,-0.858],[109.801,-0.87],[109.777,-0.876],[109.754,-0.895],[109.739,-0.885],[109.75,-0.875],[109.747,-0.863],[109.741,-0.86],[109.72,-0.87],[109.721,-0.849],[109.713,-0.829],[109.692,-0.824],[109.678,-0.829],[109.661,-0.806],[109.635,-0.796],[109.638,-0.787],[109.633,-0.751],[109.671,-0.755],[109.677,-0.747],[109.673,-0.739],[109.691,-0.728],[109.696,-0.72],[109.696,-0.718],[109.693,-0.715],[109.688,-0.715],[109.688,-0.707],[109.656,-0.671],[109.646,-0.684],[109.619,-0.69],[109.618,-0.685],[109.614,-0.683],[109.607,-0.685],[109.596,-0.694],[109.584,-0.679],[109.587,-0.663],[109.584,-0.651],[109.546,-0.652],[109.543,-0.645],[109.524,-0.637],[109.517,-0.642],[109.495,-0.624],[109.482,-0.626],[109.473,-0.617],[109.462,-0.625],[109.413,-0.63],[109.374,-0.585],[109.329,-0.589],[109.331,-0.572],[109.315,-0.594],[109.294,-0.592],[109.254,-0.605],[109.229,-0.591],[109.227,-0.571],[109.202,-0.552],[109.186,-0.554],[109.193,-0.564],[109.181,-0.57],[109.161,-0.572],[109.142,-0.562],[109.114,-0.504],[109.116,-0.436],[109.098,-0.362],[109.102,-0.346],[109.114,-0.343],[109.114,-0.33],[109.087,-0.284],[109.09,-0.274],[109.12,-0.26],[109.136,-0.237],[109.171,-0.232],[109.196,-0.22],[109.181,-0.194],[109.19,-0.137],[109.182,-0.106],[109.188,-0.092],[109.159,-0.037],[109.17,0.034],[109.287,0.006],[109.286,-0.018],[109.274,-0.03],[109.322,-0.094],[109.343,-0.098],[109.366,-0.06],[109.385,-0.053],[109.375,-0.035],[109.383,-0.025],[109.376,-0.023],[109.364,0.043],[109.38,0.048],[109.37,0.106],[109.368,0.197],[109.379,0.212],[109.426,0.217],[109.436,0.23],[109.459,0.229],[109.46,0.22],[109.489,0.215],[109.489,0.164],[109.507,0.145],[109.511,0.117],[109.501,0.097],[109.501,0.069],[109.522,0.038],[109.508,0.01],[109.507,-0.032],[109.55,-0.011],[109.546,-0.0],[109.558,0.001],[109.565,-0.014],[109.568,-0.004],[109.581,-0.005],[109.573,0.009],[109.588,0.009],[109.589,0.023],[109.57,0.03],[109.573,0.038],[109.593,0.038],[109.596,0.025],[109.605,0.034],[109.612,0.019],[109.627,0.026],[109.627,0.035],[109.636,0.034],[109.631,0.048],[109.644,0.051],[109.644,0.038],[109.655,0.035],[109.648,0.048],[109.665,0.044],[109.656,0.056],[109.668,0.069],[109.684,0.063],[109.691,0.07],[109.69,0.084],[109.7,0.098],[109.728,0.08],[109.753,0.092],[109.773,0.077],[109.786,0.087],[109.798,0.079],[109.802,0.088],[109.814,0.089],[109.876,0.077]]],[[[109.252,-0.662],[109.306,-0.702],[109.356,-0.714],[109.391,-0.707],[109.466,-0.755],[109.509,-0.739],[109.552,-0.744],[109.56,-0.763],[109.594,-0.774],[109.63,-0.803],[109.659,-0.811],[109.676,-0.832],[109.695,-0.828],[109.713,-0.834],[109.718,-0.872],[109.74,-0.863],[109.747,-0.874],[109.737,-0.879],[109.744,-0.901],[109.721,-0.913],[109.722,-0.974],[109.694,-0.992],[109.683,-1.014],[109.648,-0.998],[109.64,-0.977],[109.612,-0.972],[109.609,-0.944],[109.583,-0.898],[109.453,-0.865],[109.439,-0.853],[109.412,-0.872],[109.409,-0.873],[109.404,-0.868],[109.397,-0.867],[109.383,-0.874],[109.383,-0.881],[109.371,-0.88],[109.36,-0.869],[109.354,-0.868],[109.348,-0.871],[109.344,-0.874],[109.339,-0.871],[109.336,-0.871],[109.335,-0.872],[109.334,-0.876],[109.335,-0.884],[109.325,-0.894],[109.336,-0.884],[109.336,-0.872],[109.343,-0.874],[109.348,-0.873],[109.355,-0.869],[109.36,-0.869],[109.371,-0.881],[109.382,-0.881],[109.391,-0.89],[109.4,-0.892],[109.402,-0.904],[109.418,-0.917],[109.406,-0.932],[109.337,-0.922],[109.311,-0.909],[109.304,-0.902],[109.308,-0.893],[109.308,-0.888],[109.312,-0.885],[109.317,-0.891],[109.32,-0.894],[109.325,-0.894],[109.311,-0.885],[109.308,-0.886],[109.307,-0.889],[109.307,-0.894],[109.3,-0.9],[109.256,-0.853],[109.241,-0.82],[109.241,-0.694],[109.245,-0.667],[109.252,-0.662]]],[[[109.678,-0.718],[109.695,-0.721],[109.67,-0.74],[109.668,-0.753],[109.608,-0.745],[109.606,-0.734],[109.642,-0.732],[109.649,-0.719],[109.662,-0.726],[109.665,-0.726],[109.67,-0.716],[109.678,-0.718]]],[[[109.632,-0.706],[109.68,-0.702],[109.687,-0.715],[109.671,-0.715],[109.667,-0.717],[109.664,-0.724],[109.647,-0.718],[109.642,-0.731],[109.629,-0.732],[109.609,-0.73],[109.595,-0.715],[109.58,-0.718],[109.578,-0.71],[109.597,-0.71],[109.616,-0.703],[109.621,-0.705],[109.632,-0.706]]],[[[109.656,-0.672],[109.671,-0.699],[109.603,-0.702],[109.561,-0.712],[109.552,-0.707],[109.574,-0.692],[109.598,-0.695],[109.616,-0.685],[109.618,-0.691],[109.634,-0.69],[109.648,-0.684],[109.656,-0.672]]],[[[109.574,-0.739],[109.626,-0.751],[109.635,-0.791],[109.623,-0.794],[109.602,-0.769],[109.569,-0.759],[109.574,-0.739]]],[[[109.483,-0.628],[109.493,-0.626],[109.517,-0.645],[109.524,-0.64],[109.541,-0.646],[109.545,-0.654],[109.584,-0.653],[109.583,-0.686],[109.547,-0.703],[109.499,-0.694],[109.473,-0.671],[109.491,-0.674],[109.496,-0.667],[109.497,-0.661],[109.489,-0.663],[109.472,-0.641],[109.458,-0.636],[109.474,-0.624],[109.483,-0.628]]],[[[109.526,-0.7],[109.559,-0.715],[109.542,-0.731],[109.464,-0.731],[109.453,-0.725],[109.447,-0.708],[109.459,-0.721],[109.462,-0.721],[109.483,-0.717],[109.484,-0.707],[109.491,-0.707],[109.493,-0.7],[109.526,-0.7]]],[[[109.452,-0.632],[109.459,-0.639],[109.476,-0.647],[109.486,-0.664],[109.495,-0.667],[109.49,-0.674],[109.427,-0.642],[109.432,-0.634],[109.452,-0.632]]],[[[109.436,-0.676],[109.454,-0.672],[109.47,-0.688],[109.49,-0.697],[109.492,-0.706],[109.484,-0.705],[109.483,-0.717],[109.458,-0.719],[109.455,-0.705],[109.412,-0.674],[109.419,-0.67],[109.436,-0.676]]],[[[109.364,-0.617],[109.449,-0.66],[109.477,-0.683],[109.473,-0.689],[109.468,-0.68],[109.453,-0.67],[109.441,-0.666],[109.435,-0.674],[109.425,-0.668],[109.405,-0.672],[109.373,-0.648],[109.361,-0.653],[109.351,-0.636],[109.364,-0.617]]],[[[109.41,-0.874],[109.421,-0.875],[109.432,-0.897],[109.421,-0.913],[109.403,-0.904],[109.403,-0.894],[109.398,-0.89],[109.393,-0.89],[109.383,-0.881],[109.397,-0.868],[109.41,-0.874]]],[[[109.127,-0.202],[109.159,-0.211],[109.177,-0.207],[109.193,-0.219],[109.172,-0.231],[109.132,-0.236],[109.117,-0.257],[109.083,-0.27],[109.083,-0.288],[109.1,-0.308],[109.104,-0.33],[109.094,-0.331],[109.061,-0.28],[109.053,-0.256],[109.056,-0.227],[109.061,-0.216],[109.073,-0.22],[109.091,-0.207],[109.127,-0.202]]],[[[109.166,-0.093],[109.186,-0.138],[109.176,-0.195],[109.144,-0.16],[109.124,-0.116],[109.126,-0.1],[109.158,-0.061],[109.164,-0.061],[109.166,-0.093]]],[[[109.103,-0.169],[109.16,-0.189],[109.173,-0.202],[109.159,-0.208],[109.086,-0.187],[109.103,-0.169]]],[[[109.125,-0.15],[109.124,-0.169],[109.113,-0.166],[109.091,-0.151],[109.094,-0.13],[109.112,-0.117],[109.125,-0.15]]]]}},{"type":"Feature","properties":{"kode":"61.08","nama":"Landak","prov":"Kalimantan Barat","kota":false},"geometry":{"type":"Polygon","coordinates":[[[110.135,1.02],[110.135,1.005],[110.184,1.002],[110.222,0.982],[110.217,0.918],[110.259,0.872],[110.259,0.86],[110.24,0.848],[110.207,0.847],[110.184,0.836],[110.179,0.807],[110.201,0.752],[110.239,0.728],[110.245,0.676],[110.221,0.633],[110.22,0.602],[110.227,0.582],[110.249,0.575],[110.244,0.565],[110.254,0.55],[110.231,0.533],[110.214,0.536],[110.199,0.526],[110.199,0.485],[110.185,0.488],[110.177,0.481],[110.181,0.471],[110.164,0.458],[110.165,0.446],[110.18,0.443],[110.184,0.427],[110.206,0.425],[110.208,0.409],[110.197,0.415],[110.189,0.381],[110.162,0.378],[110.147,0.323],[110.136,0.322],[110.135,0.292],[110.15,0.275],[110.118,0.245],[110.117,0.207],[110.101,0.218],[110.086,0.211],[110.071,0.222],[110.049,0.211],[110.029,0.174],[110.024,0.141],[110.005,0.147],[109.992,0.141],[109.958,0.108],[109.936,0.114],[109.913,0.101],[109.909,0.084],[109.89,0.087],[109.876,0.077],[109.814,0.089],[109.802,0.088],[109.798,0.079],[109.786,0.087],[109.773,0.077],[109.749,0.092],[109.734,0.079],[109.7,0.098],[109.69,0.084],[109.691,0.07],[109.684,0.063],[109.668,0.069],[109.656,0.056],[109.665,0.044],[109.648,0.048],[109.655,0.035],[109.644,0.038],[109.644,0.051],[109.631,0.048],[109.636,0.034],[109.627,0.035],[109.627,0.026],[109.612,0.019],[109.605,0.034],[109.596,0.025],[109.593,0.038],[109.573,0.038],[109.57,0.03],[109.589,0.023],[109.588,0.009],[109.573,0.009],[109.581,-0.005],[109.568,-0.004],[109.565,-0.014],[109.558,0.001],[109.546,-0.0],[109.55,-0.011],[109.507,-0.032],[109.508,0.01],[109.522,0.038],[109.501,0.069],[109.501,0.097],[109.511,0.117],[109.507,0.145],[109.489,0.164],[109.489,0.215],[109.46,0.22],[109.459,0.229],[109.436,0.23],[109.426,0.217],[109.379,0.212],[109.368,0.197],[109.319,0.246],[109.31,0.24],[109.29,0.246],[109.284,0.238],[109.262,0.239],[109.256,0.229],[109.246,0.23],[109.244,0.246],[109.179,0.246],[109.172,0.273],[109.201,0.303],[109.208,0.323],[109.268,0.333],[109.311,0.36],[109.322,0.378],[109.313,0.376],[109.303,0.387],[109.3,0.417],[109.273,0.44],[109.271,0.456],[109.248,0.453],[109.238,0.474],[109.222,0.463],[109.208,0.465],[109.205,0.499],[109.222,0.507],[109.234,0.524],[109.236,0.556],[109.252,0.577],[109.26,0.611],[109.284,0.627],[109.276,0.644],[109.256,0.652],[109.251,0.668],[109.166,0.668],[109.152,0.682],[109.162,0.684],[109.173,0.701],[109.206,0.708],[109.212,0.703],[109.225,0.72],[109.254,0.728],[109.263,0.753],[109.278,0.74],[109.271,0.737],[109.274,0.72],[109.288,0.73],[109.314,0.727],[109.327,0.744],[109.324,0.757],[109.353,0.774],[109.412,0.736],[109.421,0.742],[109.428,0.761],[109.464,0.758],[109.475,0.77],[109.489,0.733],[109.524,0.715],[109.521,0.705],[109.542,0.705],[109.549,0.716],[109.559,0.71],[109.599,0.735],[109.661,0.753],[109.662,0.768],[109.67,0.772],[109.665,0.777],[109.672,0.805],[109.684,0.815],[109.685,0.843],[109.693,0.848],[109.707,0.838],[109.743,0.842],[109.767,0.834],[109.772,0.85],[109.783,0.847],[109.816,0.86],[109.856,0.858],[109.867,0.867],[109.871,0.894],[109.9,0.906],[109.905,0.929],[109.932,0.949],[109.928,0.998],[109.942,1.031],[109.995,1.025],[110.07,1.04],[110.112,1.008],[110.135,1.02]]]}},{"type":"Feature","properties":{"kode":"72.01","nama":"Banggai","prov":"Sulawesi Tengah","kota":false},"geometry":{"type":"MultiPolygon","coordinates":[[[[122.058,-1.617],[122.034,-1.58],[122.039,-1.54],[122.053,-1.524],[122.046,-1.51],[122.053,-1.489],[122.043,-1.48],[122.053,-1.469],[122.058,-1.431],[122.042,-1.425],[122.031,-1.405],[121.985,-1.392],[121.993,-1.376],[122.001,-1.383],[122.016,-1.375],[122.018,-1.355],[122.038,-1.341],[122.111,-1.376],[122.13,-1.344],[122.119,-1.331],[122.131,-1.323],[122.121,-1.281],[122.127,-1.275],[122.111,-1.259],[122.057,-1.247],[122.066,-1.227],[122.053,-1.212],[122.044,-1.17],[122.033,-1.171],[122.008,-1.147],[122.003,-1.131],[121.97,-1.124],[121.956,-1.112],[121.948,-1.115],[121.95,-1.125],[121.937,-1.13],[121.92,-1.096],[121.891,-1.087],[121.883,-1.072],[121.877,-1.073],[121.854,-1.013],[121.855,-0.976],[121.9,-0.984],[121.915,-0.997],[121.947,-0.997],[121.981,-0.974],[122.004,-0.938],[122.022,-0.936],[122.041,-0.947],[122.079,-0.949],[122.101,-0.962],[122.149,-0.91],[122.149,-0.86],[122.167,-0.846],[122.159,-0.836],[122.162,-0.817],[122.179,-0.81],[122.189,-0.815],[122.202,-0.788],[122.214,-0.794],[122.23,-0.786],[122.286,-0.788],[122.307,-0.795],[122.336,-0.778],[122.344,-0.784],[122.373,-0.777],[122.417,-0.784],[122.461,-0.759],[122.492,-0.77],[122.513,-0.768],[122.524,-0.784],[122.582,-0.784],[122.617,-0.762],[122.637,-0.766],[122.638,-0.78],[122.686,-0.812],[122.726,-0.813],[122.791,-0.776],[122.838,-0.776],[122.844,-0.767],[122.856,-0.766],[122.863,-0.775],[122.919,-0.764],[122.943,-0.751],[122.961,-0.754],[122.963,-0.745],[122.95,-0.736],[122.942,-0.742],[122.904,-0.734],[122.893,-0.739],[122.887,-0.723],[122.869,-0.712],[122.851,-0.714],[122.817,-0.702],[122.802,-0.709],[122.782,-0.705],[122.729,-0.673],[122.725,-0.661],[122.776,-0.671],[122.794,-0.66],[122.807,-0.634],[122.823,-0.63],[122.84,-0.642],[122.862,-0.623],[122.88,-0.638],[122.894,-0.631],[122.894,-0.617],[122.899,-0.616],[122.896,-0.623],[122.906,-0.626],[122.936,-0.62],[122.958,-0.643],[122.968,-0.619],[122.99,-0.622],[123.026,-0.596],[123.04,-0.596],[123.058,-0.564],[123.087,-0.577],[123.113,-0.57],[123.167,-0.584],[123.202,-0.57],[123.242,-0.583],[123.263,-0.58],[123.308,-0.61],[123.383,-0.646],[123.394,-0.642],[123.412,-0.656],[123.385,-0.662],[123.384,-0.669],[123.42,-0.717],[123.435,-0.708],[123.445,-0.713],[123.426,-0.743],[123.445,-0.745],[123.455,-0.767],[123.431,-0.816],[123.444,-0.829],[123.444,-0.839],[123.409,-0.859],[123.391,-0.892],[123.384,-0.931],[123.397,-0.956],[123.377,-0.978],[123.375,-1.008],[123.352,-1.034],[123.322,-1.05],[123.269,-1.045],[123.25,-1.024],[123.254,-1.01],[123.212,-0.993],[123.178,-0.959],[123.141,-0.95],[123.149,-0.938],[123.136,-0.899],[123.151,-0.902],[123.151,-0.886],[123.128,-0.855],[123.097,-0.836],[123.094,-0.846],[123.061,-0.869],[123.061,-0.877],[123.075,-0.883],[123.062,-0.886],[123.059,-0.897],[123.045,-0.901],[123.033,-0.885],[123.027,-0.888],[123.041,-0.91],[122.982,-0.901],[122.891,-0.93],[122.863,-0.923],[122.804,-0.941],[122.793,-0.949],[122.787,-0.979],[122.796,-0.991],[122.796,-1.009],[122.728,-1.087],[122.715,-1.115],[122.716,-1.133],[122.707,-1.139],[122.692,-1.135],[122.667,-1.14],[122.662,-1.165],[122.636,-1.175],[122.638,-1.191],[122.628,-1.204],[122.635,-1.219],[122.631,-1.236],[122.558,-1.27],[122.57,-1.287],[122.562,-1.309],[122.497,-1.356],[122.484,-1.391],[122.423,-1.436],[122.39,-1.495],[122.36,-1.517],[122.303,-1.535],[122.244,-1.575],[122.22,-1.601],[122.185,-1.611],[122.151,-1.6],[122.089,-1.621],[122.076,-1.613],[122.058,-1.617]]],[[[122.599,-0.477],[122.617,-0.5],[122.586,-0.502],[122.564,-0.52],[122.538,-0.502],[122.531,-0.508],[122.525,-0.502],[122.54,-0.491],[122.599,-0.477]]]]}},{"type":"Feature","properties":{"kode":"81.01","nama":"Maluku Tengah","prov":"Maluku","kota":false},"geometry":{"type":"MultiPolygon","coordinates":[[[[129.147,-6.951],[129.159,-6.955],[129.162,-6.976],[129.146,-6.99],[129.135,-6.989],[129.123,-6.972],[129.125,-6.963],[129.147,-6.951]]],[[[129.532,-6.713],[129.537,-6.724],[129.524,-6.751],[129.512,-6.758],[129.488,-6.749],[129.489,-6.732],[129.502,-6.714],[129.511,-6.719],[129.532,-6.713]]],[[[129.947,-4.508],[129.945,-4.523],[129.958,-4.548],[129.934,-4.573],[129.917,-4.571],[129.901,-4.558],[129.886,-4.561],[129.883,-4.552],[129.865,-4.563],[129.861,-4.556],[129.863,-4.547],[129.874,-4.543],[129.921,-4.545],[129.947,-4.508]]],[[[128.772,-3.639],[128.785,-3.651],[128.792,-3.643],[128.806,-3.648],[128.811,-3.674],[128.807,-3.684],[128.782,-3.695],[128.762,-3.689],[128.759,-3.67],[128.76,-3.648],[128.772,-3.639]]],[[[128.449,-3.51],[128.479,-3.519],[128.5,-3.514],[128.534,-3.539],[128.55,-3.538],[128.57,-3.565],[128.574,-3.588],[128.562,-3.601],[128.542,-3.605],[128.542,-3.614],[128.523,-3.617],[128.511,-3.606],[128.508,-3.616],[128.467,-3.614],[128.44,-3.631],[128.404,-3.635],[128.399,-3.628],[128.418,-3.609],[128.41,-3.587],[128.423,-3.569],[128.415,-3.533],[128.449,-3.51]]],[[[128.566,-3.498],[128.604,-3.497],[128.635,-3.52],[128.639,-3.531],[128.656,-3.529],[128.683,-3.544],[128.694,-3.494],[128.716,-3.498],[128.73,-3.513],[128.726,-3.529],[128.738,-3.599],[128.733,-3.618],[128.722,-3.619],[128.699,-3.588],[128.655,-3.573],[128.651,-3.583],[128.666,-3.591],[128.664,-3.61],[128.646,-3.63],[128.627,-3.605],[128.61,-3.597],[128.611,-3.589],[128.618,-3.593],[128.629,-3.586],[128.607,-3.575],[128.596,-3.552],[128.572,-3.546],[128.554,-3.528],[128.566,-3.498]]],[[[128.271,-3.618],[128.269,-3.599],[128.242,-3.575],[128.229,-3.584],[128.222,-3.61],[128.203,-3.63],[128.187,-3.628],[128.18,-3.641],[128.162,-3.645],[128.122,-3.644],[128.1,-3.652],[128.068,-3.676],[128.066,-3.694],[128.085,-3.722],[128.069,-3.72],[128.04,-3.733],[128.02,-3.764],[127.998,-3.781],[127.944,-3.775],[127.918,-3.719],[127.922,-3.681],[127.955,-3.663],[127.966,-3.641],[127.992,-3.63],[128.025,-3.593],[128.079,-3.589],[128.086,-3.581],[128.138,-3.591],[128.168,-3.588],[128.178,-3.583],[128.18,-3.568],[128.21,-3.539],[128.214,-3.526],[128.257,-3.495],[128.288,-3.49],[128.314,-3.507],[128.339,-3.502],[128.352,-3.529],[128.322,-3.565],[128.329,-3.588],[128.357,-3.604],[128.353,-3.634],[128.311,-3.632],[128.271,-3.618]]],[[[130.128,-2.998],[130.131,-3.019],[130.116,-3.038],[130.137,-3.077],[130.124,-3.104],[130.14,-3.129],[130.136,-3.175],[130.158,-3.195],[130.155,-3.216],[129.903,-3.16],[129.907,-3.193],[129.892,-3.217],[129.902,-3.233],[129.899,-3.259],[129.884,-3.269],[129.881,-3.292],[129.856,-3.324],[129.859,-3.337],[129.807,-3.321],[129.759,-3.331],[129.729,-3.315],[129.678,-3.323],[129.634,-3.312],[129.607,-3.316],[129.572,-3.304],[129.548,-3.308],[129.518,-3.3],[129.497,-3.327],[129.53,-3.357],[129.566,-3.414],[129.566,-3.447],[129.552,-3.465],[129.532,-3.47],[129.481,-3.455],[129.455,-3.436],[129.405,-3.417],[129.253,-3.408],[129.19,-3.389],[129.166,-3.369],[129.129,-3.363],[129.116,-3.35],[129.083,-3.341],[129.06,-3.351],[129.034,-3.348],[128.978,-3.361],[128.93,-3.353],[128.921,-3.339],[128.928,-3.323],[128.97,-3.283],[128.966,-3.226],[128.932,-3.209],[128.886,-3.204],[128.858,-3.212],[128.842,-3.24],[128.835,-3.24],[128.812,-3.186],[128.793,-3.168],[128.808,-3.111],[128.806,-3.087],[128.817,-3.071],[128.811,-3.064],[128.776,-3.067],[128.771,-3.053],[128.786,-3.006],[128.808,-2.996],[128.755,-2.961],[128.761,-2.93],[128.75,-2.907],[128.753,-2.85],[128.807,-2.867],[128.928,-2.85],[128.985,-2.83],[129.035,-2.796],[129.049,-2.795],[129.066,-2.81],[129.078,-2.855],[129.069,-2.867],[129.064,-2.906],[129.073,-2.906],[129.082,-2.921],[129.083,-2.939],[129.129,-2.969],[129.157,-2.948],[129.192,-2.959],[129.177,-2.941],[129.186,-2.922],[129.196,-2.934],[129.202,-2.929],[129.204,-2.947],[129.214,-2.949],[129.21,-2.943],[129.225,-2.921],[129.345,-2.86],[129.37,-2.825],[129.373,-2.814],[129.364,-2.803],[129.377,-2.789],[129.47,-2.784],[129.496,-2.794],[129.513,-2.788],[129.519,-2.799],[129.53,-2.774],[129.548,-2.8],[129.586,-2.809],[129.618,-2.802],[129.636,-2.827],[129.67,-2.825],[129.764,-2.863],[129.782,-2.864],[129.809,-2.912],[129.827,-2.913],[129.852,-2.898],[129.88,-2.897],[129.885,-2.914],[129.903,-2.915],[129.911,-2.944],[129.977,-2.977],[129.997,-2.984],[130.011,-2.979],[130.036,-3.004],[130.074,-3.004],[130.098,-2.993],[130.128,-2.998]]]]}},{"type":"Feature","properties":{"kode":"92.01","nama":"Sorong","prov":"Papua Barat Daya","kota":false},"geometry":{"type":"MultiPolygon","coordinates":[[[[131.715,-1.428],[131.74,-1.453],[131.738,-1.501],[131.718,-1.521],[131.685,-1.525],[131.657,-1.547],[131.631,-1.542],[131.587,-1.484],[131.593,-1.465],[131.64,-1.454],[131.655,-1.443],[131.651,-1.46],[131.658,-1.467],[131.666,-1.468],[131.671,-1.468],[131.673,-1.46],[131.667,-1.447],[131.679,-1.438],[131.689,-1.44],[131.715,-1.428]]],[[[131.331,-1.353],[131.335,-1.369],[131.358,-1.37],[131.362,-1.4],[131.322,-1.413],[131.277,-1.386],[131.314,-1.376],[131.318,-1.368],[131.312,-1.357],[131.331,-1.353]]],[[[131.035,-1.195],[131.044,-1.241],[131.0,-1.282],[130.995,-1.326],[130.974,-1.354],[130.957,-1.357],[130.929,-1.331],[130.901,-1.321],[130.86,-1.346],[130.838,-1.305],[130.824,-1.306],[130.832,-1.297],[130.816,-1.284],[130.811,-1.268],[130.794,-1.26],[130.773,-1.263],[130.762,-1.255],[130.738,-1.216],[130.747,-1.19],[130.73,-1.18],[130.738,-1.168],[130.707,-1.143],[130.698,-1.119],[130.68,-1.109],[130.69,-1.097],[130.718,-1.096],[130.718,-1.077],[130.702,-1.063],[130.707,-1.043],[130.73,-1.037],[130.737,-1.072],[130.791,-1.085],[130.798,-1.115],[130.813,-1.119],[130.84,-1.109],[130.864,-1.133],[130.882,-1.127],[130.916,-1.136],[130.919,-1.129],[130.949,-1.128],[130.955,-1.143],[131.003,-1.163],[131.035,-1.195]]],[[[132.1,-0.772],[132.113,-0.783],[132.137,-0.785],[132.16,-0.771],[132.192,-0.801],[132.187,-0.819],[132.202,-0.823],[132.21,-0.821],[132.216,-0.798],[132.236,-0.791],[132.259,-0.802],[132.273,-0.798],[132.288,-0.811],[132.29,-0.816],[132.254,-0.836],[132.269,-0.839],[132.265,-0.859],[132.234,-0.874],[132.248,-0.895],[132.247,-0.938],[132.241,-0.943],[132.227,-0.937],[132.222,-0.96],[132.21,-0.969],[132.224,-0.985],[132.218,-0.994],[132.228,-1.015],[132.219,-1.017],[132.226,-1.045],[132.208,-1.057],[132.193,-1.05],[132.184,-1.053],[132.19,-1.057],[132.188,-1.094],[132.18,-1.111],[132.137,-1.101],[132.125,-1.082],[132.112,-1.093],[132.085,-1.083],[132.071,-1.09],[132.052,-1.058],[132.044,-1.07],[132.026,-1.071],[132.03,-1.055],[132.021,-1.048],[131.991,-1.082],[131.955,-1.065],[131.948,-1.076],[131.94,-1.068],[131.935,-1.074],[131.919,-1.042],[131.901,-1.1],[131.876,-1.097],[131.865,-1.152],[131.853,-1.16],[131.846,-1.194],[131.861,-1.198],[131.863,-1.236],[131.896,-1.282],[131.893,-1.292],[131.867,-1.279],[131.867,-1.301],[131.885,-1.3],[131.892,-1.315],[131.886,-1.345],[131.874,-1.348],[131.882,-1.354],[131.878,-1.364],[131.857,-1.359],[131.865,-1.325],[131.844,-1.351],[131.835,-1.345],[131.832,-1.37],[131.823,-1.371],[131.82,-1.359],[131.808,-1.374],[131.819,-1.387],[131.829,-1.377],[131.806,-1.417],[131.825,-1.44],[131.798,-1.437],[131.796,-1.447],[131.819,-1.452],[131.822,-1.477],[131.792,-1.491],[131.803,-1.548],[131.778,-1.573],[131.727,-1.583],[131.713,-1.579],[131.696,-1.559],[131.694,-1.547],[131.733,-1.518],[131.745,-1.494],[131.745,-1.454],[131.718,-1.425],[131.704,-1.426],[131.666,-1.444],[131.671,-1.464],[131.665,-1.465],[131.657,-1.463],[131.661,-1.447],[131.652,-1.44],[131.607,-1.456],[131.589,-1.453],[131.548,-1.488],[131.5,-1.469],[131.469,-1.503],[131.444,-1.512],[131.436,-1.496],[131.38,-1.451],[131.403,-1.429],[131.367,-1.389],[131.364,-1.373],[131.357,-1.363],[131.337,-1.367],[131.335,-1.346],[131.346,-1.343],[131.355,-1.319],[131.328,-1.325],[131.324,-1.333],[131.332,-1.339],[131.302,-1.353],[131.299,-1.359],[131.315,-1.372],[131.27,-1.379],[131.27,-1.386],[131.305,-1.417],[131.334,-1.431],[131.335,-1.464],[131.282,-1.504],[131.226,-1.513],[131.219,-1.522],[131.205,-1.52],[131.192,-1.498],[131.179,-1.491],[131.176,-1.469],[131.165,-1.463],[131.118,-1.461],[131.094,-1.449],[130.996,-1.457],[130.945,-1.442],[130.931,-1.428],[131.0,-1.381],[131.014,-1.317],[131.026,-1.309],[131.024,-1.286],[131.051,-1.255],[131.083,-1.24],[131.095,-1.248],[131.176,-1.221],[131.238,-1.092],[131.249,-1.083],[131.241,-1.027],[131.262,-0.993],[131.284,-0.992],[131.266,-0.977],[131.279,-0.976],[131.267,-0.962],[131.277,-0.948],[131.267,-0.93],[131.272,-0.918],[131.297,-0.915],[131.317,-0.935],[131.314,-0.947],[131.366,-0.961],[131.394,-0.953],[131.435,-0.97],[131.438,-0.96],[131.455,-0.952],[131.45,-0.912],[131.437,-0.9],[131.389,-0.902],[131.362,-0.882],[131.371,-0.874],[131.376,-0.84],[131.357,-0.782],[131.402,-0.777],[131.423,-0.757],[131.466,-0.752],[131.508,-0.73],[131.542,-0.729],[131.543,-0.747],[131.517,-0.757],[131.502,-0.772],[131.509,-0.775],[131.558,-0.766],[131.582,-0.748],[131.598,-0.754],[131.746,-0.731],[131.755,-0.788],[131.762,-0.799],[131.775,-0.803],[131.793,-0.8],[131.817,-0.771],[131.841,-0.771],[131.862,-0.754],[131.876,-0.731],[131.906,-0.716],[131.969,-0.725],[132.01,-0.719],[132.05,-0.741],[132.085,-0.743],[132.1,-0.772]]]]}},{"type":"Feature","properties":{"kode":"14.02","nama":"Indragiri Hulu","prov":"Riau","kota":false},"geometry":{"type":"Polygon","coordinates":[[[102.717,0.093],[102.717,-0.164],[102.69,-0.163],[102.69,-0.24],[102.69,-0.246],[102.717,-0.245],[102.72,-0.46],[102.705,-0.478],[102.692,-0.469],[102.686,-0.513],[102.706,-0.528],[102.719,-0.558],[102.686,-0.564],[102.691,-0.653],[102.651,-0.681],[102.641,-0.708],[102.637,-0.745],[102.668,-0.763],[102.677,-0.778],[102.629,-0.818],[102.581,-0.873],[102.566,-0.905],[102.575,-1.007],[102.601,-1.042],[102.607,-1.098],[102.559,-1.105],[102.55,-1.104],[102.542,-1.087],[102.537,-1.1],[102.509,-1.084],[102.48,-1.089],[102.468,-1.081],[102.474,-1.071],[102.441,-1.031],[102.409,-1.033],[102.403,-1.04],[102.388,-1.029],[102.375,-1.034],[102.373,-1.012],[102.383,-0.994],[102.358,-0.968],[102.323,-0.962],[102.304,-0.919],[102.257,-0.92],[102.246,-0.934],[102.236,-0.93],[102.203,-0.947],[102.19,-0.945],[102.189,-0.919],[102.175,-0.917],[102.162,-0.901],[102.141,-0.9],[102.138,-0.913],[102.117,-0.921],[102.066,-0.889],[102.048,-0.9],[102.012,-0.878],[101.986,-0.881],[101.961,-0.917],[101.947,-0.908],[101.927,-0.915],[101.93,-0.909],[101.916,-0.883],[101.856,-0.876],[101.862,-0.862],[101.875,-0.871],[101.88,-0.855],[101.897,-0.845],[101.896,-0.828],[101.889,-0.824],[101.861,-0.834],[101.861,-0.817],[101.84,-0.814],[101.821,-0.85],[101.791,-0.824],[101.787,-0.804],[101.777,-0.797],[101.795,-0.74],[101.797,-0.676],[101.783,-0.656],[101.827,-0.62],[101.831,-0.572],[101.865,-0.565],[101.888,-0.544],[101.912,-0.534],[101.914,-0.4],[101.899,-0.387],[101.958,-0.402],[101.985,-0.395],[102.015,-0.355],[102.047,-0.342],[102.048,-0.314],[102.087,-0.298],[102.087,-0.288],[102.143,-0.288],[102.149,-0.269],[102.162,-0.265],[102.175,-0.248],[102.215,-0.165],[102.415,-0.166],[102.448,-0.143],[102.467,-0.117],[102.534,0.068],[102.549,0.078],[102.583,0.088],[102.695,0.086],[102.717,0.093]]]}},{"type":"Feature","properties":{"kode":"82.04","nama":"Halmahera Selatan","prov":"Maluku Utara","kota":false},"geometry":{"type":"MultiPolygon","coordinates":[[[[127.602,-1.823],[127.644,-1.826],[127.636,-1.846],[127.619,-1.851],[127.601,-1.845],[127.59,-1.849],[127.593,-1.857],[127.573,-1.86],[127.574,-1.838],[127.602,-1.823]]],[[[128.349,-1.602],[128.365,-1.618],[128.354,-1.653],[128.319,-1.664],[128.295,-1.645],[128.314,-1.614],[128.349,-1.602]]],[[[127.344,-1.364],[127.352,-1.379],[127.36,-1.378],[127.358,-1.369],[127.365,-1.375],[127.381,-1.369],[127.383,-1.38],[127.373,-1.385],[127.393,-1.389],[127.399,-1.405],[127.375,-1.426],[127.341,-1.435],[127.326,-1.453],[127.319,-1.438],[127.298,-1.435],[127.282,-1.415],[127.32,-1.392],[127.315,-1.379],[127.322,-1.366],[127.335,-1.389],[127.341,-1.387],[127.344,-1.364]]],[[[127.643,-1.331],[127.652,-1.332],[127.661,-1.347],[127.669,-1.346],[127.668,-1.333],[127.674,-1.332],[127.681,-1.345],[127.7,-1.352],[127.698,-1.341],[127.707,-1.336],[127.752,-1.357],[127.758,-1.353],[127.775,-1.371],[127.792,-1.372],[127.789,-1.39],[127.801,-1.414],[127.84,-1.426],[127.838,-1.435],[127.874,-1.438],[127.893,-1.426],[127.936,-1.449],[127.955,-1.472],[127.978,-1.484],[127.99,-1.511],[128.005,-1.511],[128.06,-1.567],[128.076,-1.565],[128.081,-1.571],[128.072,-1.579],[128.09,-1.584],[128.111,-1.56],[128.121,-1.566],[128.166,-1.618],[128.168,-1.637],[128.155,-1.684],[128.11,-1.702],[128.089,-1.721],[128.072,-1.715],[128.021,-1.726],[127.986,-1.701],[127.905,-1.684],[127.816,-1.701],[127.758,-1.687],[127.735,-1.695],[127.721,-1.686],[127.671,-1.709],[127.668,-1.724],[127.646,-1.73],[127.618,-1.718],[127.598,-1.738],[127.496,-1.723],[127.486,-1.706],[127.434,-1.679],[127.42,-1.658],[127.409,-1.662],[127.392,-1.621],[127.412,-1.566],[127.41,-1.544],[127.403,-1.538],[127.419,-1.506],[127.431,-1.499],[127.421,-1.496],[127.416,-1.48],[127.433,-1.469],[127.428,-1.458],[127.439,-1.451],[127.444,-1.434],[127.433,-1.437],[127.429,-1.425],[127.42,-1.428],[127.415,-1.419],[127.44,-1.41],[127.447,-1.414],[127.434,-1.421],[127.437,-1.426],[127.504,-1.453],[127.507,-1.435],[127.517,-1.436],[127.513,-1.417],[127.548,-1.398],[127.581,-1.365],[127.62,-1.352],[127.643,-1.331]]],[[[127.546,-1.172],[127.6,-1.211],[127.696,-1.229],[127.689,-1.283],[127.67,-1.292],[127.639,-1.283],[127.613,-1.264],[127.557,-1.249],[127.533,-1.25],[127.516,-1.267],[127.494,-1.271],[127.468,-1.255],[127.466,-1.24],[127.479,-1.218],[127.509,-1.202],[127.51,-1.178],[127.54,-1.179],[127.546,-1.172]]],[[[127.419,-1.14],[127.444,-1.187],[127.44,-1.213],[127.427,-1.221],[127.407,-1.198],[127.41,-1.165],[127.396,-1.147],[127.407,-1.137],[127.419,-1.14]]],[[[128.37,-1.073],[128.421,-1.096],[128.433,-1.109],[128.436,-1.117],[128.427,-1.117],[128.43,-1.108],[128.413,-1.099],[128.398,-1.101],[128.369,-1.123],[128.36,-1.118],[128.355,-1.093],[128.344,-1.089],[128.351,-1.078],[128.37,-1.073]]],[[[128.316,-0.938],[128.333,-0.943],[128.339,-0.958],[128.334,-0.961],[128.38,-0.999],[128.4,-0.995],[128.416,-1.005],[128.414,-1.028],[128.4,-1.038],[128.392,-1.032],[128.387,-1.039],[128.357,-1.038],[128.334,-1.022],[128.329,-1.017],[128.337,-0.973],[128.307,-0.965],[128.308,-0.945],[128.316,-0.938]]],[[[127.335,-0.609],[127.364,-0.617],[127.376,-0.608],[127.385,-0.611],[127.414,-0.636],[127.414,-0.656],[127.384,-0.656],[127.382,-0.666],[127.374,-0.655],[127.349,-0.658],[127.335,-0.64],[127.335,-0.609]]],[[[127.244,-0.603],[127.272,-0.621],[127.247,-0.629],[127.253,-0.648],[127.26,-0.649],[127.264,-0.662],[127.289,-0.669],[127.302,-0.681],[127.303,-0.689],[127.293,-0.691],[127.3,-0.696],[127.294,-0.731],[127.335,-0.786],[127.31,-0.797],[127.288,-0.795],[127.278,-0.78],[127.242,-0.765],[127.227,-0.78],[127.2,-0.779],[127.165,-0.748],[127.168,-0.718],[127.179,-0.699],[127.192,-0.689],[127.193,-0.676],[127.212,-0.672],[127.208,-0.653],[127.217,-0.639],[127.202,-0.632],[127.195,-0.614],[127.205,-0.617],[127.218,-0.605],[127.244,-0.603]]],[[[127.526,-0.301],[127.537,-0.313],[127.569,-0.315],[127.581,-0.333],[127.579,-0.348],[127.592,-0.358],[127.593,-0.38],[127.604,-0.37],[127.615,-0.386],[127.615,-0.412],[127.65,-0.415],[127.658,-0.438],[127.692,-0.456],[127.664,-0.516],[127.637,-0.537],[127.61,-0.574],[127.602,-0.575],[127.596,-0.598],[127.605,-0.627],[127.641,-0.627],[127.655,-0.646],[127.647,-0.666],[127.656,-0.694],[127.685,-0.711],[127.714,-0.69],[127.744,-0.686],[127.759,-0.694],[127.776,-0.681],[127.797,-0.679],[127.845,-0.71],[127.863,-0.709],[127.874,-0.719],[127.872,-0.75],[127.902,-0.77],[127.903,-0.783],[127.88,-0.774],[127.881,-0.782],[127.899,-0.793],[127.895,-0.8],[127.879,-0.796],[127.872,-0.825],[127.851,-0.827],[127.828,-0.854],[127.733,-0.871],[127.728,-0.867],[127.753,-0.863],[127.682,-0.838],[127.683,-0.823],[127.668,-0.824],[127.658,-0.812],[127.655,-0.791],[127.665,-0.775],[127.652,-0.748],[127.63,-0.741],[127.611,-0.762],[127.573,-0.77],[127.499,-0.801],[127.475,-0.823],[127.464,-0.814],[127.442,-0.739],[127.454,-0.693],[127.478,-0.66],[127.481,-0.63],[127.459,-0.625],[127.457,-0.631],[127.431,-0.62],[127.43,-0.61],[127.421,-0.607],[127.415,-0.608],[127.42,-0.62],[127.408,-0.62],[127.39,-0.588],[127.376,-0.592],[127.36,-0.579],[127.347,-0.54],[127.308,-0.513],[127.291,-0.457],[127.295,-0.436],[127.319,-0.429],[127.338,-0.384],[127.321,-0.33],[127.337,-0.338],[127.372,-0.316],[127.413,-0.358],[127.411,-0.375],[127.426,-0.406],[127.451,-0.419],[127.457,-0.416],[127.453,-0.405],[127.467,-0.403],[127.478,-0.389],[127.475,-0.366],[127.486,-0.339],[127.515,-0.325],[127.517,-0.306],[127.526,-0.301]]],[[[127.24,-0.245],[127.266,-0.28],[127.305,-0.27],[127.303,-0.285],[127.289,-0.292],[127.257,-0.292],[127.26,-0.305],[127.253,-0.313],[127.256,-0.339],[127.266,-0.335],[127.265,-0.347],[127.288,-0.374],[127.286,-0.4],[127.28,-0.395],[127.262,-0.412],[127.277,-0.457],[127.257,-0.473],[127.265,-0.49],[127.226,-0.496],[127.228,-0.511],[127.171,-0.525],[127.171,-0.531],[127.149,-0.526],[127.129,-0.517],[127.123,-0.509],[127.137,-0.499],[127.122,-0.499],[127.115,-0.483],[127.121,-0.473],[127.156,-0.472],[127.124,-0.444],[127.124,-0.428],[127.106,-0.423],[127.104,-0.415],[127.116,-0.419],[127.121,-0.413],[127.116,-0.387],[127.12,-0.372],[127.136,-0.36],[127.136,-0.342],[127.129,-0.336],[127.14,-0.313],[127.119,-0.305],[127.118,-0.286],[127.148,-0.258],[127.174,-0.264],[127.196,-0.255],[127.222,-0.257],[127.24,-0.245]]],[[[127.061,-0.229],[127.084,-0.247],[127.084,-0.239],[127.09,-0.244],[127.092,-0.258],[127.036,-0.288],[127.028,-0.281],[127.032,-0.269],[127.021,-0.262],[127.031,-0.256],[127.043,-0.274],[127.045,-0.242],[127.061,-0.229]]],[[[127.135,-0.178],[127.152,-0.184],[127.127,-0.205],[127.132,-0.223],[127.126,-0.235],[127.093,-0.255],[127.099,-0.229],[127.09,-0.227],[127.091,-0.215],[127.107,-0.214],[127.135,-0.178]]],[[[127.269,-0.072],[127.274,-0.084],[127.261,-0.125],[127.228,-0.139],[127.201,-0.121],[127.232,-0.108],[127.228,-0.096],[127.239,-0.09],[127.24,-0.078],[127.269,-0.072]]],[[[127.429,0.135],[127.459,0.132],[127.442,0.115],[127.44,0.104],[127.45,0.071],[127.465,0.074],[127.459,0.054],[127.47,0.035],[127.457,0.008],[127.465,-0.001],[127.467,-0.041],[127.441,-0.018],[127.435,-0.006],[127.442,0.006],[127.429,0.024],[127.413,0.011],[127.404,0.02],[127.415,0.096],[127.429,0.135]]],[[[127.698,0.007],[127.796,-0.024],[127.799,0.132],[127.789,0.152],[127.808,0.15],[127.824,0.125],[127.85,0.136],[127.87,0.125],[127.895,0.149],[127.895,0.165],[127.921,0.177],[127.925,0.108],[127.904,0.105],[127.888,0.083],[127.895,0.067],[127.89,-0.003],[127.911,-0.057],[127.947,-0.114],[127.965,-0.163],[127.982,-0.261],[128.018,-0.328],[128.049,-0.418],[128.065,-0.427],[128.102,-0.511],[128.185,-0.629],[128.188,-0.649],[128.213,-0.698],[128.234,-0.721],[128.298,-0.764],[128.309,-0.79],[128.346,-0.815],[128.377,-0.85],[128.43,-0.878],[128.456,-0.911],[128.449,-0.913],[128.378,-0.877],[128.362,-0.878],[128.352,-0.889],[128.313,-0.863],[128.308,-0.879],[128.291,-0.881],[128.266,-0.869],[128.226,-0.837],[128.249,-0.82],[128.283,-0.836],[128.256,-0.797],[128.227,-0.774],[128.247,-0.769],[128.248,-0.764],[128.216,-0.772],[128.065,-0.717],[128.002,-0.667],[127.988,-0.611],[127.959,-0.568],[127.938,-0.503],[127.906,-0.473],[127.905,-0.446],[127.865,-0.367],[127.851,-0.364],[127.819,-0.338],[127.793,-0.338],[127.731,-0.303],[127.705,-0.277],[127.687,-0.27],[127.689,-0.247],[127.663,-0.221],[127.661,-0.209],[127.682,-0.158],[127.689,-0.109],[127.7,-0.098],[127.698,0.007]]],[[[127.418,0.375],[127.443,0.338],[127.44,0.315],[127.42,0.284],[127.386,0.278],[127.349,0.31],[127.344,0.331],[127.379,0.365],[127.418,0.375]]]]}},{"type":"Feature","properties":{"kode":"14.08","nama":"Siak","prov":"Riau","kota":false},"geometry":{"type":"Polygon","coordinates":[[[102.9,0.724],[102.886,0.71],[102.864,0.71],[102.806,0.687],[102.81,0.653],[101.932,0.552],[101.934,0.524],[101.917,0.515],[101.913,0.454],[101.886,0.45],[101.885,0.51],[101.874,0.51],[101.873,0.525],[101.834,0.507],[101.835,0.5],[101.822,0.5],[101.822,0.487],[101.841,0.487],[101.85,0.461],[101.788,0.406],[101.771,0.413],[101.774,0.42],[101.752,0.432],[101.733,0.454],[101.695,0.45],[101.701,0.435],[101.688,0.431],[101.675,0.452],[101.651,0.448],[101.658,0.469],[101.649,0.471],[101.644,0.486],[101.675,0.493],[101.675,0.51],[101.61,0.513],[101.61,0.501],[101.601,0.506],[101.594,0.535],[101.605,0.544],[101.596,0.544],[101.595,0.567],[101.582,0.591],[101.593,0.607],[101.574,0.619],[101.57,0.639],[101.547,0.64],[101.538,0.681],[101.514,0.69],[101.485,0.642],[101.466,0.638],[101.456,0.653],[101.458,0.667],[101.434,0.664],[101.397,0.689],[101.385,0.68],[101.378,0.663],[101.314,0.697],[101.311,0.709],[101.323,0.723],[101.335,0.798],[101.315,0.806],[101.306,0.801],[101.285,0.824],[101.266,0.823],[101.261,0.833],[101.145,0.888],[101.134,0.901],[101.12,0.897],[101.12,0.904],[101.106,0.904],[101.086,0.917],[101.076,0.919],[101.056,0.888],[101.062,0.925],[100.993,0.968],[100.997,1.02],[100.99,1.066],[100.981,1.069],[100.982,1.076],[100.984,1.082],[101.079,1.003],[101.127,1.02],[101.17,1.012],[101.192,1.0],[101.231,1.007],[101.271,1.041],[101.282,1.06],[101.339,1.028],[101.364,1.032],[101.394,1.02],[101.417,1.023],[101.423,1.014],[101.434,1.016],[101.456,1.004],[101.456,0.987],[101.518,0.952],[101.522,0.935],[101.548,0.922],[101.599,1.034],[101.713,1.212],[101.857,1.202],[101.879,1.184],[101.894,1.158],[101.91,1.089],[101.949,1.031],[101.954,1.006],[101.979,0.98],[102.02,1.032],[102.033,1.032],[102.038,1.087],[102.065,1.093],[102.067,1.114],[102.077,1.123],[102.095,1.12],[102.102,1.148],[102.149,1.187],[102.148,1.203],[102.165,1.202],[102.169,1.228],[102.178,1.23],[102.196,1.216],[102.209,1.189],[102.191,1.094],[102.229,0.995],[102.262,0.957],[102.297,0.938],[102.34,0.9],[102.414,0.806],[102.498,0.754],[102.569,0.739],[102.607,0.74],[102.676,0.756],[102.772,0.732],[102.844,0.74],[102.9,0.724]]]}},{"type":"Feature","properties":{"kode":"81.07","nama":"Kepulauan Aru","prov":"Maluku","kota":false},"geometry":{"type":"MultiPolygon","coordinates":[[[[134.49,-7.063],[134.508,-7.073],[134.523,-7.066],[134.534,-7.08],[134.524,-7.096],[134.476,-7.087],[134.49,-7.063]]],[[[134.668,-6.844],[134.681,-6.847],[134.684,-6.857],[134.662,-6.859],[134.606,-6.904],[134.586,-6.885],[134.591,-6.876],[134.608,-6.884],[134.622,-6.879],[134.635,-6.868],[134.633,-6.858],[134.645,-6.868],[134.668,-6.844]]],[[[134.504,-6.72],[134.506,-6.729],[134.516,-6.727],[134.517,-6.753],[134.485,-6.763],[134.479,-6.759],[134.484,-6.745],[134.495,-6.723],[134.504,-6.72]]],[[[134.704,-6.579],[134.727,-6.585],[134.733,-6.6],[134.753,-6.61],[134.761,-6.629],[134.741,-6.646],[134.739,-6.703],[134.712,-6.719],[134.713,-6.731],[134.696,-6.745],[134.685,-6.776],[134.672,-6.784],[134.664,-6.776],[134.653,-6.78],[134.643,-6.761],[134.623,-6.756],[134.636,-6.728],[134.626,-6.709],[134.645,-6.705],[134.665,-6.678],[134.685,-6.595],[134.704,-6.579]]],[[[134.824,-6.482],[134.85,-6.493],[134.813,-6.562],[134.803,-6.548],[134.777,-6.545],[134.775,-6.514],[134.798,-6.51],[134.824,-6.482]]],[[[134.636,-6.45],[134.642,-6.466],[134.626,-6.502],[134.608,-6.504],[134.59,-6.518],[134.58,-6.503],[134.589,-6.476],[134.616,-6.467],[134.627,-6.451],[134.636,-6.45]]],[[[134.692,-6.443],[134.745,-6.482],[134.746,-6.499],[134.764,-6.529],[134.744,-6.553],[134.732,-6.553],[134.722,-6.541],[134.706,-6.557],[134.682,-6.564],[134.667,-6.55],[134.664,-6.511],[134.652,-6.496],[134.64,-6.497],[134.64,-6.477],[134.692,-6.443]]],[[[134.754,-6.358],[134.755,-6.416],[134.743,-6.434],[134.728,-6.424],[134.732,-6.385],[134.754,-6.358]]],[[[134.537,-6.344],[134.546,-6.363],[134.599,-6.388],[134.601,-6.416],[134.611,-6.431],[134.598,-6.462],[134.569,-6.477],[134.565,-6.508],[134.546,-6.537],[134.535,-6.528],[134.517,-6.532],[134.506,-6.497],[134.489,-6.489],[134.496,-6.466],[134.485,-6.448],[134.516,-6.407],[134.522,-6.369],[134.537,-6.344]]],[[[134.827,-6.296],[134.83,-6.321],[134.792,-6.361],[134.787,-6.334],[134.827,-6.296]]],[[[134.854,-6.283],[134.893,-6.289],[134.908,-6.322],[134.9,-6.353],[134.871,-6.392],[134.845,-6.476],[134.806,-6.457],[134.803,-6.438],[134.814,-6.429],[134.805,-6.426],[134.797,-6.389],[134.845,-6.325],[134.854,-6.283]]],[[[134.456,-6.276],[134.463,-6.291],[134.497,-6.304],[134.495,-6.321],[134.503,-6.304],[134.516,-6.328],[134.533,-6.341],[134.515,-6.376],[134.515,-6.406],[134.475,-6.449],[134.465,-6.44],[134.471,-6.429],[134.456,-6.427],[134.44,-6.437],[134.431,-6.408],[134.427,-6.416],[134.406,-6.396],[134.379,-6.399],[134.384,-6.372],[134.37,-6.38],[134.362,-6.365],[134.379,-6.32],[134.415,-6.291],[134.456,-6.276]]],[[[134.391,-6.252],[134.422,-6.281],[134.387,-6.312],[134.375,-6.309],[134.382,-6.286],[134.379,-6.265],[134.391,-6.252]]],[[[134.389,-6.243],[134.379,-6.265],[134.378,-6.274],[134.38,-6.279],[134.362,-6.304],[134.353,-6.299],[134.343,-6.311],[134.337,-6.286],[134.321,-6.268],[134.338,-6.256],[134.341,-6.247],[134.353,-6.264],[134.389,-6.243]]],[[[134.114,-6.161],[134.134,-6.168],[134.135,-6.181],[134.166,-6.214],[134.193,-6.215],[134.203,-6.226],[134.22,-6.22],[134.252,-6.259],[134.271,-6.266],[134.289,-6.292],[134.303,-6.291],[134.31,-6.305],[134.295,-6.331],[134.295,-6.349],[134.3,-6.361],[134.308,-6.356],[134.314,-6.361],[134.341,-6.399],[134.357,-6.396],[134.36,-6.413],[134.366,-6.4],[134.384,-6.405],[134.405,-6.398],[134.406,-6.414],[134.413,-6.408],[134.426,-6.417],[134.418,-6.45],[134.461,-6.434],[134.48,-6.491],[134.496,-6.507],[134.474,-6.547],[134.489,-6.555],[134.496,-6.549],[134.485,-6.581],[134.505,-6.585],[134.524,-6.574],[134.53,-6.582],[134.526,-6.606],[134.503,-6.619],[134.501,-6.645],[134.481,-6.667],[134.448,-6.672],[134.439,-6.654],[134.425,-6.651],[134.433,-6.659],[134.429,-6.676],[134.442,-6.681],[134.447,-6.695],[134.392,-6.737],[134.402,-6.755],[134.375,-6.77],[134.365,-6.801],[134.355,-6.803],[134.355,-6.81],[134.363,-6.806],[134.38,-6.813],[134.375,-6.82],[134.36,-6.827],[134.333,-6.861],[134.216,-6.907],[134.201,-6.926],[134.206,-6.931],[134.2,-6.94],[134.187,-6.924],[134.169,-6.917],[134.173,-6.909],[134.159,-6.881],[134.132,-6.85],[134.117,-6.845],[134.096,-6.85],[134.074,-6.832],[134.053,-6.772],[134.083,-6.698],[134.1,-6.488],[134.116,-6.449],[134.13,-6.463],[134.135,-6.481],[134.151,-6.491],[134.171,-6.479],[134.18,-6.483],[134.183,-6.495],[134.201,-6.486],[134.213,-6.515],[134.211,-6.546],[134.218,-6.546],[134.233,-6.516],[134.222,-6.509],[134.223,-6.494],[134.196,-6.465],[134.201,-6.457],[134.216,-6.455],[134.217,-6.444],[134.186,-6.462],[134.184,-6.454],[134.202,-6.445],[134.212,-6.426],[134.163,-6.459],[134.141,-6.463],[134.12,-6.425],[134.116,-6.389],[134.127,-6.368],[134.137,-6.311],[134.118,-6.245],[134.124,-6.239],[134.096,-6.173],[134.099,-6.164],[134.114,-6.161]]],[[[134.152,-6.005],[134.162,-6.041],[134.193,-6.038],[134.198,-6.019],[134.227,-6.016],[134.229,-6.055],[134.245,-6.073],[134.27,-6.056],[134.28,-6.061],[134.245,-6.095],[134.232,-6.127],[134.245,-6.142],[134.268,-6.147],[134.275,-6.167],[134.281,-6.16],[134.302,-6.169],[134.327,-6.21],[134.321,-6.216],[134.326,-6.233],[134.35,-6.229],[134.341,-6.247],[134.338,-6.256],[134.33,-6.258],[134.32,-6.269],[134.316,-6.276],[134.294,-6.286],[134.283,-6.28],[134.257,-6.239],[134.246,-6.24],[134.221,-6.195],[134.179,-6.2],[134.164,-6.188],[134.17,-6.166],[134.2,-6.145],[134.2,-6.128],[134.188,-6.121],[134.165,-6.13],[134.15,-6.137],[134.151,-6.147],[134.127,-6.128],[134.115,-6.101],[134.122,-6.049],[134.128,-6.031],[134.152,-6.005]]],[[[134.54,-5.92],[134.573,-5.937],[134.589,-5.939],[134.598,-5.949],[134.632,-5.937],[134.657,-5.944],[134.655,-5.959],[134.663,-5.976],[134.755,-6.049],[134.756,-6.062],[134.782,-6.094],[134.762,-6.139],[134.714,-6.167],[134.719,-6.172],[134.763,-6.156],[134.769,-6.166],[134.76,-6.188],[134.765,-6.205],[134.729,-6.302],[134.722,-6.307],[134.706,-6.299],[134.694,-6.306],[134.707,-6.311],[134.702,-6.327],[134.676,-6.346],[134.63,-6.357],[134.623,-6.374],[134.587,-6.352],[134.552,-6.352],[134.542,-6.337],[134.542,-6.303],[134.522,-6.318],[134.504,-6.295],[134.506,-6.287],[134.492,-6.283],[134.486,-6.296],[134.483,-6.284],[134.476,-6.293],[134.475,-6.266],[134.466,-6.256],[134.447,-6.263],[134.445,-6.241],[134.451,-6.233],[134.441,-6.224],[134.421,-6.219],[134.398,-6.235],[134.386,-6.221],[134.373,-6.23],[134.37,-6.212],[134.362,-6.207],[134.344,-6.219],[134.342,-6.209],[134.328,-6.205],[134.313,-6.172],[134.284,-6.144],[134.287,-6.125],[134.273,-6.114],[134.271,-6.089],[134.291,-6.072],[134.283,-6.045],[134.326,-6.024],[134.347,-6.04],[134.361,-6.04],[134.382,-6.02],[134.418,-6.025],[134.427,-6.022],[134.439,-6.014],[134.463,-5.982],[134.468,-5.972],[134.469,-5.96],[134.489,-5.96],[134.54,-5.92]]],[[[134.622,-5.88],[134.628,-5.902],[134.609,-5.939],[134.588,-5.935],[134.613,-5.889],[134.619,-5.886],[134.622,-5.88]]],[[[134.71,-5.833],[134.754,-5.846],[134.75,-5.858],[134.773,-5.888],[134.751,-5.901],[134.738,-5.898],[134.739,-5.908],[134.731,-5.889],[134.711,-5.891],[134.711,-5.912],[134.744,-5.966],[134.734,-5.979],[134.712,-5.977],[134.679,-5.954],[134.667,-5.934],[134.637,-5.93],[134.629,-5.918],[134.631,-5.869],[134.635,-5.871],[134.646,-5.872],[134.648,-5.869],[134.648,-5.864],[134.67,-5.853],[134.672,-5.847],[134.689,-5.846],[134.71,-5.833]]],[[[134.197,-5.752],[134.237,-5.757],[134.238,-5.768],[134.251,-5.776],[134.241,-5.809],[134.252,-5.816],[134.247,-5.825],[134.222,-5.826],[134.207,-5.835],[134.192,-5.826],[134.197,-5.752]]],[[[134.675,-5.727],[134.72,-5.748],[134.741,-5.741],[134.747,-5.785],[134.73,-5.81],[134.704,-5.809],[134.691,-5.796],[134.691,-5.778],[134.684,-5.771],[134.677,-5.771],[134.668,-5.752],[134.656,-5.746],[134.66,-5.733],[134.666,-5.735],[134.675,-5.727]]],[[[134.321,-5.561],[134.347,-5.576],[134.339,-5.599],[134.296,-5.621],[134.278,-5.646],[134.246,-5.629],[134.251,-5.612],[134.282,-5.607],[134.306,-5.564],[134.321,-5.561]]],[[[134.555,-5.562],[134.574,-5.572],[134.582,-5.569],[134.586,-5.574],[134.592,-5.569],[134.595,-5.576],[134.606,-5.57],[134.624,-5.586],[134.642,-5.587],[134.649,-5.577],[134.667,-5.595],[134.672,-5.587],[134.713,-5.598],[134.736,-5.628],[134.744,-5.616],[134.748,-5.62],[134.764,-5.667],[134.739,-5.672],[134.728,-5.685],[134.729,-5.7],[134.704,-5.709],[134.701,-5.727],[134.675,-5.725],[134.665,-5.733],[134.661,-5.721],[134.651,-5.726],[134.639,-5.712],[134.624,-5.713],[134.616,-5.723],[134.59,-5.686],[134.579,-5.678],[134.574,-5.655],[134.547,-5.649],[134.546,-5.639],[134.538,-5.633],[134.546,-5.622],[134.535,-5.616],[134.534,-5.587],[134.529,-5.579],[134.555,-5.562]]],[[[134.458,-5.529],[134.456,-5.544],[134.469,-5.564],[134.482,-5.563],[134.492,-5.536],[134.505,-5.532],[134.505,-5.556],[134.511,-5.564],[134.522,-5.557],[134.527,-5.564],[134.534,-5.616],[134.543,-5.622],[134.536,-5.632],[134.546,-5.651],[134.572,-5.657],[134.573,-5.671],[134.61,-5.721],[134.619,-5.726],[134.637,-5.714],[134.651,-5.728],[134.659,-5.724],[134.654,-5.747],[134.668,-5.755],[134.675,-5.773],[134.685,-5.774],[134.691,-5.822],[134.698,-5.825],[134.689,-5.84],[134.671,-5.846],[134.647,-5.863],[134.647,-5.868],[134.63,-5.867],[134.609,-5.892],[134.585,-5.933],[134.536,-5.916],[134.502,-5.95],[134.486,-5.959],[134.467,-5.958],[134.464,-5.977],[134.428,-6.019],[134.379,-6.016],[134.355,-6.033],[134.302,-6.013],[134.335,-5.948],[134.308,-5.928],[134.299,-5.929],[134.294,-5.918],[134.298,-5.901],[134.312,-5.904],[134.315,-5.893],[134.337,-5.883],[134.339,-5.868],[134.332,-5.859],[134.349,-5.847],[134.371,-5.849],[134.374,-5.835],[134.362,-5.832],[134.361,-5.82],[134.37,-5.821],[134.382,-5.804],[134.375,-5.799],[134.391,-5.798],[134.395,-5.789],[134.368,-5.769],[134.334,-5.798],[134.328,-5.796],[134.326,-5.784],[134.338,-5.771],[134.332,-5.766],[134.306,-5.766],[134.303,-5.754],[134.285,-5.752],[134.26,-5.76],[134.212,-5.72],[134.212,-5.714],[134.251,-5.662],[134.264,-5.68],[134.294,-5.684],[134.29,-5.692],[134.335,-5.728],[134.358,-5.72],[134.365,-5.713],[134.352,-5.698],[134.355,-5.686],[134.415,-5.641],[134.432,-5.597],[134.425,-5.593],[134.447,-5.578],[134.448,-5.545],[134.458,-5.529]]],[[[134.272,-5.485],[134.286,-5.518],[134.254,-5.553],[134.257,-5.527],[134.25,-5.501],[134.254,-5.487],[134.272,-5.485]]],[[[134.572,-5.419],[134.607,-5.427],[134.618,-5.423],[134.648,-5.44],[134.652,-5.496],[134.662,-5.495],[134.666,-5.481],[134.683,-5.506],[134.706,-5.519],[134.701,-5.535],[134.677,-5.535],[134.69,-5.559],[134.679,-5.572],[134.66,-5.565],[134.624,-5.582],[134.611,-5.567],[134.598,-5.566],[134.586,-5.572],[134.58,-5.567],[134.574,-5.569],[134.553,-5.557],[134.545,-5.567],[134.531,-5.568],[134.523,-5.555],[134.514,-5.562],[134.506,-5.553],[134.518,-5.518],[134.5,-5.501],[134.523,-5.482],[134.493,-5.488],[134.503,-5.454],[134.491,-5.432],[134.507,-5.419],[134.555,-5.438],[134.572,-5.419]]],[[[134.56,-5.329],[134.598,-5.337],[134.601,-5.353],[134.58,-5.353],[134.543,-5.409],[134.534,-5.41],[134.504,-5.387],[134.507,-5.369],[134.534,-5.351],[134.549,-5.35],[134.547,-5.342],[134.56,-5.329]]]]}},{"type":"Feature","properties":{"kode":"62.09","nama":"Lamandau","prov":"Kalimantan Tengah","kota":false},"geometry":{"type":"Polygon","coordinates":[[[111.75,-1.483],[111.761,-1.52],[111.775,-1.544],[111.798,-1.551],[111.818,-1.601],[111.807,-1.622],[111.792,-1.626],[111.786,-1.649],[111.808,-1.686],[111.821,-1.684],[111.838,-1.696],[111.845,-1.72],[111.844,-1.753],[111.834,-1.756],[111.829,-1.778],[111.821,-1.779],[111.812,-1.812],[111.827,-1.823],[111.826,-1.837],[111.835,-1.844],[111.818,-1.883],[111.829,-1.879],[111.827,-1.9],[111.835,-1.905],[111.834,-1.915],[111.817,-1.923],[111.81,-1.938],[111.824,-1.957],[111.824,-1.988],[111.819,-2.002],[111.804,-2.003],[111.776,-2.033],[111.776,-2.066],[111.741,-2.082],[111.744,-2.122],[111.723,-2.114],[111.681,-2.122],[111.675,-2.136],[111.649,-2.15],[111.66,-2.181],[111.621,-2.196],[111.612,-2.192],[111.603,-2.202],[111.596,-2.225],[111.609,-2.225],[111.605,-2.244],[111.597,-2.246],[111.597,-2.295],[111.585,-2.296],[111.585,-2.307],[111.54,-2.304],[111.46,-2.314],[111.419,-2.306],[111.419,-2.29],[111.382,-2.282],[111.39,-2.267],[111.389,-2.215],[111.358,-2.215],[111.367,-2.192],[111.356,-2.152],[111.294,-2.149],[111.265,-2.14],[111.268,-2.102],[111.26,-2.085],[111.269,-2.084],[111.268,-2.073],[111.25,-2.063],[111.204,-2.064],[111.195,-2.057],[111.205,-2.038],[111.172,-2.036],[111.158,-2.03],[111.157,-2.018],[111.124,-2.02],[111.087,-2.041],[111.079,-2.009],[111.101,-1.989],[111.099,-1.982],[111.089,-1.982],[111.094,-1.974],[111.086,-1.965],[111.055,-1.957],[111.011,-1.97],[111.0,-1.947],[110.989,-1.955],[110.988,-1.94],[110.965,-1.91],[110.964,-1.895],[110.95,-1.888],[110.95,-1.852],[110.977,-1.827],[110.969,-1.814],[110.994,-1.797],[110.995,-1.788],[111.014,-1.782],[111.026,-1.752],[111.021,-1.73],[111.026,-1.72],[111.015,-1.71],[110.994,-1.707],[110.984,-1.689],[110.993,-1.685],[111.0,-1.657],[110.994,-1.65],[110.94,-1.657],[110.92,-1.693],[110.906,-1.69],[110.89,-1.658],[110.884,-1.663],[110.872,-1.657],[110.865,-1.631],[110.886,-1.6],[110.904,-1.602],[110.935,-1.557],[110.953,-1.549],[110.97,-1.552],[110.976,-1.535],[111.006,-1.504],[111.022,-1.504],[111.038,-1.53],[111.05,-1.516],[111.072,-1.529],[111.081,-1.524],[111.084,-1.502],[111.096,-1.498],[111.099,-1.487],[111.116,-1.491],[111.12,-1.485],[111.113,-1.468],[111.123,-1.452],[111.161,-1.433],[111.176,-1.445],[111.181,-1.477],[111.2,-1.475],[111.204,-1.443],[111.254,-1.438],[111.26,-1.417],[111.282,-1.4],[111.284,-1.383],[111.306,-1.389],[111.311,-1.373],[111.327,-1.367],[111.332,-1.334],[111.348,-1.314],[111.365,-1.31],[111.372,-1.29],[111.379,-1.295],[111.384,-1.289],[111.391,-1.253],[111.401,-1.252],[111.4,-1.263],[111.415,-1.26],[111.423,-1.267],[111.428,-1.253],[111.444,-1.244],[111.453,-1.26],[111.463,-1.253],[111.488,-1.259],[111.504,-1.254],[111.516,-1.27],[111.544,-1.286],[111.561,-1.311],[111.577,-1.314],[111.569,-1.334],[111.59,-1.347],[111.609,-1.378],[111.61,-1.392],[111.639,-1.401],[111.645,-1.419],[111.678,-1.421],[111.692,-1.446],[111.733,-1.465],[111.75,-1.483]]]}},{"type":"Feature","properties":{"kode":"14.06","nama":"Rokan Hulu","prov":"Riau","kota":false},"geometry":{"type":"Polygon","coordinates":[[[100.111,0.911],[100.114,0.917],[100.124,0.911],[100.133,0.931],[100.151,0.935],[100.147,0.975],[100.139,0.984],[100.156,0.989],[100.166,1.002],[100.149,1.01],[100.14,1.061],[100.13,1.055],[100.118,1.066],[100.116,1.093],[100.15,1.12],[100.178,1.118],[100.184,1.125],[100.163,1.139],[100.166,1.17],[100.142,1.175],[100.112,1.217],[100.126,1.256],[100.088,1.337],[100.08,1.346],[100.072,1.339],[100.051,1.35],[100.052,1.378],[100.073,1.392],[100.096,1.389],[100.123,1.406],[100.15,1.411],[100.167,1.407],[100.18,1.417],[100.237,1.406],[100.268,1.425],[100.308,1.418],[100.341,1.438],[100.352,1.411],[100.374,1.395],[100.421,1.378],[100.43,1.381],[100.428,1.374],[100.443,1.38],[100.458,1.369],[100.46,1.345],[100.479,1.344],[100.452,1.338],[100.559,1.255],[100.626,1.23],[100.665,1.292],[100.706,1.241],[100.786,1.24],[100.828,1.316],[100.879,1.363],[100.949,1.399],[100.952,1.387],[100.976,1.379],[100.968,1.334],[100.988,1.298],[100.988,1.278],[100.979,1.264],[100.99,1.233],[100.993,1.19],[100.991,1.115],[100.981,1.069],[100.99,1.066],[100.997,1.02],[100.99,0.981],[100.994,0.956],[100.914,0.959],[100.835,0.941],[100.773,0.864],[100.76,0.855],[100.745,0.87],[100.74,0.859],[100.748,0.851],[100.722,0.839],[100.722,0.814],[100.713,0.814],[100.713,0.801],[100.686,0.801],[100.686,0.782],[100.704,0.781],[100.704,0.758],[100.675,0.767],[100.648,0.733],[100.587,0.7],[100.638,0.655],[100.643,0.622],[100.674,0.596],[100.719,0.599],[100.758,0.59],[100.767,0.565],[100.797,0.533],[100.803,0.541],[100.862,0.534],[100.855,0.505],[100.864,0.465],[100.841,0.46],[100.837,0.381],[100.794,0.388],[100.784,0.404],[100.758,0.392],[100.74,0.397],[100.719,0.39],[100.576,0.526],[100.542,0.502],[100.555,0.472],[100.518,0.44],[100.494,0.454],[100.475,0.441],[100.469,0.449],[100.452,0.42],[100.437,0.414],[100.419,0.423],[100.389,0.407],[100.376,0.39],[100.368,0.395],[100.346,0.381],[100.323,0.4],[100.29,0.399],[100.235,0.476],[100.238,0.492],[100.224,0.503],[100.221,0.515],[100.226,0.527],[100.24,0.532],[100.238,0.539],[100.209,0.583],[100.198,0.627],[100.221,0.665],[100.229,0.662],[100.285,0.684],[100.269,0.708],[100.274,0.727],[100.219,0.743],[100.213,0.736],[100.181,0.762],[100.158,0.799],[100.126,0.815],[100.121,0.837],[100.124,0.848],[100.136,0.847],[100.144,0.897],[100.122,0.895],[100.098,0.91],[100.088,0.926],[100.102,0.924],[100.111,0.911]],[[100.745,0.87],[100.758,0.877],[100.759,0.887],[100.74,0.887],[100.734,0.876],[100.745,0.87]]]}},{"type":"Feature","properties":{"kode":"72.02","nama":"Poso","prov":"Sulawesi Tengah","kota":false},"geometry":{"type":"Polygon","coordinates":[[[120.888,-1.411],[120.894,-1.51],[120.925,-1.602],[120.925,-1.638],[120.954,-1.695],[120.956,-1.817],[120.947,-1.875],[120.93,-1.889],[120.907,-1.883],[120.904,-1.888],[120.93,-1.903],[120.928,-1.921],[120.817,-2.064],[120.838,-2.14],[120.838,-2.219],[120.802,-2.222],[120.781,-2.214],[120.78,-2.228],[120.743,-2.242],[120.723,-2.22],[120.723,-2.211],[120.699,-2.203],[120.691,-2.207],[120.679,-2.188],[120.676,-2.167],[120.645,-2.137],[120.636,-2.114],[120.597,-2.092],[120.545,-2.018],[120.541,-2.037],[120.524,-2.032],[120.518,-2.044],[120.529,-2.084],[120.508,-2.113],[120.48,-2.083],[120.478,-2.05],[120.469,-2.056],[120.446,-2.011],[120.434,-2.005],[120.399,-1.954],[120.387,-1.959],[120.392,-1.996],[120.382,-1.984],[120.362,-1.992],[120.344,-1.977],[120.329,-1.998],[120.326,-2.041],[120.312,-2.043],[120.312,-2.053],[120.299,-2.05],[120.288,-2.027],[120.269,-2.025],[120.253,-1.999],[120.243,-1.998],[120.232,-1.984],[120.213,-1.998],[120.192,-1.991],[120.175,-1.962],[120.139,-1.98],[120.13,-1.997],[120.109,-1.994],[120.109,-1.978],[120.094,-1.967],[120.09,-1.928],[120.107,-1.917],[120.121,-1.918],[120.126,-1.902],[120.141,-1.899],[120.112,-1.832],[120.091,-1.817],[120.123,-1.789],[120.174,-1.778],[120.18,-1.769],[120.169,-1.743],[120.144,-1.721],[120.142,-1.679],[120.125,-1.647],[120.126,-1.627],[120.136,-1.614],[120.13,-1.559],[120.094,-1.561],[120.089,-1.554],[120.102,-1.517],[120.149,-1.486],[120.174,-1.453],[120.184,-1.447],[120.215,-1.454],[120.227,-1.438],[120.238,-1.443],[120.277,-1.4],[120.269,-1.381],[120.283,-1.372],[120.269,-1.341],[120.251,-1.332],[120.253,-1.324],[120.224,-1.301],[120.225,-1.293],[120.199,-1.288],[120.177,-1.268],[120.214,-1.258],[120.231,-1.224],[120.271,-1.232],[120.287,-1.205],[120.311,-1.192],[120.358,-1.185],[120.424,-1.153],[120.49,-1.146],[120.581,-1.108],[120.587,-1.114],[120.582,-1.134],[120.593,-1.158],[120.584,-1.192],[120.572,-1.199],[120.565,-1.232],[120.571,-1.256],[120.591,-1.265],[120.64,-1.312],[120.647,-1.331],[120.644,-1.365],[120.666,-1.384],[120.676,-1.415],[120.69,-1.42],[120.723,-1.388],[120.74,-1.381],[120.75,-1.389],[120.766,-1.365],[120.785,-1.373],[120.805,-1.352],[120.844,-1.36],[120.841,-1.395],[120.852,-1.408],[120.869,-1.414],[120.888,-1.411]]]}},{"type":"Feature","properties":{"kode":"15.02","nama":"Merangin","prov":"Jambi","kota":false},"geometry":{"type":"Polygon","coordinates":[[[102.477,-1.812],[102.457,-1.85],[102.472,-1.856],[102.486,-1.884],[102.458,-1.885],[102.458,-1.945],[102.467,-1.946],[102.477,-1.975],[102.509,-1.973],[102.516,-1.982],[102.495,-2.009],[102.509,-2.019],[102.547,-2.018],[102.547,-2.078],[102.58,-2.09],[102.593,-2.087],[102.626,-2.112],[102.629,-2.185],[102.614,-2.209],[102.602,-2.203],[102.546,-2.214],[102.547,-2.205],[102.53,-2.203],[102.516,-2.213],[102.511,-2.193],[102.463,-2.182],[102.443,-2.232],[102.411,-2.273],[102.395,-2.329],[102.337,-2.361],[102.338,-2.39],[102.303,-2.393],[102.303,-2.361],[102.276,-2.357],[102.266,-2.362],[102.266,-2.381],[102.257,-2.394],[102.24,-2.404],[102.169,-2.415],[102.155,-2.408],[102.148,-2.422],[102.134,-2.411],[102.124,-2.43],[102.138,-2.463],[102.158,-2.485],[102.151,-2.494],[102.156,-2.523],[102.135,-2.525],[102.122,-2.548],[102.094,-2.573],[102.104,-2.601],[102.064,-2.622],[102.082,-2.65],[102.087,-2.685],[102.079,-2.703],[102.082,-2.724],[102.073,-2.765],[102.064,-2.768],[102.033,-2.758],[101.997,-2.724],[101.962,-2.722],[101.954,-2.731],[101.906,-2.74],[101.86,-2.731],[101.846,-2.703],[101.812,-2.692],[101.814,-2.677],[101.773,-2.649],[101.749,-2.617],[101.735,-2.611],[101.668,-2.527],[101.657,-2.526],[101.647,-2.538],[101.61,-2.55],[101.604,-2.536],[101.59,-2.533],[101.592,-2.543],[101.569,-2.548],[101.565,-2.57],[101.542,-2.571],[101.54,-2.55],[101.561,-2.457],[101.555,-2.352],[101.588,-2.36],[101.587,-2.349],[101.6,-2.333],[101.614,-2.333],[101.638,-2.35],[101.652,-2.34],[101.659,-2.347],[101.677,-2.329],[101.711,-2.318],[101.741,-2.261],[101.779,-2.228],[101.774,-2.221],[101.784,-2.195],[101.799,-2.192],[101.813,-2.177],[101.829,-2.189],[101.837,-2.184],[101.825,-2.178],[101.801,-2.144],[101.783,-2.139],[101.793,-2.105],[101.76,-2.074],[101.751,-2.038],[101.727,-2.021],[101.73,-2.001],[101.698,-1.997],[101.696,-1.988],[101.666,-1.971],[101.629,-1.889],[101.642,-1.877],[101.661,-1.872],[101.675,-1.881],[101.734,-1.877],[101.788,-1.829],[101.829,-1.821],[101.883,-1.847],[101.921,-1.839],[101.947,-1.86],[101.977,-1.871],[101.995,-1.907],[102.01,-1.901],[102.035,-1.905],[102.058,-1.877],[102.086,-1.869],[102.111,-1.873],[102.13,-1.854],[102.143,-1.813],[102.134,-1.791],[102.168,-1.781],[102.184,-1.786],[102.194,-1.768],[102.283,-1.726],[102.293,-1.713],[102.304,-1.716],[102.324,-1.703],[102.344,-1.676],[102.362,-1.678],[102.375,-1.692],[102.406,-1.701],[102.426,-1.692],[102.431,-1.697],[102.445,-1.682],[102.452,-1.685],[102.462,-1.674],[102.456,-1.656],[102.53,-1.653],[102.517,-1.671],[102.523,-1.686],[102.493,-1.696],[102.49,-1.706],[102.514,-1.708],[102.514,-1.718],[102.507,-1.759],[102.487,-1.76],[102.497,-1.797],[102.477,-1.812]]]}},{"type":"Feature","properties":{"kode":"73.22","nama":"Luwu Utara","prov":"Sulawesi Selatan","kota":false},"geometry":{"type":"Polygon","coordinates":[[[120.073,-1.948],[120.109,-1.978],[120.115,-2.0],[120.13,-1.997],[120.139,-1.98],[120.174,-1.962],[120.196,-1.994],[120.213,-1.998],[120.232,-1.984],[120.243,-1.998],[120.253,-1.999],[120.269,-2.025],[120.288,-2.027],[120.299,-2.05],[120.312,-2.053],[120.312,-2.043],[120.326,-2.041],[120.329,-1.998],[120.344,-1.977],[120.362,-1.992],[120.382,-1.984],[120.392,-1.996],[120.387,-1.959],[120.399,-1.954],[120.434,-2.005],[120.446,-2.011],[120.469,-2.056],[120.478,-2.05],[120.48,-2.083],[120.508,-2.113],[120.513,-2.11],[120.52,-2.147],[120.508,-2.163],[120.507,-2.206],[120.489,-2.211],[120.487,-2.232],[120.47,-2.249],[120.474,-2.261],[120.483,-2.28],[120.5,-2.288],[120.523,-2.327],[120.531,-2.361],[120.52,-2.379],[120.543,-2.406],[120.54,-2.428],[120.574,-2.462],[120.62,-2.58],[120.635,-2.59],[120.635,-2.621],[120.656,-2.667],[120.633,-2.683],[120.602,-2.679],[120.571,-2.687],[120.573,-2.705],[120.54,-2.739],[120.529,-2.765],[120.5,-2.774],[120.447,-2.827],[120.346,-2.87],[120.315,-2.906],[120.287,-2.91],[120.267,-2.894],[120.277,-2.868],[120.256,-2.838],[120.259,-2.823],[120.245,-2.821],[120.192,-2.765],[120.176,-2.762],[120.174,-2.742],[120.134,-2.704],[120.139,-2.682],[120.115,-2.673],[120.11,-2.663],[120.082,-2.695],[120.061,-2.689],[120.047,-2.7],[119.966,-2.696],[119.941,-2.706],[119.924,-2.727],[119.907,-2.722],[119.9,-2.728],[119.892,-2.759],[119.88,-2.76],[119.853,-2.689],[119.839,-2.689],[119.839,-2.647],[119.849,-2.635],[119.835,-2.616],[119.805,-2.618],[119.783,-2.609],[119.784,-2.597],[119.76,-2.587],[119.762,-2.572],[119.746,-2.536],[119.713,-2.52],[119.708,-2.504],[119.725,-2.467],[119.722,-2.439],[119.71,-2.42],[119.723,-2.393],[119.713,-2.38],[119.688,-2.37],[119.683,-2.33],[119.699,-2.314],[119.677,-2.268],[119.712,-2.256],[119.747,-2.222],[119.738,-2.188],[119.711,-2.143],[119.735,-2.125],[119.777,-2.119],[119.793,-2.108],[119.804,-2.112],[119.818,-2.094],[119.818,-2.059],[119.828,-2.047],[119.852,-2.041],[119.87,-2.018],[119.871,-2.034],[119.883,-2.045],[119.901,-2.055],[119.91,-2.053],[119.921,-2.033],[119.93,-2.037],[119.945,-2.029],[119.944,-2.016],[119.971,-1.997],[119.978,-1.975],[119.997,-1.958],[120.028,-1.97],[120.037,-1.965],[120.045,-1.972],[120.073,-1.948]]]}},{"type":"Feature","properties":{"kode":"53.11","nama":"Sumba Timur","prov":"Nusa Tenggara Timur","kota":false},"geometry":{"type":"Polygon","coordinates":[[[119.675,-9.829],[119.691,-9.82],[119.725,-9.754],[119.748,-9.734],[119.741,-9.726],[119.756,-9.704],[119.773,-9.704],[119.819,-9.674],[119.823,-9.664],[119.845,-9.66],[119.853,-9.614],[119.84,-9.588],[119.842,-9.577],[119.853,-9.574],[119.858,-9.556],[119.875,-9.541],[119.875,-9.528],[119.889,-9.513],[119.909,-9.513],[119.911,-9.497],[119.925,-9.485],[119.899,-9.434],[119.912,-9.402],[119.909,-9.383],[119.876,-9.371],[119.865,-9.344],[119.891,-9.326],[119.935,-9.276],[119.954,-9.316],[119.992,-9.355],[120.001,-9.376],[120.034,-9.397],[120.049,-9.43],[120.085,-9.47],[120.124,-9.485],[120.182,-9.468],[120.21,-9.491],[120.227,-9.542],[120.231,-9.6],[120.253,-9.645],[120.258,-9.639],[120.299,-9.642],[120.323,-9.67],[120.365,-9.644],[120.386,-9.648],[120.388,-9.638],[120.468,-9.617],[120.507,-9.687],[120.541,-9.687],[120.558,-9.696],[120.577,-9.724],[120.597,-9.731],[120.606,-9.769],[120.624,-9.788],[120.63,-9.819],[120.679,-9.9],[120.714,-9.921],[120.747,-9.924],[120.816,-9.977],[120.846,-10.029],[120.841,-10.088],[120.816,-10.124],[120.771,-10.143],[120.751,-10.162],[120.739,-10.19],[120.685,-10.224],[120.644,-10.228],[120.62,-10.251],[120.605,-10.254],[120.571,-10.239],[120.532,-10.24],[120.515,-10.255],[120.487,-10.262],[120.473,-10.302],[120.454,-10.313],[120.347,-10.248],[120.298,-10.257],[120.268,-10.245],[120.209,-10.251],[120.182,-10.229],[120.168,-10.237],[120.112,-10.179],[120.084,-10.177],[120.085,-10.168],[120.046,-10.126],[120.009,-10.121],[120.013,-10.103],[120.022,-10.1],[120.019,-10.079],[119.995,-10.037],[119.948,-9.999],[119.954,-9.984],[119.948,-9.973],[119.931,-9.981],[119.909,-9.975],[119.903,-9.97],[119.906,-9.952],[119.898,-9.948],[119.883,-9.958],[119.872,-9.95],[119.873,-9.932],[119.863,-9.922],[119.835,-9.928],[119.802,-9.915],[119.787,-9.922],[119.768,-9.896],[119.708,-9.863],[119.698,-9.844],[119.685,-9.846],[119.675,-9.829]]]}},{"type":"Feature","properties":{"kode":"92.05","nama":"Raja Ampat","prov":"Papua Barat Daya","kota":false},"geometry":{"type":"MultiPolygon","coordinates":[[[[130.814,-0.006],[130.884,-0.017],[130.938,-0.041],[130.954,-0.034],[130.97,-0.049],[130.968,-0.058],[130.977,-0.059],[130.987,-0.049],[130.98,-0.037],[131.008,-0.044],[131.04,-0.031],[131.046,-0.02],[131.055,-0.043],[131.046,-0.063],[131.075,-0.07],[131.087,-0.063],[131.107,-0.074],[131.133,-0.071],[131.158,-0.082],[131.167,-0.1],[131.179,-0.098],[131.195,-0.13],[131.201,-0.127],[131.211,-0.139],[131.224,-0.132],[131.235,-0.144],[131.258,-0.136],[131.262,-0.149],[131.3,-0.161],[131.316,-0.199],[131.315,-0.21],[131.295,-0.221],[131.297,-0.244],[131.341,-0.292],[131.306,-0.304],[131.302,-0.319],[131.282,-0.326],[131.286,-0.334],[131.278,-0.345],[131.245,-0.34],[131.255,-0.369],[131.247,-0.38],[131.202,-0.364],[131.193,-0.342],[131.102,-0.322],[131.103,-0.308],[131.068,-0.323],[131.055,-0.343],[131.036,-0.337],[131.022,-0.352],[131.008,-0.336],[130.991,-0.337],[130.995,-0.356],[130.96,-0.351],[130.942,-0.342],[130.92,-0.3],[130.9,-0.301],[130.899,-0.27],[130.882,-0.258],[130.869,-0.235],[130.858,-0.234],[130.843,-0.245],[130.8,-0.242],[130.791,-0.225],[130.797,-0.192],[130.785,-0.176],[130.791,-0.17],[130.777,-0.155],[130.757,-0.157],[130.722,-0.137],[130.714,-0.101],[130.68,-0.099],[130.695,-0.093],[130.699,-0.078],[130.664,-0.079],[130.658,-0.089],[130.637,-0.093],[130.622,-0.08],[130.611,-0.093],[130.624,-0.099],[130.62,-0.104],[130.643,-0.104],[130.646,-0.114],[130.659,-0.119],[130.642,-0.114],[130.622,-0.122],[130.63,-0.127],[130.632,-0.142],[130.621,-0.146],[130.656,-0.152],[130.675,-0.172],[130.739,-0.275],[130.73,-0.294],[130.783,-0.292],[130.784,-0.301],[130.792,-0.296],[130.794,-0.305],[130.812,-0.312],[130.82,-0.31],[130.82,-0.301],[130.81,-0.297],[130.831,-0.288],[130.847,-0.293],[130.853,-0.31],[130.898,-0.315],[130.917,-0.306],[130.933,-0.349],[130.944,-0.355],[130.94,-0.363],[130.926,-0.357],[130.92,-0.362],[130.932,-0.376],[130.918,-0.393],[130.885,-0.403],[130.877,-0.42],[130.855,-0.417],[130.813,-0.437],[130.8,-0.433],[130.791,-0.443],[130.768,-0.434],[130.769,-0.44],[130.75,-0.443],[130.727,-0.439],[130.72,-0.43],[130.7,-0.389],[130.705,-0.376],[130.693,-0.349],[130.676,-0.341],[130.706,-0.323],[130.697,-0.319],[130.695,-0.3],[130.683,-0.292],[130.619,-0.311],[130.615,-0.303],[130.582,-0.318],[130.582,-0.336],[130.561,-0.369],[130.59,-0.361],[130.59,-0.377],[130.569,-0.404],[130.565,-0.424],[130.553,-0.43],[130.541,-0.424],[130.558,-0.392],[130.556,-0.379],[130.548,-0.382],[130.546,-0.306],[130.524,-0.306],[130.518,-0.295],[130.535,-0.258],[130.527,-0.246],[130.517,-0.241],[130.5,-0.257],[130.463,-0.262],[130.448,-0.289],[130.436,-0.286],[130.443,-0.274],[130.429,-0.261],[130.407,-0.269],[130.376,-0.261],[130.392,-0.276],[130.386,-0.279],[130.36,-0.255],[130.343,-0.256],[130.319,-0.273],[130.32,-0.251],[130.286,-0.226],[130.242,-0.223],[130.219,-0.208],[130.232,-0.201],[130.273,-0.212],[130.27,-0.22],[130.285,-0.214],[130.329,-0.219],[130.356,-0.202],[130.368,-0.203],[130.387,-0.23],[130.371,-0.23],[130.377,-0.238],[130.406,-0.224],[130.417,-0.206],[130.441,-0.195],[130.451,-0.198],[130.424,-0.175],[130.392,-0.187],[130.378,-0.184],[130.38,-0.178],[130.425,-0.166],[130.421,-0.15],[130.428,-0.135],[130.421,-0.129],[130.401,-0.136],[130.414,-0.143],[130.419,-0.161],[130.403,-0.169],[130.384,-0.171],[130.376,-0.163],[130.373,-0.138],[130.363,-0.139],[130.367,-0.153],[130.336,-0.141],[130.333,-0.152],[130.349,-0.162],[130.354,-0.192],[130.301,-0.173],[130.299,-0.165],[130.309,-0.164],[130.306,-0.148],[130.284,-0.144],[130.281,-0.131],[130.293,-0.131],[130.282,-0.112],[130.306,-0.097],[130.326,-0.109],[130.335,-0.102],[130.346,-0.11],[130.347,-0.079],[130.354,-0.08],[130.356,-0.105],[130.35,-0.113],[130.364,-0.134],[130.382,-0.119],[130.363,-0.083],[130.376,-0.082],[130.371,-0.076],[130.392,-0.081],[130.398,-0.075],[130.406,-0.099],[130.398,-0.11],[130.413,-0.115],[130.434,-0.105],[130.438,-0.094],[130.427,-0.086],[130.437,-0.075],[130.439,-0.086],[130.455,-0.097],[130.459,-0.089],[130.475,-0.088],[130.483,-0.075],[130.496,-0.082],[130.505,-0.069],[130.525,-0.069],[130.509,-0.051],[130.528,-0.051],[130.545,-0.076],[130.559,-0.075],[130.553,-0.066],[130.561,-0.065],[130.579,-0.075],[130.57,-0.039],[130.576,-0.039],[130.577,-0.054],[130.589,-0.058],[130.586,-0.048],[130.593,-0.043],[130.607,-0.057],[130.616,-0.051],[130.634,-0.063],[130.639,-0.055],[130.655,-0.06],[130.656,-0.05],[130.668,-0.053],[130.722,-0.028],[130.73,-0.038],[130.705,-0.057],[130.708,-0.062],[130.719,-0.052],[130.771,-0.054],[130.782,-0.051],[130.777,-0.037],[130.746,-0.037],[130.74,-0.025],[130.752,-0.025],[130.753,-0.017],[130.77,-0.011],[130.814,-0.006]]],[[[131.142,-0.996],[131.15,-1.019],[131.132,-1.03],[131.133,-1.046],[131.123,-1.044],[131.109,-1.057],[131.116,-1.071],[131.104,-1.072],[131.111,-1.081],[131.078,-1.079],[131.097,-1.003],[131.142,-0.996]]],[[[131.035,-1.195],[131.003,-1.163],[130.955,-1.143],[130.949,-1.128],[130.919,-1.129],[130.916,-1.136],[130.882,-1.127],[130.864,-1.133],[130.84,-1.109],[130.813,-1.119],[130.798,-1.115],[130.791,-1.085],[130.737,-1.072],[130.73,-1.037],[130.714,-1.039],[130.704,-1.052],[130.692,-1.048],[130.676,-1.013],[130.642,-0.993],[130.634,-0.962],[130.646,-0.955],[130.686,-0.953],[130.741,-0.929],[130.792,-0.927],[130.812,-0.908],[130.834,-0.901],[130.856,-0.905],[130.864,-0.896],[130.886,-0.897],[130.897,-0.889],[130.904,-0.898],[130.927,-0.892],[130.923,-0.928],[130.94,-0.941],[130.969,-0.934],[130.985,-0.918],[130.997,-0.925],[131.031,-0.913],[131.049,-0.931],[131.059,-0.962],[131.079,-0.967],[131.079,-0.977],[131.067,-0.981],[131.065,-1.009],[131.085,-1.006],[131.088,-1.012],[131.082,-1.013],[131.074,-1.042],[131.076,-1.071],[131.069,-1.104],[131.058,-1.117],[131.048,-1.184],[131.035,-1.195]]],[[[130.799,-0.757],[130.817,-0.759],[130.812,-0.771],[130.819,-0.781],[130.845,-0.767],[130.844,-0.781],[130.862,-0.801],[130.87,-0.795],[130.857,-0.792],[130.85,-0.779],[130.855,-0.764],[130.861,-0.772],[130.871,-0.765],[130.875,-0.774],[130.896,-0.763],[130.898,-0.776],[130.917,-0.783],[130.923,-0.776],[130.927,-0.784],[130.917,-0.799],[130.882,-0.793],[130.857,-0.815],[130.874,-0.829],[130.9,-0.832],[130.893,-0.84],[130.871,-0.847],[130.87,-0.833],[130.862,-0.853],[130.851,-0.852],[130.849,-0.86],[130.822,-0.868],[130.758,-0.873],[130.75,-0.881],[130.734,-0.876],[130.677,-0.899],[130.611,-0.912],[130.569,-0.909],[130.561,-0.915],[130.548,-0.905],[130.543,-0.916],[130.525,-0.909],[130.511,-0.92],[130.525,-0.902],[130.52,-0.895],[130.489,-0.907],[130.47,-0.896],[130.473,-0.917],[130.461,-0.913],[130.465,-0.905],[130.458,-0.898],[130.423,-0.908],[130.416,-0.921],[130.396,-0.916],[130.407,-0.909],[130.41,-0.896],[130.415,-0.903],[130.435,-0.892],[130.449,-0.896],[130.458,-0.883],[130.439,-0.873],[130.439,-0.866],[130.452,-0.864],[130.458,-0.853],[130.448,-0.829],[130.453,-0.81],[130.464,-0.8],[130.466,-0.819],[130.481,-0.817],[130.473,-0.797],[130.484,-0.789],[130.501,-0.799],[130.484,-0.815],[130.486,-0.827],[130.544,-0.841],[130.556,-0.821],[130.567,-0.822],[130.561,-0.813],[130.566,-0.794],[130.575,-0.797],[130.576,-0.81],[130.589,-0.809],[130.58,-0.829],[130.585,-0.833],[130.614,-0.818],[130.634,-0.791],[130.636,-0.805],[130.65,-0.802],[130.65,-0.812],[130.641,-0.814],[130.652,-0.822],[130.682,-0.824],[130.685,-0.814],[130.673,-0.811],[130.675,-0.803],[130.702,-0.806],[130.714,-0.81],[130.707,-0.825],[130.718,-0.83],[130.721,-0.815],[130.737,-0.821],[130.756,-0.81],[130.767,-0.819],[130.774,-0.806],[130.793,-0.797],[130.799,-0.798],[130.793,-0.812],[130.81,-0.802],[130.812,-0.816],[130.821,-0.822],[130.81,-0.798],[130.815,-0.777],[130.801,-0.775],[130.799,-0.757]]],[[[130.614,-0.397],[130.665,-0.42],[130.67,-0.436],[130.696,-0.441],[130.691,-0.462],[130.678,-0.469],[130.65,-0.502],[130.665,-0.488],[130.676,-0.489],[130.662,-0.508],[130.63,-0.524],[130.578,-0.535],[130.569,-0.522],[130.596,-0.519],[130.594,-0.507],[130.602,-0.501],[130.596,-0.495],[130.604,-0.48],[130.597,-0.466],[130.575,-0.463],[130.565,-0.466],[130.566,-0.491],[130.546,-0.512],[130.532,-0.502],[130.527,-0.51],[130.512,-0.506],[130.464,-0.519],[130.461,-0.507],[130.499,-0.497],[130.513,-0.486],[130.469,-0.484],[130.465,-0.462],[130.487,-0.455],[130.472,-0.446],[130.476,-0.44],[130.493,-0.43],[130.511,-0.439],[130.51,-0.451],[130.523,-0.468],[130.562,-0.447],[130.557,-0.432],[130.567,-0.425],[130.595,-0.413],[130.618,-0.418],[130.61,-0.41],[130.614,-0.397]]],[[[130.647,-0.568],[130.659,-0.574],[130.604,-0.588],[130.579,-0.609],[130.556,-0.608],[130.565,-0.596],[130.647,-0.568]]],[[[130.406,-1.995],[130.449,-2.006],[130.453,-2.0],[130.468,-2.0],[130.471,-2.005],[130.433,-2.021],[130.418,-2.02],[130.399,-2.035],[130.373,-2.034],[130.374,-2.026],[130.405,-2.011],[130.406,-1.995]]],[[[130.334,-1.974],[130.352,-1.979],[130.328,-1.969],[130.303,-2.01],[130.274,-2.015],[130.28,-2.027],[130.267,-2.053],[130.191,-2.064],[130.172,-2.053],[130.132,-2.061],[130.101,-2.046],[130.118,-2.039],[130.094,-2.026],[130.103,-2.018],[130.07,-2.027],[130.054,-2.015],[130.047,-2.027],[130.039,-2.014],[130.031,-2.023],[130.021,-2.021],[130.019,-2.011],[130.008,-2.015],[129.988,-2.001],[129.968,-2.013],[129.949,-2.001],[129.922,-1.999],[129.906,-1.985],[129.86,-1.975],[129.821,-1.94],[129.801,-1.932],[129.795,-1.939],[129.759,-1.91],[129.73,-1.9],[129.74,-1.893],[129.728,-1.893],[129.721,-1.881],[129.754,-1.849],[129.866,-1.821],[129.892,-1.802],[129.899,-1.786],[129.978,-1.77],[130.01,-1.742],[130.025,-1.744],[130.062,-1.724],[130.096,-1.73],[130.125,-1.712],[130.131,-1.722],[130.198,-1.718],[130.257,-1.73],[130.268,-1.718],[130.271,-1.7],[130.333,-1.685],[130.348,-1.67],[130.37,-1.676],[130.381,-1.691],[130.366,-1.71],[130.368,-1.718],[130.35,-1.724],[130.349,-1.731],[130.379,-1.759],[130.42,-1.778],[130.422,-1.799],[130.444,-1.831],[130.43,-1.861],[130.41,-1.859],[130.417,-1.876],[130.408,-1.897],[130.393,-1.89],[130.379,-1.905],[130.341,-1.92],[130.372,-1.937],[130.369,-1.952],[130.38,-1.944],[130.389,-1.953],[130.43,-1.953],[130.439,-1.955],[130.443,-1.973],[130.44,-1.983],[130.426,-1.988],[130.411,-1.985],[130.408,-1.971],[130.386,-1.981],[130.379,-1.978],[130.375,-1.981],[130.369,-1.978],[130.361,-1.977],[130.375,-1.981],[130.379,-1.978],[130.391,-1.985],[130.397,-1.984],[130.405,-1.994],[130.401,-2.01],[130.386,-2.012],[130.358,-1.992],[130.327,-1.985],[130.334,-1.974]],[[130.357,-1.98],[130.359,-1.978],[130.357,-1.981],[130.357,-1.98]],[[130.357,-1.981],[130.353,-1.981],[130.354,-1.981],[130.357,-1.981]]],[[[130.243,-2.181],[130.291,-2.189],[130.303,-2.195],[130.269,-2.196],[130.278,-2.208],[130.255,-2.211],[130.231,-2.199],[130.248,-2.19],[130.227,-2.186],[130.243,-2.181]]],[[[130.225,-0.278],[130.231,-0.298],[130.243,-0.303],[130.231,-0.321],[130.218,-0.319],[130.203,-0.309],[130.202,-0.285],[130.225,-0.278]]],[[[130.138,0.016],[130.134,0.004],[130.129,0.011],[130.126,0.002],[130.112,0.006],[130.12,-0.016],[130.142,-0.017],[130.117,-0.032],[130.151,-0.046],[130.166,-0.066],[130.153,-0.072],[130.145,-0.091],[130.131,-0.097],[130.124,-0.086],[130.119,-0.093],[130.115,-0.089],[130.113,-0.069],[130.096,-0.065],[130.098,-0.037],[130.112,-0.035],[130.112,-0.029],[130.089,0.003],[130.138,0.016]]],[[[129.881,-1.147],[129.894,-1.16],[129.978,-1.171],[129.97,-1.183],[129.965,-1.179],[129.961,-1.19],[129.944,-1.196],[129.931,-1.216],[129.923,-1.21],[129.93,-1.188],[129.867,-1.238],[129.839,-1.242],[129.833,-1.251],[129.818,-1.247],[129.822,-1.24],[129.851,-1.215],[129.862,-1.212],[129.865,-1.221],[129.875,-1.215],[129.887,-1.196],[129.818,-1.216],[129.795,-1.205],[129.745,-1.22],[129.732,-1.207],[129.734,-1.191],[129.757,-1.172],[129.851,-1.157],[129.867,-1.144],[129.881,-1.147]]],[[[129.89,-0.398],[129.913,-0.4],[129.924,-0.413],[129.915,-0.43],[129.919,-0.443],[129.905,-0.445],[129.901,-0.48],[129.875,-0.498],[129.864,-0.491],[129.846,-0.439],[129.857,-0.415],[129.867,-0.416],[129.89,-0.398]]],[[[129.746,-1.158],[129.718,-1.198],[129.699,-1.207],[129.674,-1.199],[129.672,-1.191],[129.696,-1.202],[129.688,-1.182],[129.679,-1.182],[129.704,-1.164],[129.746,-1.158]]]]}},{"type":"Feature","properties":{"kode":"16.03","nama":"Muara Enim","prov":"Sumatera Selatan","kota":false},"geometry":{"type":"MultiPolygon","coordinates":[[[[103.801,-3.309],[103.821,-3.326],[103.83,-3.315],[103.85,-3.317],[103.856,-3.332],[103.875,-3.331],[103.907,-3.36],[103.918,-3.399],[103.949,-3.413],[104.025,-3.406],[104.029,-3.341],[104.059,-3.338],[104.093,-3.356],[104.1,-3.339],[104.113,-3.351],[104.132,-3.344],[104.125,-3.36],[104.154,-3.409],[104.137,-3.454],[104.14,-3.47],[104.126,-3.495],[104.141,-3.514],[104.149,-3.551],[104.195,-3.551],[104.195,-3.543],[104.217,-3.526],[104.227,-3.527],[104.233,-3.54],[104.248,-3.535],[104.251,-3.578],[104.28,-3.581],[104.301,-3.563],[104.315,-3.567],[104.316,-3.557],[104.321,-3.609],[104.349,-3.6],[104.358,-3.589],[104.391,-3.59],[104.418,-3.563],[104.432,-3.566],[104.458,-3.582],[104.455,-3.595],[104.468,-3.615],[104.451,-3.644],[104.416,-3.661],[104.37,-3.701],[104.366,-3.756],[104.385,-3.763],[104.361,-3.771],[104.337,-3.76],[104.322,-3.773],[104.305,-3.774],[104.286,-3.756],[104.27,-3.773],[104.248,-3.781],[104.244,-3.822],[104.212,-3.852],[104.115,-3.899],[103.993,-3.92],[103.97,-3.889],[103.941,-3.899],[103.929,-3.916],[103.896,-3.928],[103.89,-3.969],[103.874,-3.976],[103.87,-3.991],[103.853,-3.999],[103.848,-4.01],[103.838,-4.009],[103.821,-4.03],[103.792,-4.045],[103.774,-4.074],[103.732,-4.088],[103.702,-4.087],[103.705,-4.184],[103.645,-4.201],[103.644,-4.218],[103.619,-4.225],[103.615,-4.263],[103.628,-4.281],[103.601,-4.346],[103.602,-4.363],[103.58,-4.353],[103.518,-4.377],[103.508,-4.363],[103.451,-4.35],[103.442,-4.33],[103.41,-4.314],[103.371,-4.316],[103.352,-4.295],[103.322,-4.283],[103.316,-4.267],[103.336,-4.257],[103.331,-4.239],[103.353,-4.228],[103.359,-4.237],[103.371,-4.23],[103.373,-4.215],[103.405,-4.173],[103.439,-4.182],[103.458,-4.159],[103.446,-4.147],[103.443,-4.126],[103.454,-4.121],[103.465,-4.1],[103.481,-4.107],[103.498,-4.131],[103.513,-4.124],[103.526,-4.138],[103.556,-4.12],[103.569,-4.088],[103.585,-4.092],[103.597,-3.996],[103.643,-3.967],[103.645,-3.957],[103.635,-3.943],[103.66,-3.911],[103.676,-3.902],[103.695,-3.907],[103.72,-3.885],[103.705,-3.87],[103.708,-3.852],[103.716,-3.828],[103.738,-3.802],[103.723,-3.773],[103.736,-3.753],[103.76,-3.747],[103.764,-3.74],[103.751,-3.73],[103.75,-3.712],[103.734,-3.691],[103.75,-3.683],[103.765,-3.686],[103.768,-3.67],[103.747,-3.66],[103.736,-3.639],[103.744,-3.622],[103.731,-3.617],[103.759,-3.612],[103.755,-3.606],[103.766,-3.598],[103.762,-3.589],[103.77,-3.59],[103.772,-3.583],[103.764,-3.586],[103.757,-3.576],[103.731,-3.576],[103.708,-3.566],[103.628,-3.51],[103.571,-3.549],[103.538,-3.548],[103.549,-3.527],[103.541,-3.49],[103.56,-3.479],[103.573,-3.456],[103.594,-3.457],[103.611,-3.426],[103.627,-3.359],[103.692,-3.301],[103.708,-3.294],[103.722,-3.305],[103.717,-3.335],[103.734,-3.352],[103.737,-3.298],[103.744,-3.286],[103.761,-3.28],[103.78,-3.313],[103.787,-3.318],[103.801,-3.309]]],[[[104.677,-3.049],[104.66,-3.078],[104.643,-3.071],[104.643,-3.096],[104.578,-3.102],[104.576,-3.115],[104.522,-3.18],[104.521,-3.207],[104.543,-3.21],[104.546,-3.219],[104.549,-3.263],[104.531,-3.276],[104.533,-3.297],[104.541,-3.303],[104.54,-3.315],[104.533,-3.318],[104.538,-3.345],[104.53,-3.364],[104.501,-3.373],[104.498,-3.399],[104.47,-3.42],[104.437,-3.428],[104.443,-3.457],[104.424,-3.492],[104.378,-3.51],[104.352,-3.53],[104.318,-3.539],[104.295,-3.474],[104.277,-3.463],[104.317,-3.45],[104.352,-3.376],[104.313,-3.351],[104.286,-3.365],[104.208,-3.36],[104.197,-3.349],[104.179,-3.349],[104.189,-3.32],[104.213,-3.313],[104.215,-3.298],[104.234,-3.283],[104.23,-3.27],[104.21,-3.262],[104.219,-3.224],[104.234,-3.211],[104.258,-3.031],[104.27,-3.022],[104.318,-3.055],[104.386,-3.061],[104.456,-3.08],[104.468,-3.081],[104.468,-3.073],[104.512,-3.077],[104.538,-3.055],[104.545,-3.034],[104.585,-3.037],[104.584,-3.047],[104.596,-3.053],[104.611,-3.048],[104.63,-3.017],[104.663,-3.041],[104.673,-3.035],[104.677,-3.049]]]]}},{"type":"Feature","properties":{"kode":"73.24","nama":"Luwu Timur","prov":"Sulawesi Selatan","kota":false},"geometry":{"type":"Polygon","coordinates":[[[121.01,-2.866],[120.997,-2.87],[120.988,-2.841],[120.988,-2.831],[120.975,-2.81],[120.978,-2.806],[120.994,-2.819],[121.008,-2.8],[121.014,-2.809],[121.021,-2.805],[121.018,-2.793],[121.026,-2.789],[121.033,-2.768],[121.036,-2.776],[121.048,-2.778],[121.063,-2.763],[121.063,-2.748],[121.083,-2.745],[121.095,-2.723],[121.08,-2.7],[121.038,-2.694],[121.037,-2.664],[121.029,-2.654],[121.021,-2.652],[121.022,-2.669],[121.012,-2.676],[120.994,-2.679],[120.98,-2.667],[120.964,-2.67],[120.947,-2.66],[120.914,-2.663],[120.891,-2.642],[120.854,-2.656],[120.816,-2.619],[120.805,-2.619],[120.783,-2.627],[120.76,-2.619],[120.75,-2.622],[120.746,-2.637],[120.673,-2.645],[120.656,-2.667],[120.646,-2.651],[120.635,-2.621],[120.635,-2.59],[120.62,-2.58],[120.574,-2.462],[120.54,-2.428],[120.543,-2.406],[120.52,-2.379],[120.531,-2.361],[120.523,-2.327],[120.5,-2.288],[120.483,-2.28],[120.47,-2.249],[120.487,-2.232],[120.489,-2.211],[120.507,-2.206],[120.508,-2.163],[120.52,-2.147],[120.513,-2.103],[120.529,-2.084],[120.518,-2.044],[120.524,-2.032],[120.541,-2.037],[120.545,-2.018],[120.597,-2.092],[120.636,-2.114],[120.645,-2.137],[120.676,-2.167],[120.686,-2.203],[120.723,-2.211],[120.723,-2.22],[120.743,-2.242],[120.78,-2.228],[120.781,-2.214],[120.802,-2.222],[120.856,-2.223],[120.855,-2.251],[120.88,-2.267],[120.957,-2.254],[120.993,-2.275],[121.043,-2.249],[121.053,-2.254],[121.049,-2.265],[121.108,-2.281],[121.106,-2.327],[121.085,-2.373],[121.089,-2.387],[121.106,-2.4],[121.123,-2.394],[121.134,-2.408],[121.202,-2.367],[121.228,-2.368],[121.254,-2.402],[121.266,-2.404],[121.292,-2.377],[121.391,-2.411],[121.406,-2.404],[121.442,-2.405],[121.451,-2.418],[121.469,-2.415],[121.498,-2.446],[121.57,-2.491],[121.585,-2.528],[121.621,-2.535],[121.63,-2.506],[121.673,-2.52],[121.674,-2.542],[121.697,-2.581],[121.72,-2.604],[121.748,-2.607],[121.784,-2.642],[121.773,-2.683],[121.751,-2.679],[121.735,-2.699],[121.748,-2.718],[121.715,-2.753],[121.717,-2.777],[121.707,-2.807],[121.678,-2.82],[121.674,-2.838],[121.651,-2.849],[121.659,-2.859],[121.668,-2.858],[121.671,-2.871],[121.685,-2.869],[121.688,-2.889],[121.67,-2.9],[121.634,-2.894],[121.6,-2.902],[121.562,-2.922],[121.548,-2.918],[121.541,-2.929],[121.525,-2.932],[121.516,-2.925],[121.515,-2.934],[121.484,-2.949],[121.476,-2.971],[121.483,-2.984],[121.462,-3.011],[121.436,-3.002],[121.418,-3.016],[121.39,-3.015],[121.367,-2.989],[121.347,-2.985],[121.317,-2.962],[121.3,-2.943],[121.297,-2.927],[121.251,-2.906],[121.226,-2.87],[121.213,-2.87],[121.21,-2.854],[121.198,-2.855],[121.187,-2.842],[121.165,-2.847],[121.149,-2.809],[121.13,-2.795],[121.102,-2.79],[121.094,-2.776],[121.082,-2.773],[121.068,-2.787],[121.034,-2.791],[121.019,-2.82],[120.997,-2.827],[120.992,-2.848],[121.01,-2.866]]]}},{"type":"Feature","properties":{"kode":"94.05","nama":"Puncak","prov":"Papua Tengah","kota":false},"geometry":{"type":"MultiPolygon","coordinates":[[[[136.916,-3.235],[136.91,-3.257],[136.941,-3.303],[136.943,-3.321],[136.961,-3.333],[136.949,-3.338],[136.924,-3.329],[136.923,-3.308],[136.889,-3.264],[136.895,-3.238],[136.909,-3.23],[136.916,-3.235]]],[[[137.683,-3.049],[137.658,-3.067],[137.651,-3.092],[137.637,-3.099],[137.614,-3.092],[137.6,-3.106],[137.575,-3.099],[137.565,-3.103],[137.562,-3.117],[137.543,-3.127],[137.536,-3.145],[137.45,-3.229],[137.436,-3.288],[137.46,-3.28],[137.466,-3.286],[137.46,-3.3],[137.469,-3.326],[137.46,-3.36],[137.464,-3.38],[137.48,-3.386],[137.491,-3.407],[137.506,-3.412],[137.508,-3.428],[137.547,-3.441],[137.563,-3.438],[137.616,-3.472],[137.622,-3.503],[137.643,-3.524],[137.647,-3.538],[137.624,-3.565],[137.594,-3.577],[137.596,-3.603],[137.63,-3.608],[137.638,-3.643],[137.657,-3.652],[137.66,-3.685],[137.667,-3.693],[137.69,-3.712],[137.76,-3.724],[137.815,-3.684],[137.842,-3.721],[137.863,-3.719],[137.87,-3.727],[137.88,-3.767],[137.873,-3.79],[137.89,-3.809],[137.914,-3.814],[137.93,-3.849],[137.954,-3.849],[137.986,-3.859],[138.023,-3.845],[138.054,-3.854],[138.079,-3.873],[138.06,-3.878],[138.059,-3.886],[138.036,-3.881],[138.014,-3.89],[137.963,-3.932],[137.97,-3.964],[137.965,-3.987],[137.949,-4.0],[137.962,-4.011],[137.954,-4.027],[137.977,-4.058],[137.968,-4.064],[137.97,-4.075],[137.988,-4.09],[137.985,-4.111],[138.006,-4.12],[137.98,-4.121],[137.959,-4.138],[137.948,-4.151],[137.954,-4.166],[137.925,-4.162],[137.926,-4.19],[137.874,-4.178],[137.843,-4.194],[137.841,-4.15],[137.736,-4.121],[137.738,-4.156],[137.731,-4.157],[137.707,-4.196],[137.661,-4.203],[137.63,-4.199],[137.617,-4.187],[137.578,-4.192],[137.58,-4.182],[137.564,-4.167],[137.56,-4.148],[137.512,-4.144],[137.488,-4.12],[137.423,-4.093],[137.406,-4.074],[137.325,-4.072],[137.282,-4.054],[137.267,-4.07],[137.234,-4.057],[137.213,-4.066],[137.198,-4.057],[137.188,-4.06],[137.184,-4.075],[137.163,-4.064],[137.151,-4.038],[137.124,-4.04],[137.115,-4.027],[137.125,-4.021],[137.252,-4.001],[137.265,-3.956],[137.236,-3.951],[137.21,-3.96],[137.156,-3.954],[137.144,-3.959],[137.153,-3.95],[137.177,-3.955],[137.199,-3.945],[137.213,-3.957],[137.241,-3.931],[137.236,-3.891],[137.255,-3.882],[137.246,-3.841],[137.207,-3.812],[137.207,-3.779],[137.237,-3.732],[137.239,-3.715],[137.262,-3.706],[137.284,-3.674],[137.351,-3.616],[137.357,-3.593],[137.348,-3.579],[137.314,-3.561],[137.293,-3.61],[137.249,-3.631],[137.231,-3.654],[137.225,-3.641],[137.191,-3.656],[137.207,-3.539],[137.231,-3.533],[137.256,-3.514],[137.281,-3.473],[137.249,-3.499],[137.228,-3.506],[137.204,-3.534],[137.171,-3.551],[137.131,-3.548],[137.111,-3.563],[137.042,-3.534],[137.026,-3.543],[137.005,-3.502],[136.99,-3.498],[136.978,-3.482],[136.994,-3.471],[136.994,-3.459],[137.012,-3.459],[137.02,-3.437],[137.024,-3.459],[137.05,-3.457],[137.063,-3.469],[137.095,-3.45],[137.112,-3.424],[137.116,-3.429],[137.14,-3.417],[137.154,-3.438],[137.149,-3.452],[137.171,-3.453],[137.203,-3.469],[137.211,-3.44],[137.246,-3.399],[137.247,-3.389],[137.256,-3.386],[137.255,-3.342],[137.274,-3.297],[137.252,-3.268],[137.236,-3.259],[137.235,-3.245],[137.193,-3.239],[137.174,-3.254],[137.156,-3.255],[137.131,-3.237],[137.078,-3.279],[137.07,-3.299],[137.066,-3.287],[137.023,-3.308],[137.022,-3.283],[137.03,-3.27],[137.042,-3.268],[137.044,-3.252],[137.062,-3.233],[137.054,-3.218],[137.062,-3.183],[137.086,-3.173],[137.096,-3.155],[137.104,-3.157],[137.107,-3.138],[137.125,-3.123],[137.136,-3.135],[137.162,-3.132],[137.181,-3.122],[137.19,-3.108],[137.198,-3.122],[137.208,-3.111],[137.221,-3.124],[137.232,-3.115],[137.248,-3.123],[137.26,-3.11],[137.291,-3.113],[137.301,-3.1],[137.349,-3.09],[137.351,-3.077],[137.363,-3.069],[137.385,-3.098],[137.408,-3.088],[137.427,-3.105],[137.445,-3.107],[137.488,-3.096],[137.523,-3.081],[137.533,-3.068],[137.55,-3.071],[137.552,-3.051],[137.577,-3.068],[137.624,-3.04],[137.631,-3.046],[137.626,-3.062],[137.634,-3.064],[137.641,-3.056],[137.683,-3.049]]]]}},{"type":"Feature","properties":{"kode":"52.04","nama":"Sumbawa","prov":"Nusa Tenggara Barat","kota":false},"geometry":{"type":"MultiPolygon","coordinates":[[[[117.957,-8.611],[117.978,-8.611],[117.98,-8.629],[117.996,-8.634],[118.003,-8.628],[118.005,-8.633],[117.998,-8.651],[118.008,-8.669],[117.993,-8.691],[117.979,-8.692],[117.978,-8.687],[117.995,-8.662],[117.991,-8.649],[117.988,-8.656],[117.97,-8.659],[117.965,-8.671],[117.955,-8.666],[117.978,-8.637],[117.96,-8.63],[117.957,-8.611]]],[[[117.728,-8.478],[117.735,-8.518],[117.749,-8.54],[117.76,-8.547],[117.769,-8.543],[117.778,-8.555],[117.795,-8.548],[117.799,-8.554],[117.778,-8.562],[117.771,-8.553],[117.761,-8.569],[117.747,-8.569],[117.736,-8.559],[117.714,-8.535],[117.714,-8.514],[117.701,-8.495],[117.715,-8.478],[117.728,-8.478]]],[[[117.653,-8.448],[117.674,-8.466],[117.668,-8.476],[117.679,-8.521],[117.671,-8.521],[117.669,-8.514],[117.654,-8.52],[117.651,-8.531],[117.636,-8.509],[117.643,-8.502],[117.638,-8.49],[117.65,-8.487],[117.653,-8.448]]],[[[116.951,-8.42],[116.96,-8.424],[116.954,-8.435],[116.94,-8.434],[116.912,-8.446],[116.875,-8.445],[116.861,-8.453],[116.84,-8.445],[116.873,-8.432],[116.916,-8.438],[116.951,-8.42]]],[[[117.047,-8.379],[117.046,-8.395],[117.033,-8.41],[117.024,-8.409],[117.024,-8.418],[116.976,-8.43],[116.99,-8.405],[117.001,-8.412],[117.022,-8.406],[117.032,-8.385],[117.047,-8.379]]],[[[118.176,-8.655],[118.178,-8.693],[118.188,-8.706],[118.314,-8.694],[118.333,-8.713],[118.326,-8.729],[118.287,-8.74],[118.284,-8.769],[118.259,-8.775],[118.245,-8.796],[118.222,-8.807],[118.208,-8.835],[118.185,-8.854],[118.159,-8.859],[118.127,-8.878],[118.102,-8.867],[118.08,-8.841],[118.037,-8.858],[118.013,-8.853],[117.99,-8.873],[117.983,-8.893],[117.95,-8.907],[117.935,-8.899],[117.923,-8.917],[117.896,-8.922],[117.886,-8.943],[117.855,-8.927],[117.84,-8.932],[117.817,-8.899],[117.796,-8.906],[117.766,-8.934],[117.734,-8.916],[117.691,-8.919],[117.548,-9.003],[117.535,-8.998],[117.5,-9.019],[117.459,-9.024],[117.391,-9.052],[117.375,-9.048],[117.36,-9.056],[117.348,-9.042],[117.324,-9.056],[117.304,-9.042],[117.271,-9.041],[117.219,-9.02],[117.186,-9.021],[117.135,-9.07],[117.135,-9.084],[117.057,-9.104],[117.04,-9.101],[117.067,-9.035],[117.062,-9.013],[117.07,-8.971],[117.062,-8.953],[117.074,-8.942],[117.085,-8.944],[117.088,-8.931],[117.084,-8.903],[117.064,-8.9],[117.054,-8.889],[117.065,-8.876],[117.061,-8.862],[117.073,-8.857],[117.085,-8.835],[117.085,-8.826],[117.063,-8.807],[117.035,-8.8],[117.041,-8.791],[117.051,-8.795],[117.09,-8.76],[117.08,-8.726],[117.09,-8.703],[117.065,-8.675],[117.042,-8.672],[116.995,-8.616],[116.971,-8.617],[116.961,-8.605],[116.935,-8.606],[116.936,-8.591],[116.921,-8.592],[116.915,-8.573],[116.876,-8.541],[116.873,-8.529],[116.916,-8.527],[116.93,-8.513],[116.945,-8.517],[116.963,-8.493],[116.983,-8.492],[116.987,-8.479],[117.004,-8.506],[117.018,-8.48],[117.017,-8.463],[117.038,-8.445],[117.067,-8.435],[117.07,-8.42],[117.091,-8.414],[117.088,-8.399],[117.103,-8.389],[117.111,-8.378],[117.106,-8.373],[117.122,-8.37],[117.141,-8.379],[117.155,-8.364],[117.202,-8.406],[117.238,-8.401],[117.25,-8.417],[117.331,-8.441],[117.393,-8.472],[117.406,-8.463],[117.405,-8.456],[117.434,-8.413],[117.431,-8.395],[117.448,-8.411],[117.473,-8.416],[117.56,-8.405],[117.571,-8.425],[117.561,-8.447],[117.568,-8.46],[117.56,-8.463],[117.57,-8.501],[117.591,-8.505],[117.575,-8.451],[117.584,-8.426],[117.625,-8.445],[117.634,-8.464],[117.626,-8.501],[117.635,-8.523],[117.624,-8.539],[117.635,-8.546],[117.629,-8.552],[117.69,-8.578],[117.7,-8.564],[117.737,-8.564],[117.727,-8.588],[117.737,-8.594],[117.756,-8.591],[117.76,-8.605],[117.752,-8.631],[117.777,-8.635],[117.754,-8.636],[117.749,-8.645],[117.757,-8.659],[117.77,-8.656],[117.765,-8.668],[117.773,-8.712],[117.793,-8.722],[117.799,-8.719],[117.804,-8.727],[117.832,-8.709],[117.847,-8.718],[117.871,-8.697],[117.9,-8.704],[117.902,-8.713],[117.888,-8.723],[117.902,-8.737],[117.914,-8.732],[117.919,-8.72],[117.939,-8.723],[117.947,-8.729],[117.946,-8.743],[117.96,-8.743],[117.981,-8.733],[117.993,-8.71],[118.009,-8.712],[118.038,-8.672],[118.06,-8.662],[118.088,-8.652],[118.125,-8.658],[118.124,-8.652],[118.141,-8.648],[118.168,-8.653],[118.171,-8.66],[118.176,-8.655]]],[[[117.56,-8.144],[117.606,-8.155],[117.656,-8.149],[117.69,-8.178],[117.61,-8.239],[117.607,-8.264],[117.587,-8.281],[117.57,-8.335],[117.528,-8.389],[117.471,-8.357],[117.477,-8.332],[117.493,-8.317],[117.508,-8.277],[117.507,-8.268],[117.479,-8.257],[117.488,-8.228],[117.48,-8.192],[117.516,-8.161],[117.56,-8.144]]]]}},{"type":"Feature","properties":{"kode":"92.04","nama":"Sorong Selatan","prov":"Papua Barat Daya","kota":false},"geometry":{"type":"Polygon","coordinates":[[[132.052,-1.058],[132.084,-1.113],[132.081,-1.173],[132.087,-1.172],[132.091,-1.185],[132.077,-1.207],[132.092,-1.215],[132.088,-1.227],[132.115,-1.324],[132.169,-1.347],[132.207,-1.373],[132.256,-1.417],[132.348,-1.526],[132.421,-1.569],[132.429,-1.586],[132.436,-1.605],[132.409,-1.656],[132.411,-1.667],[132.397,-1.702],[132.405,-1.715],[132.403,-1.734],[132.396,-1.734],[132.394,-1.756],[132.399,-1.762],[132.409,-1.751],[132.42,-1.759],[132.443,-1.742],[132.462,-1.742],[132.468,-1.732],[132.48,-1.731],[132.489,-1.757],[132.507,-1.767],[132.509,-1.796],[132.489,-1.797],[132.49,-1.785],[132.459,-1.771],[132.443,-1.781],[132.409,-1.781],[132.442,-1.832],[132.447,-1.885],[132.482,-1.851],[132.496,-1.826],[132.522,-1.82],[132.627,-1.858],[132.629,-1.867],[132.62,-1.872],[132.637,-1.907],[132.617,-1.91],[132.634,-1.923],[132.646,-1.922],[132.639,-1.942],[132.656,-1.962],[132.651,-1.976],[132.637,-1.969],[132.614,-1.987],[132.635,-1.985],[132.631,-1.997],[132.645,-2.0],[132.643,-2.021],[132.667,-2.016],[132.654,-2.033],[132.681,-2.042],[132.694,-2.071],[132.681,-2.079],[132.696,-2.084],[132.687,-2.095],[132.672,-2.092],[132.68,-2.101],[132.671,-2.099],[132.666,-2.109],[132.65,-2.09],[132.638,-2.091],[132.637,-2.148],[132.62,-2.177],[132.606,-2.18],[132.599,-2.199],[132.582,-2.19],[132.527,-2.195],[132.433,-2.233],[132.365,-2.27],[132.31,-2.28],[132.233,-2.19],[132.194,-2.164],[132.198,-2.151],[132.143,-2.149],[132.141,-2.14],[132.116,-2.131],[132.043,-2.076],[132.041,-2.057],[132.078,-2.041],[132.088,-2.03],[132.085,-2.021],[132.06,-2.019],[132.041,-2.026],[131.966,-1.96],[131.982,-1.952],[131.982,-1.934],[131.989,-1.933],[131.954,-1.918],[131.929,-1.881],[131.926,-1.86],[131.948,-1.844],[131.922,-1.814],[131.956,-1.786],[131.954,-1.777],[131.994,-1.74],[132.014,-1.747],[132.026,-1.7],[132.012,-1.696],[131.995,-1.674],[131.976,-1.705],[131.917,-1.72],[131.906,-1.711],[131.9,-1.674],[131.881,-1.644],[131.892,-1.611],[131.878,-1.584],[131.857,-1.566],[131.848,-1.586],[131.813,-1.613],[131.79,-1.61],[131.78,-1.599],[131.784,-1.578],[131.778,-1.573],[131.803,-1.548],[131.792,-1.491],[131.822,-1.477],[131.819,-1.452],[131.796,-1.447],[131.798,-1.437],[131.825,-1.44],[131.806,-1.417],[131.829,-1.377],[131.819,-1.387],[131.808,-1.374],[131.82,-1.359],[131.823,-1.371],[131.832,-1.37],[131.835,-1.345],[131.844,-1.351],[131.865,-1.325],[131.857,-1.359],[131.878,-1.364],[131.882,-1.354],[131.874,-1.348],[131.886,-1.345],[131.892,-1.315],[131.885,-1.3],[131.867,-1.301],[131.867,-1.279],[131.893,-1.292],[131.896,-1.282],[131.863,-1.236],[131.861,-1.198],[131.846,-1.194],[131.853,-1.16],[131.865,-1.152],[131.876,-1.097],[131.901,-1.1],[131.919,-1.042],[131.935,-1.074],[131.94,-1.068],[131.948,-1.076],[131.955,-1.065],[131.991,-1.082],[132.021,-1.048],[132.03,-1.055],[132.026,-1.071],[132.044,-1.07],[132.052,-1.058]]]}},{"type":"Feature","properties":{"kode":"94.07","nama":"Intan Jaya","prov":"Papua Tengah","kota":false},"geometry":{"type":"Polygon","coordinates":[[[136.848,-3.245],[136.852,-3.269],[136.861,-3.272],[136.896,-3.368],[136.898,-3.406],[136.944,-3.388],[136.96,-3.39],[136.963,-3.352],[136.961,-3.333],[136.943,-3.321],[136.941,-3.303],[136.91,-3.257],[136.916,-3.235],[136.912,-3.185],[136.9,-3.17],[136.903,-3.158],[136.886,-3.147],[136.993,-3.175],[136.994,-3.184],[137.009,-3.178],[137.008,-3.193],[137.041,-3.204],[137.023,-3.227],[136.951,-3.284],[137.003,-3.317],[137.066,-3.287],[137.07,-3.299],[137.078,-3.279],[137.131,-3.237],[137.156,-3.255],[137.174,-3.254],[137.193,-3.239],[137.235,-3.245],[137.236,-3.259],[137.252,-3.268],[137.274,-3.297],[137.255,-3.342],[137.256,-3.386],[137.247,-3.389],[137.246,-3.399],[137.211,-3.44],[137.203,-3.469],[137.171,-3.453],[137.149,-3.452],[137.154,-3.438],[137.14,-3.417],[137.116,-3.429],[137.112,-3.424],[137.095,-3.45],[137.063,-3.469],[137.05,-3.457],[137.024,-3.459],[137.02,-3.437],[137.012,-3.459],[136.994,-3.459],[136.994,-3.471],[136.978,-3.482],[136.99,-3.498],[137.005,-3.502],[137.026,-3.543],[137.042,-3.534],[137.111,-3.563],[137.131,-3.548],[137.171,-3.551],[137.204,-3.534],[137.228,-3.506],[137.249,-3.499],[137.281,-3.473],[137.256,-3.514],[137.231,-3.533],[137.207,-3.539],[137.191,-3.656],[137.225,-3.641],[137.231,-3.654],[137.249,-3.631],[137.293,-3.61],[137.314,-3.561],[137.348,-3.579],[137.357,-3.593],[137.351,-3.616],[137.284,-3.674],[137.262,-3.706],[137.239,-3.715],[137.237,-3.732],[137.207,-3.779],[137.207,-3.812],[137.246,-3.841],[137.255,-3.882],[137.236,-3.891],[137.241,-3.931],[137.213,-3.957],[137.199,-3.945],[137.177,-3.955],[137.153,-3.95],[137.141,-3.963],[137.148,-3.991],[137.111,-4.018],[137.118,-4.031],[137.108,-4.029],[137.105,-4.037],[137.022,-3.943],[136.995,-3.838],[136.968,-3.833],[136.969,-3.866],[137.01,-3.913],[136.987,-3.911],[136.968,-3.921],[136.945,-3.911],[136.93,-3.916],[136.949,-3.946],[136.946,-3.955],[136.905,-3.955],[136.784,-3.881],[136.728,-3.884],[136.724,-3.875],[136.735,-3.853],[136.715,-3.823],[136.752,-3.817],[136.766,-3.788],[136.714,-3.774],[136.687,-3.751],[136.664,-3.753],[136.617,-3.729],[136.594,-3.732],[136.576,-3.722],[136.565,-3.711],[136.59,-3.676],[136.577,-3.611],[136.541,-3.611],[136.514,-3.588],[136.499,-3.597],[136.48,-3.579],[136.47,-3.555],[136.436,-3.557],[136.418,-3.518],[136.423,-3.501],[136.389,-3.474],[136.369,-3.435],[136.369,-3.412],[136.344,-3.377],[136.286,-3.409],[136.302,-3.359],[136.282,-3.351],[136.281,-3.328],[136.248,-3.303],[136.319,-3.248],[136.306,-3.197],[136.323,-3.184],[136.324,-3.15],[136.314,-3.133],[136.335,-3.099],[136.333,-3.075],[136.324,-3.067],[136.335,-3.056],[136.319,-3.025],[136.326,-3.018],[136.339,-3.028],[136.36,-3.026],[136.385,-3.01],[136.405,-3.015],[136.407,-3.029],[136.437,-3.055],[136.458,-3.051],[136.463,-3.062],[136.534,-3.057],[136.557,-3.043],[136.576,-3.051],[136.578,-3.066],[136.558,-3.087],[136.559,-3.113],[136.543,-3.151],[136.521,-3.159],[136.517,-3.184],[136.533,-3.226],[136.561,-3.241],[136.567,-3.254],[136.619,-3.236],[136.634,-3.245],[136.666,-3.225],[136.704,-3.226],[136.655,-3.196],[136.646,-3.16],[136.668,-3.137],[136.732,-3.183],[136.765,-3.193],[136.737,-3.238],[136.745,-3.267],[136.77,-3.251],[136.809,-3.254],[136.848,-3.245]]]}},{"type":"Feature","properties":{"kode":"12.13","nama":"Mandailing Natal","prov":"Sumatera Utara","kota":false},"geometry":{"type":"Polygon","coordinates":[[[99.52,1.119],[99.525,1.106],[99.539,1.101],[99.549,1.085],[99.545,1.07],[99.567,1.071],[99.57,1.041],[99.584,1.016],[99.605,1.001],[99.59,0.979],[99.605,0.95],[99.617,0.95],[99.649,0.918],[99.673,0.932],[99.703,0.926],[99.713,0.914],[99.711,0.902],[99.734,0.891],[99.746,0.867],[99.799,0.859],[99.838,0.827],[99.85,0.792],[99.843,0.782],[99.849,0.766],[99.834,0.756],[99.825,0.736],[99.835,0.711],[99.831,0.696],[99.851,0.684],[99.887,0.689],[99.898,0.677],[99.911,0.68],[99.926,0.632],[99.91,0.625],[99.923,0.616],[99.92,0.605],[99.96,0.569],[99.965,0.546],[99.951,0.522],[99.961,0.514],[99.927,0.496],[99.905,0.471],[99.857,0.464],[99.848,0.47],[99.836,0.459],[99.81,0.463],[99.785,0.481],[99.744,0.479],[99.718,0.451],[99.697,0.47],[99.678,0.471],[99.663,0.495],[99.665,0.516],[99.642,0.545],[99.573,0.509],[99.527,0.523],[99.512,0.539],[99.519,0.552],[99.476,0.526],[99.442,0.481],[99.431,0.475],[99.412,0.486],[99.366,0.431],[99.35,0.385],[99.317,0.334],[99.262,0.344],[99.19,0.308],[99.187,0.291],[99.196,0.272],[99.175,0.249],[99.167,0.228],[99.158,0.246],[99.138,0.253],[99.142,0.264],[99.159,0.269],[99.154,0.319],[99.148,0.331],[99.118,0.339],[99.111,0.35],[99.133,0.376],[99.139,0.421],[99.136,0.453],[99.118,0.504],[99.112,0.509],[99.094,0.505],[99.09,0.532],[99.102,0.528],[99.108,0.538],[99.107,0.58],[99.085,0.621],[99.068,0.631],[99.051,0.622],[99.046,0.638],[99.049,0.645],[99.059,0.639],[99.057,0.654],[99.066,0.659],[99.048,0.673],[99.062,0.691],[99.058,0.742],[99.012,0.824],[98.995,0.821],[98.976,0.842],[98.987,0.855],[98.97,0.936],[98.928,1.038],[98.908,1.132],[98.864,1.219],[98.868,1.232],[98.84,1.291],[98.849,1.297],[98.868,1.28],[98.869,1.288],[98.889,1.301],[98.908,1.293],[98.938,1.327],[98.971,1.346],[99.006,1.306],[99.031,1.296],[99.029,1.262],[99.05,1.204],[99.068,1.198],[99.076,1.186],[99.133,1.167],[99.117,1.105],[99.142,1.107],[99.171,1.093],[99.183,1.098],[99.192,1.088],[99.199,1.091],[99.216,1.071],[99.219,1.052],[99.24,1.042],[99.262,1.052],[99.269,1.097],[99.278,1.096],[99.311,1.047],[99.335,1.027],[99.353,1.017],[99.373,1.024],[99.428,0.977],[99.441,0.977],[99.464,1.019],[99.452,1.046],[99.424,1.071],[99.429,1.09],[99.463,1.115],[99.476,1.115],[99.481,1.127],[99.496,1.127],[99.511,1.115],[99.52,1.119]]]}},{"type":"Feature","properties":{"kode":"82.06","nama":"Halmahera Timur","prov":"Maluku Utara","kota":false},"geometry":{"type":"Polygon","coordinates":[[[128.669,0.496],[128.635,0.484],[128.621,0.443],[128.58,0.433],[128.579,0.424],[128.562,0.416],[128.51,0.443],[128.502,0.455],[128.505,0.476],[128.49,0.473],[128.484,0.49],[128.46,0.491],[128.438,0.505],[128.358,0.511],[128.316,0.555],[128.271,0.55],[128.26,0.576],[128.245,0.575],[128.214,0.599],[128.183,0.597],[128.178,0.59],[128.117,0.591],[128.105,0.605],[128.095,0.603],[128.082,0.622],[128.063,0.624],[127.996,0.657],[127.977,0.638],[127.952,0.63],[127.935,0.635],[127.929,0.626],[127.875,0.632],[127.863,0.631],[127.854,0.618],[127.829,0.623],[127.827,0.638],[127.817,0.644],[127.792,0.643],[127.783,0.693],[127.768,0.707],[127.767,0.73],[127.758,0.751],[127.731,0.76],[127.716,0.779],[127.715,0.81],[127.694,0.841],[127.691,0.866],[127.694,0.879],[127.7,0.876],[127.709,0.851],[127.72,0.849],[127.754,0.808],[127.8,0.797],[127.844,0.805],[127.883,0.829],[127.888,0.851],[127.904,0.855],[127.931,0.877],[127.925,0.959],[127.937,0.981],[127.933,1.002],[127.977,1.061],[127.981,1.086],[128.033,1.116],[128.091,1.125],[128.166,1.125],[128.181,1.156],[128.195,1.165],[128.2,1.206],[128.18,1.243],[128.146,1.254],[128.099,1.239],[128.087,1.261],[128.094,1.285],[128.12,1.29],[128.137,1.312],[128.157,1.354],[128.176,1.375],[128.2,1.393],[128.217,1.393],[128.243,1.419],[128.297,1.433],[128.346,1.461],[128.367,1.499],[128.465,1.55],[128.492,1.549],[128.505,1.533],[128.515,1.533],[128.538,1.543],[128.542,1.56],[128.555,1.568],[128.614,1.569],[128.627,1.582],[128.64,1.579],[128.67,1.59],[128.722,1.573],[128.729,1.533],[128.722,1.527],[128.709,1.538],[128.697,1.536],[128.696,1.505],[128.684,1.507],[128.679,1.494],[128.686,1.462],[128.723,1.407],[128.758,1.395],[128.742,1.371],[128.747,1.344],[128.74,1.31],[128.71,1.288],[128.719,1.248],[128.702,1.234],[128.691,1.196],[128.697,1.141],[128.689,1.091],[128.7,1.068],[128.628,1.044],[128.618,1.047],[128.551,0.996],[128.534,0.972],[128.507,0.973],[128.441,0.93],[128.412,0.929],[128.384,0.911],[128.334,0.912],[128.302,0.892],[128.28,0.867],[128.282,0.852],[128.302,0.84],[128.299,0.829],[128.314,0.827],[128.312,0.817],[128.282,0.82],[128.248,0.84],[128.239,0.816],[128.205,0.807],[128.198,0.79],[128.239,0.735],[128.247,0.732],[128.255,0.742],[128.294,0.701],[128.319,0.656],[128.356,0.655],[128.363,0.651],[128.351,0.643],[128.381,0.637],[128.388,0.645],[128.435,0.632],[128.482,0.597],[128.527,0.59],[128.572,0.562],[128.642,0.555],[128.654,0.544],[128.678,0.55],[128.689,0.526],[128.669,0.496]]]}},{"type":"Feature","properties":{"kode":"62.04","nama":"Barito Selatan","prov":"Kalimantan Tengah","kota":false},"geometry":{"type":"Polygon","coordinates":[[[115.454,-1.462],[115.436,-1.45],[115.428,-1.469],[115.435,-1.496],[115.391,-1.52],[115.358,-1.592],[115.362,-1.62],[115.332,-1.609],[115.314,-1.645],[115.157,-1.641],[115.082,-1.679],[115.069,-1.649],[115.046,-1.66],[115.025,-1.688],[115.032,-1.694],[114.971,-1.796],[114.96,-1.852],[114.937,-1.843],[114.941,-1.984],[114.934,-1.989],[114.94,-2.0],[114.925,-2.089],[114.933,-2.118],[114.914,-2.169],[114.932,-2.188],[114.917,-2.225],[114.945,-2.22],[114.919,-2.24],[114.98,-2.369],[115.001,-2.396],[114.883,-2.489],[114.838,-2.556],[114.797,-2.591],[114.787,-2.585],[114.779,-2.606],[114.719,-2.568],[114.77,-2.493],[114.759,-2.458],[114.727,-2.463],[114.737,-2.439],[114.644,-2.405],[114.68,-2.325],[114.682,-2.232],[114.694,-2.198],[114.694,-2.155],[114.651,-2.088],[114.617,-2.017],[114.621,-1.908],[114.597,-1.67],[114.624,-1.604],[114.614,-1.552],[114.662,-1.408],[114.668,-1.319],[114.748,-1.341],[114.767,-1.338],[114.791,-1.347],[114.834,-1.342],[114.847,-1.354],[114.895,-1.354],[114.991,-1.319],[115.054,-1.327],[115.073,-1.321],[115.085,-1.306],[115.128,-1.314],[115.146,-1.297],[115.177,-1.291],[115.189,-1.296],[115.191,-1.314],[115.244,-1.32],[115.237,-1.357],[115.246,-1.367],[115.301,-1.334],[115.308,-1.296],[115.319,-1.287],[115.352,-1.271],[115.365,-1.256],[115.398,-1.251],[115.413,-1.264],[115.413,-1.277],[115.401,-1.355],[115.423,-1.378],[115.414,-1.401],[115.448,-1.404],[115.438,-1.445],[115.454,-1.462]]]}},{"type":"Feature","properties":{"kode":"95.08","nama":"Nduga","prov":"Papua Pegunungan","kota":false},"geometry":{"type":"MultiPolygon","coordinates":[[[[138.982,-4.762],[138.976,-4.757],[138.943,-4.764],[138.899,-4.728],[138.868,-4.717],[138.858,-4.702],[138.898,-4.682],[138.917,-4.694],[138.927,-4.691],[139.008,-4.717],[139.022,-4.729],[139.021,-4.742],[139.003,-4.741],[138.982,-4.762]]],[[[138.788,-4.36],[138.722,-4.351],[138.725,-4.312],[138.74,-4.316],[138.747,-4.28],[138.756,-4.27],[138.8,-4.27],[138.801,-4.289],[138.774,-4.3],[138.785,-4.307],[138.804,-4.349],[138.788,-4.36]]],[[[138.643,-4.236],[138.628,-4.267],[138.624,-4.318],[138.605,-4.355],[138.617,-4.362],[138.619,-4.38],[138.583,-4.402],[138.593,-4.443],[138.608,-4.445],[138.624,-4.472],[138.759,-4.478],[138.769,-4.474],[138.764,-4.466],[138.777,-4.441],[138.768,-4.412],[138.774,-4.385],[138.816,-4.393],[138.822,-4.402],[138.825,-4.416],[138.811,-4.437],[138.827,-4.468],[138.831,-4.501],[138.817,-4.512],[138.821,-4.57],[138.805,-4.611],[138.829,-4.613],[138.842,-4.624],[138.841,-4.652],[138.832,-4.662],[138.841,-4.68],[138.82,-4.707],[138.811,-4.757],[138.8,-4.761],[138.808,-4.728],[138.764,-4.721],[138.751,-4.709],[138.737,-4.719],[138.629,-4.716],[138.626,-4.722],[138.603,-4.724],[138.595,-4.704],[138.584,-4.699],[138.568,-4.708],[138.558,-4.704],[138.536,-4.72],[138.552,-4.743],[138.57,-4.75],[138.575,-4.777],[138.569,-4.783],[138.576,-4.79],[138.571,-4.793],[138.4,-4.812],[138.391,-4.801],[138.365,-4.798],[138.373,-4.768],[138.358,-4.745],[138.347,-4.742],[138.356,-4.727],[138.339,-4.705],[138.326,-4.668],[138.3,-4.665],[138.281,-4.681],[138.247,-4.669],[138.209,-4.709],[138.202,-4.703],[138.193,-4.713],[138.17,-4.684],[138.154,-4.676],[138.142,-4.63],[138.125,-4.606],[138.133,-4.592],[138.109,-4.575],[138.07,-4.565],[138.06,-4.587],[138.041,-4.592],[138.031,-4.61],[137.984,-4.587],[137.975,-4.6],[137.941,-4.603],[137.831,-4.542],[137.833,-4.502],[137.842,-4.493],[137.835,-4.486],[137.865,-4.424],[137.933,-4.425],[137.971,-4.222],[137.902,-4.215],[137.895,-4.267],[137.866,-4.276],[137.865,-4.229],[137.851,-4.205],[137.833,-4.212],[137.825,-4.234],[137.805,-4.222],[137.75,-4.212],[137.734,-4.219],[137.727,-4.199],[137.71,-4.192],[137.731,-4.157],[137.738,-4.156],[137.736,-4.121],[137.841,-4.15],[137.843,-4.194],[137.874,-4.178],[137.926,-4.19],[137.925,-4.162],[137.954,-4.166],[137.951,-4.145],[137.98,-4.121],[138.006,-4.12],[138.027,-4.092],[138.04,-4.098],[138.044,-4.09],[138.066,-4.106],[138.085,-4.077],[138.088,-4.099],[138.109,-4.096],[138.131,-4.08],[138.173,-4.069],[138.178,-4.062],[138.172,-4.036],[138.227,-4.022],[138.256,-4.044],[138.272,-4.04],[138.277,-4.066],[138.298,-4.097],[138.346,-4.056],[138.357,-4.065],[138.454,-4.08],[138.494,-4.097],[138.495,-4.104],[138.511,-4.098],[138.521,-4.11],[138.542,-4.109],[138.605,-4.144],[138.65,-4.153],[138.655,-4.17],[138.631,-4.22],[138.643,-4.236]]]]}},{"type":"Feature","properties":{"kode":"12.05","nama":"Langkat","prov":"Sumatera Utara","kota":false},"geometry":{"type":"MultiPolygon","coordinates":[[[[98.263,4.175],[98.275,4.166],[98.272,4.144],[98.253,4.133],[98.233,4.147],[98.243,4.175],[98.263,4.175]]],[[[98.253,4.29],[98.238,4.269],[98.248,4.254],[98.254,4.202],[98.245,4.187],[98.188,4.175],[98.161,4.154],[98.178,4.144],[98.173,4.112],[98.199,4.107],[98.222,4.128],[98.25,4.13],[98.296,4.107],[98.31,4.073],[98.391,4.075],[98.431,4.039],[98.464,4.039],[98.491,4.029],[98.495,4.018],[98.541,4.012],[98.538,3.994],[98.554,3.979],[98.559,3.939],[98.574,3.939],[98.604,3.914],[98.632,3.917],[98.664,3.908],[98.64,3.886],[98.623,3.884],[98.612,3.866],[98.606,3.869],[98.603,3.835],[98.585,3.834],[98.574,3.805],[98.552,3.79],[98.536,3.791],[98.504,3.745],[98.51,3.729],[98.501,3.672],[98.474,3.648],[98.465,3.65],[98.474,3.617],[98.443,3.613],[98.441,3.607],[98.46,3.587],[98.446,3.566],[98.45,3.529],[98.474,3.528],[98.475,3.557],[98.495,3.556],[98.498,3.564],[98.509,3.556],[98.51,3.533],[98.521,3.521],[98.505,3.457],[98.505,3.401],[98.496,3.39],[98.509,3.308],[98.47,3.276],[98.472,3.236],[98.466,3.23],[98.453,3.249],[98.433,3.237],[98.422,3.25],[98.409,3.251],[98.403,3.263],[98.352,3.289],[98.348,3.259],[98.368,3.246],[98.36,3.229],[98.335,3.219],[98.3,3.226],[98.293,3.256],[98.25,3.253],[98.233,3.261],[98.218,3.283],[98.198,3.277],[98.181,3.285],[98.161,3.269],[98.123,3.267],[98.096,3.316],[98.039,3.325],[97.997,3.373],[97.98,3.372],[97.949,3.39],[97.952,3.409],[97.934,3.446],[97.959,3.481],[97.924,3.496],[97.907,3.555],[97.868,3.571],[97.864,3.598],[97.872,3.613],[97.853,3.629],[97.845,3.661],[97.826,3.675],[97.8,3.723],[97.84,3.768],[97.909,3.818],[97.922,3.846],[97.903,3.884],[97.9,3.911],[97.913,3.914],[97.949,3.89],[97.962,3.898],[98.007,3.902],[98.01,3.95],[98.02,3.956],[98.046,3.952],[98.053,3.944],[98.07,3.956],[98.083,3.954],[98.079,3.96],[98.096,3.984],[98.083,4.004],[98.046,4.023],[98.04,4.041],[98.057,4.135],[98.075,4.145],[98.062,4.186],[98.085,4.188],[98.095,4.209],[98.092,4.229],[98.077,4.234],[98.072,4.25],[98.144,4.26],[98.155,4.289],[98.201,4.299],[98.21,4.299],[98.214,4.288],[98.253,4.29]]]]}},{"type":"Feature","properties":{"kode":"16.05","nama":"Musi Rawas","prov":"Sumatera Selatan","kota":false},"geometry":{"type":"Polygon","coordinates":[[[103.538,-3.54],[103.543,-3.59],[103.519,-3.599],[103.513,-3.575],[103.519,-3.569],[103.504,-3.569],[103.485,-3.529],[103.471,-3.533],[103.445,-3.509],[103.434,-3.516],[103.434,-3.502],[103.416,-3.492],[103.408,-3.491],[103.409,-3.526],[103.357,-3.541],[103.331,-3.523],[103.302,-3.521],[103.302,-3.514],[103.294,-3.519],[103.28,-3.502],[103.271,-3.507],[103.254,-3.499],[103.202,-3.501],[103.176,-3.452],[103.102,-3.475],[103.044,-3.433],[103.042,-3.421],[102.999,-3.413],[102.988,-3.369],[102.967,-3.362],[102.958,-3.323],[102.958,-3.309],[102.977,-3.292],[102.966,-3.268],[102.927,-3.261],[102.936,-3.249],[102.949,-3.249],[102.954,-3.237],[102.94,-3.231],[102.937,-3.207],[102.916,-3.191],[102.925,-3.171],[102.917,-3.152],[102.912,-3.159],[102.893,-3.151],[102.882,-3.157],[102.861,-3.131],[102.838,-3.151],[102.833,-3.176],[102.811,-3.179],[102.807,-3.234],[102.77,-3.254],[102.778,-3.26],[102.775,-3.268],[102.753,-3.283],[102.758,-3.29],[102.751,-3.309],[102.74,-3.305],[102.675,-3.316],[102.638,-3.338],[102.632,-3.326],[102.618,-3.329],[102.611,-3.319],[102.592,-3.317],[102.566,-3.277],[102.546,-3.291],[102.541,-3.277],[102.494,-3.268],[102.487,-3.256],[102.492,-3.239],[102.484,-3.228],[102.49,-3.216],[102.486,-3.204],[102.494,-3.169],[102.487,-3.157],[102.487,-3.11],[102.586,-3.07],[102.596,-3.047],[102.615,-3.055],[102.634,-3.042],[102.671,-3.031],[102.698,-3.006],[102.713,-3.012],[102.73,-3.005],[102.736,-3.014],[102.771,-2.995],[102.808,-2.986],[102.828,-2.995],[102.847,-2.991],[102.857,-2.975],[102.87,-2.973],[102.873,-2.927],[102.912,-2.934],[102.901,-2.886],[102.946,-2.881],[103.014,-2.854],[103.027,-2.86],[103.102,-2.843],[103.102,-2.792],[103.12,-2.792],[103.12,-2.771],[103.17,-2.771],[103.175,-2.759],[103.204,-2.759],[103.206,-2.754],[103.233,-2.765],[103.271,-2.753],[103.338,-2.823],[103.352,-2.851],[103.434,-2.854],[103.436,-2.878],[103.411,-2.925],[103.426,-2.943],[103.442,-2.937],[103.443,-2.963],[103.457,-2.976],[103.475,-3.019],[103.484,-3.021],[103.478,-3.043],[103.51,-3.136],[103.522,-3.221],[103.533,-3.233],[103.555,-3.23],[103.562,-3.236],[103.588,-3.223],[103.596,-3.245],[103.637,-3.237],[103.65,-3.242],[103.605,-3.288],[103.626,-3.376],[103.594,-3.457],[103.573,-3.456],[103.56,-3.479],[103.541,-3.49],[103.549,-3.527],[103.538,-3.54]]]}},{"type":"Feature","properties":{"kode":"15.09","nama":"Tebo","prov":"Jambi","kota":false},"geometry":{"type":"Polygon","coordinates":[[[102.559,-1.105],[102.621,-1.101],[102.631,-1.109],[102.632,-1.124],[102.65,-1.131],[102.646,-1.138],[102.687,-1.197],[102.697,-1.239],[102.718,-1.249],[102.724,-1.262],[102.746,-1.261],[102.781,-1.31],[102.785,-1.34],[102.802,-1.376],[102.795,-1.396],[102.823,-1.443],[102.812,-1.501],[102.794,-1.525],[102.805,-1.58],[102.784,-1.639],[102.757,-1.668],[102.727,-1.683],[102.73,-1.699],[102.708,-1.704],[102.71,-1.721],[102.698,-1.722],[102.678,-1.742],[102.668,-1.757],[102.664,-1.813],[102.607,-1.869],[102.59,-1.882],[102.566,-1.887],[102.52,-1.857],[102.497,-1.852],[102.489,-1.89],[102.458,-1.9],[102.458,-1.885],[102.486,-1.884],[102.472,-1.856],[102.457,-1.85],[102.482,-1.803],[102.497,-1.797],[102.487,-1.76],[102.507,-1.759],[102.514,-1.718],[102.514,-1.708],[102.49,-1.706],[102.493,-1.696],[102.523,-1.686],[102.517,-1.671],[102.53,-1.653],[102.47,-1.655],[102.47,-1.649],[102.513,-1.649],[102.513,-1.639],[102.489,-1.646],[102.489,-1.595],[102.481,-1.595],[102.48,-1.574],[102.314,-1.569],[102.314,-1.535],[102.329,-1.512],[102.291,-1.449],[102.291,-1.46],[102.264,-1.466],[102.251,-1.479],[102.228,-1.47],[102.211,-1.476],[102.183,-1.46],[102.182,-1.444],[102.146,-1.444],[102.139,-1.423],[102.122,-1.415],[102.093,-1.414],[102.079,-1.392],[102.04,-1.392],[102.043,-1.386],[102.004,-1.353],[101.992,-1.358],[101.956,-1.341],[101.935,-1.346],[101.92,-1.25],[101.929,-1.239],[101.962,-1.227],[101.965,-1.214],[101.957,-1.211],[101.944,-1.174],[101.97,-1.162],[101.97,-1.151],[101.962,-1.153],[101.967,-1.141],[101.942,-1.147],[101.944,-1.131],[101.923,-1.129],[101.918,-1.139],[101.91,-1.138],[101.888,-1.123],[101.893,-1.133],[101.888,-1.138],[101.885,-1.113],[101.893,-1.106],[101.879,-1.094],[101.866,-1.112],[101.854,-1.1],[101.845,-1.103],[101.846,-1.112],[101.831,-1.111],[101.822,-1.059],[101.822,-1.008],[101.815,-1.002],[101.824,-0.978],[101.845,-0.984],[101.854,-0.969],[101.882,-0.968],[101.908,-0.953],[101.915,-0.919],[101.947,-0.908],[101.961,-0.917],[101.986,-0.881],[102.012,-0.878],[102.048,-0.9],[102.066,-0.889],[102.117,-0.921],[102.138,-0.913],[102.141,-0.9],[102.162,-0.901],[102.175,-0.917],[102.189,-0.919],[102.19,-0.945],[102.203,-0.947],[102.236,-0.93],[102.246,-0.934],[102.257,-0.92],[102.304,-0.919],[102.323,-0.962],[102.358,-0.968],[102.383,-0.994],[102.373,-1.012],[102.375,-1.034],[102.388,-1.029],[102.403,-1.04],[102.409,-1.033],[102.441,-1.031],[102.474,-1.071],[102.468,-1.081],[102.48,-1.089],[102.509,-1.084],[102.537,-1.1],[102.542,-1.087],[102.55,-1.104],[102.559,-1.105]]]}},{"type":"Feature","properties":{"kode":"13.01","nama":"Pesisir Selatan","prov":"Sumatera Barat","kota":false},"geometry":{"type":"Polygon","coordinates":[[[100.538,-0.959],[100.553,-0.989],[100.553,-1.032],[100.56,-1.044],[100.576,-1.057],[100.578,-1.068],[100.594,-1.068],[100.594,-1.075],[100.62,-1.061],[100.624,-1.101],[100.644,-1.121],[100.708,-1.093],[100.737,-1.104],[100.749,-1.121],[100.753,-1.161],[100.778,-1.164],[100.801,-1.203],[100.797,-1.224],[100.81,-1.244],[100.798,-1.275],[100.818,-1.279],[100.837,-1.305],[100.853,-1.296],[100.886,-1.328],[100.893,-1.326],[100.891,-1.344],[100.906,-1.371],[100.893,-1.39],[100.918,-1.402],[100.937,-1.425],[100.935,-1.46],[100.941,-1.469],[100.976,-1.483],[100.979,-1.519],[101.02,-1.565],[101.013,-1.588],[101.018,-1.607],[101.065,-1.635],[101.06,-1.639],[101.065,-1.658],[101.109,-1.67],[101.132,-1.685],[101.138,-1.899],[101.244,-2.073],[101.241,-2.098],[101.257,-2.095],[101.261,-2.102],[101.281,-2.263],[101.293,-2.289],[101.267,-2.298],[101.261,-2.32],[101.201,-2.367],[101.149,-2.388],[101.022,-2.478],[100.991,-2.43],[100.89,-2.325],[100.873,-2.241],[100.822,-2.169],[100.823,-2.142],[100.866,-2.096],[100.88,-2.045],[100.858,-1.913],[100.828,-1.864],[100.786,-1.819],[100.688,-1.663],[100.638,-1.608],[100.635,-1.557],[100.619,-1.527],[100.622,-1.5],[100.597,-1.487],[100.563,-1.442],[100.584,-1.422],[100.558,-1.407],[100.573,-1.395],[100.592,-1.396],[100.578,-1.369],[100.562,-1.374],[100.575,-1.358],[100.565,-1.353],[100.567,-1.334],[100.546,-1.312],[100.518,-1.31],[100.49,-1.299],[100.451,-1.258],[100.423,-1.277],[100.418,-1.268],[100.401,-1.271],[100.407,-1.237],[100.419,-1.238],[100.424,-1.255],[100.432,-1.256],[100.436,-1.234],[100.427,-1.227],[100.426,-1.208],[100.432,-1.202],[100.401,-1.193],[100.396,-1.179],[100.386,-1.184],[100.379,-1.145],[100.363,-1.157],[100.366,-1.135],[100.423,-1.124],[100.433,-1.113],[100.421,-1.102],[100.425,-1.072],[100.477,-1.005],[100.525,-1.001],[100.527,-0.965],[100.538,-0.959]]]}},{"type":"Feature","properties":{"kode":"61.09","nama":"Sekadau","prov":"Kalimantan Barat","kota":false},"geometry":{"type":"Polygon","coordinates":[[[111.095,-0.504],[111.072,-0.501],[111.056,-0.51],[111.008,-0.506],[111.003,-0.496],[110.963,-0.485],[110.959,-0.509],[110.966,-0.521],[110.928,-0.559],[110.97,-0.626],[110.96,-0.643],[110.935,-0.649],[110.93,-0.678],[110.91,-0.665],[110.895,-0.681],[110.882,-0.671],[110.871,-0.673],[110.864,-0.636],[110.841,-0.608],[110.824,-0.6],[110.782,-0.606],[110.764,-0.621],[110.68,-0.616],[110.635,-0.587],[110.632,-0.571],[110.617,-0.565],[110.633,-0.55],[110.615,-0.508],[110.621,-0.487],[110.614,-0.473],[110.616,-0.44],[110.597,-0.395],[110.575,-0.39],[110.562,-0.371],[110.57,-0.346],[110.556,-0.342],[110.554,-0.329],[110.57,-0.286],[110.56,-0.259],[110.597,-0.242],[110.63,-0.203],[110.597,-0.157],[110.637,-0.142],[110.701,-0.169],[110.748,-0.16],[110.714,-0.083],[110.715,-0.05],[110.722,-0.032],[110.73,-0.032],[110.725,-0.003],[110.767,0.08],[110.764,0.086],[110.797,0.099],[110.819,0.093],[110.843,0.096],[110.843,0.108],[110.871,0.119],[110.879,0.147],[110.9,0.167],[110.905,0.186],[110.899,0.203],[110.911,0.223],[110.894,0.224],[110.889,0.236],[110.909,0.251],[110.91,0.299],[110.927,0.329],[110.923,0.34],[110.959,0.373],[110.959,0.398],[110.948,0.4],[110.943,0.414],[110.942,0.462],[110.96,0.497],[110.962,0.517],[111.0,0.558],[110.989,0.598],[111.013,0.659],[111.008,0.677],[110.989,0.69],[110.989,0.709],[111.001,0.724],[110.997,0.735],[111.012,0.739],[111.051,0.72],[111.119,0.72],[111.199,0.685],[111.199,0.626],[111.212,0.598],[111.272,0.578],[111.29,0.545],[111.285,0.522],[111.295,0.512],[111.294,0.5],[111.261,0.453],[111.247,0.451],[111.224,0.421],[111.215,0.4],[111.225,0.376],[111.208,0.367],[111.23,0.324],[111.236,0.325],[111.232,0.306],[111.257,0.296],[111.255,0.271],[111.273,0.241],[111.265,0.229],[111.272,0.199],[111.267,0.168],[111.292,0.156],[111.297,0.134],[111.288,0.125],[111.282,0.133],[111.27,0.132],[111.236,0.12],[111.217,0.063],[111.18,0.078],[111.162,0.101],[111.148,0.101],[111.123,0.085],[111.132,0.07],[111.144,0.01],[111.134,-0.111],[111.123,-0.133],[111.088,-0.145],[111.091,-0.181],[111.084,-0.196],[111.089,-0.245],[111.08,-0.263],[111.043,-0.268],[111.032,-0.279],[111.053,-0.294],[111.052,-0.314],[111.024,-0.352],[111.022,-0.369],[110.999,-0.373],[111.035,-0.417],[111.037,-0.432],[111.073,-0.455],[111.095,-0.504]]]}},{"type":"Feature","properties":{"kode":"94.02","nama":"Puncak Jaya","prov":"Papua Tengah","kota":false},"geometry":{"type":"Polygon","coordinates":[[[138.177,-3.11],[138.117,-3.117],[138.075,-3.131],[138.072,-3.198],[138.062,-3.209],[138.076,-3.226],[138.087,-3.225],[138.079,-3.243],[138.106,-3.272],[138.11,-3.287],[138.103,-3.304],[138.135,-3.298],[138.125,-3.332],[138.114,-3.334],[138.118,-3.347],[138.11,-3.377],[138.118,-3.404],[138.15,-3.436],[138.17,-3.437],[138.179,-3.445],[138.206,-3.433],[138.209,-3.44],[138.23,-3.441],[138.231,-3.471],[138.257,-3.474],[138.272,-3.493],[138.267,-3.518],[138.272,-3.525],[138.256,-3.556],[138.262,-3.596],[138.255,-3.619],[138.281,-3.651],[138.289,-3.686],[138.28,-3.699],[138.316,-3.707],[138.343,-3.725],[138.337,-3.747],[138.349,-3.765],[138.354,-3.826],[138.318,-3.838],[138.284,-3.821],[138.266,-3.827],[138.245,-3.841],[138.236,-3.869],[138.214,-3.885],[138.153,-3.911],[138.104,-3.912],[138.086,-3.908],[138.092,-3.904],[138.08,-3.89],[138.079,-3.873],[138.046,-3.851],[138.01,-3.846],[137.975,-3.859],[137.954,-3.849],[137.93,-3.849],[137.914,-3.814],[137.89,-3.809],[137.873,-3.79],[137.88,-3.767],[137.87,-3.727],[137.863,-3.719],[137.842,-3.721],[137.815,-3.684],[137.76,-3.724],[137.69,-3.712],[137.667,-3.693],[137.66,-3.685],[137.657,-3.652],[137.638,-3.643],[137.63,-3.608],[137.596,-3.603],[137.594,-3.577],[137.624,-3.565],[137.647,-3.538],[137.643,-3.524],[137.622,-3.503],[137.616,-3.472],[137.563,-3.438],[137.547,-3.441],[137.508,-3.428],[137.506,-3.412],[137.491,-3.407],[137.48,-3.386],[137.464,-3.38],[137.46,-3.36],[137.469,-3.326],[137.46,-3.3],[137.466,-3.286],[137.46,-3.28],[137.436,-3.288],[137.436,-3.272],[137.45,-3.229],[137.536,-3.145],[137.543,-3.127],[137.562,-3.117],[137.565,-3.103],[137.575,-3.099],[137.6,-3.106],[137.614,-3.092],[137.637,-3.099],[137.651,-3.092],[137.658,-3.067],[137.704,-3.038],[137.723,-3.065],[137.768,-3.049],[137.787,-3.083],[137.809,-3.065],[137.834,-3.071],[137.847,-3.049],[137.883,-3.083],[137.883,-3.042],[137.892,-3.037],[137.9,-3.052],[137.908,-3.051],[137.9,-3.014],[137.928,-3.026],[137.948,-3.003],[137.961,-3.001],[137.967,-3.006],[137.957,-3.024],[137.961,-3.032],[137.978,-3.031],[138.01,-3.019],[137.998,-2.993],[138.026,-3.015],[138.041,-2.989],[138.055,-2.983],[138.064,-2.997],[138.06,-3.023],[138.127,-3.028],[138.141,-3.047],[138.151,-3.041],[138.139,-3.017],[138.15,-3.001],[138.133,-2.992],[138.109,-3.007],[138.103,-2.997],[138.125,-2.977],[138.148,-2.984],[138.162,-2.972],[138.177,-3.007],[138.177,-3.11]]]}},{"type":"Feature","properties":{"kode":"16.13","nama":"Musi Rawas Utara","prov":"Sumatera Selatan","kota":false},"geometry":{"type":"Polygon","coordinates":[[[103.029,-2.342],[103.038,-2.385],[103.052,-2.392],[103.066,-2.385],[103.079,-2.393],[103.068,-2.412],[103.083,-2.433],[103.117,-2.451],[103.143,-2.435],[103.2,-2.439],[103.201,-2.461],[103.227,-2.47],[103.25,-2.445],[103.267,-2.437],[103.276,-2.447],[103.285,-2.512],[103.324,-2.538],[103.347,-2.569],[103.361,-2.573],[103.341,-2.695],[103.309,-2.732],[103.263,-2.757],[103.233,-2.765],[103.206,-2.754],[103.204,-2.759],[103.175,-2.759],[103.17,-2.771],[103.12,-2.771],[103.12,-2.792],[103.102,-2.792],[103.102,-2.843],[103.027,-2.86],[103.014,-2.854],[102.946,-2.881],[102.901,-2.886],[102.912,-2.934],[102.873,-2.927],[102.87,-2.973],[102.857,-2.975],[102.847,-2.991],[102.828,-2.995],[102.808,-2.986],[102.771,-2.995],[102.736,-3.014],[102.73,-3.005],[102.713,-3.012],[102.698,-3.006],[102.671,-3.031],[102.634,-3.042],[102.615,-3.055],[102.596,-3.047],[102.586,-3.07],[102.487,-3.11],[102.442,-3.059],[102.408,-3.055],[102.395,-3.045],[102.318,-3.07],[102.284,-3.039],[102.268,-3.043],[102.254,-3.035],[102.243,-3.019],[102.224,-2.931],[102.211,-2.916],[102.199,-2.918],[102.131,-2.875],[102.129,-2.835],[102.111,-2.814],[102.093,-2.811],[102.073,-2.794],[102.064,-2.768],[102.097,-2.767],[102.109,-2.739],[102.168,-2.707],[102.194,-2.708],[102.237,-2.69],[102.245,-2.643],[102.271,-2.624],[102.298,-2.633],[102.305,-2.649],[102.334,-2.657],[102.35,-2.647],[102.373,-2.656],[102.406,-2.689],[102.469,-2.704],[102.493,-2.697],[102.507,-2.703],[102.51,-2.69],[102.539,-2.675],[102.581,-2.678],[102.616,-2.653],[102.614,-2.622],[102.624,-2.615],[102.631,-2.62],[102.636,-2.612],[102.673,-2.609],[102.68,-2.591],[102.708,-2.584],[102.725,-2.556],[102.725,-2.58],[102.735,-2.579],[102.752,-2.56],[102.787,-2.547],[102.797,-2.526],[102.793,-2.521],[102.808,-2.513],[102.816,-2.485],[102.848,-2.455],[102.85,-2.443],[102.879,-2.424],[102.867,-2.398],[102.852,-2.397],[102.845,-2.388],[102.844,-2.374],[102.853,-2.37],[102.848,-2.35],[102.86,-2.342],[102.856,-2.333],[102.865,-2.332],[102.865,-2.323],[102.87,-2.328],[102.868,-2.314],[102.878,-2.325],[102.893,-2.317],[102.915,-2.333],[102.929,-2.327],[102.941,-2.336],[102.963,-2.336],[102.972,-2.33],[102.99,-2.34],[103.029,-2.342]]]}},{"type":"Feature","properties":{"kode":"15.03","nama":"Sarolangun","prov":"Jambi","kota":false},"geometry":{"type":"Polygon","coordinates":[[[102.801,-1.991],[102.888,-1.98],[102.908,-1.965],[102.942,-1.973],[102.955,-1.951],[102.966,-1.958],[102.979,-1.944],[103.08,-1.954],[103.079,-1.98],[103.087,-1.98],[103.094,-1.966],[103.133,-1.97],[103.133,-1.958],[103.169,-1.958],[103.177,-1.924],[103.199,-1.91],[103.2,-1.956],[103.181,-1.976],[103.206,-2.014],[103.192,-2.041],[103.21,-2.059],[103.231,-2.136],[103.226,-2.165],[103.187,-2.184],[103.167,-2.229],[103.175,-2.246],[103.198,-2.261],[103.211,-2.32],[103.154,-2.336],[103.119,-2.354],[103.067,-2.34],[103.055,-2.317],[103.04,-2.322],[103.041,-2.331],[103.029,-2.342],[102.99,-2.34],[102.972,-2.33],[102.963,-2.336],[102.941,-2.336],[102.929,-2.327],[102.915,-2.333],[102.893,-2.317],[102.878,-2.325],[102.868,-2.314],[102.87,-2.328],[102.865,-2.323],[102.865,-2.332],[102.856,-2.333],[102.86,-2.342],[102.848,-2.35],[102.853,-2.37],[102.844,-2.374],[102.845,-2.388],[102.852,-2.397],[102.867,-2.398],[102.879,-2.424],[102.85,-2.443],[102.848,-2.455],[102.816,-2.485],[102.808,-2.513],[102.793,-2.521],[102.797,-2.526],[102.787,-2.547],[102.752,-2.56],[102.735,-2.579],[102.725,-2.58],[102.725,-2.556],[102.708,-2.584],[102.68,-2.591],[102.673,-2.609],[102.636,-2.612],[102.631,-2.62],[102.624,-2.615],[102.614,-2.622],[102.616,-2.653],[102.581,-2.678],[102.539,-2.675],[102.51,-2.69],[102.507,-2.703],[102.493,-2.697],[102.469,-2.704],[102.406,-2.689],[102.373,-2.656],[102.35,-2.647],[102.334,-2.657],[102.305,-2.649],[102.298,-2.633],[102.271,-2.624],[102.245,-2.643],[102.234,-2.692],[102.194,-2.708],[102.168,-2.707],[102.109,-2.739],[102.097,-2.767],[102.073,-2.765],[102.082,-2.724],[102.079,-2.703],[102.087,-2.685],[102.082,-2.65],[102.064,-2.622],[102.104,-2.601],[102.094,-2.573],[102.122,-2.548],[102.135,-2.525],[102.156,-2.523],[102.151,-2.494],[102.158,-2.485],[102.138,-2.463],[102.124,-2.43],[102.134,-2.411],[102.148,-2.422],[102.155,-2.408],[102.169,-2.415],[102.24,-2.404],[102.257,-2.394],[102.266,-2.381],[102.266,-2.362],[102.276,-2.357],[102.303,-2.361],[102.303,-2.393],[102.338,-2.39],[102.337,-2.361],[102.395,-2.329],[102.411,-2.273],[102.443,-2.232],[102.463,-2.182],[102.511,-2.193],[102.516,-2.213],[102.53,-2.203],[102.547,-2.205],[102.546,-2.214],[102.602,-2.203],[102.614,-2.209],[102.629,-2.185],[102.626,-2.112],[102.593,-2.087],[102.58,-2.09],[102.547,-2.078],[102.547,-2.018],[102.509,-2.019],[102.495,-2.009],[102.516,-1.982],[102.509,-1.973],[102.477,-1.975],[102.467,-1.946],[102.458,-1.945],[102.458,-1.9],[102.477,-1.891],[102.548,-1.918],[102.567,-1.908],[102.616,-1.905],[102.628,-1.921],[102.661,-1.928],[102.713,-1.953],[102.802,-1.932],[102.801,-1.991]]]}},{"type":"Feature","properties":{"kode":"61.01","nama":"Sambas","prov":"Kalimantan Barat","kota":false},"geometry":{"type":"Polygon","coordinates":[[[109.752,1.537],[109.753,1.525],[109.719,1.476],[109.704,1.475],[109.678,1.448],[109.653,1.435],[109.64,1.442],[109.612,1.432],[109.603,1.406],[109.607,1.393],[109.577,1.381],[109.615,1.364],[109.607,1.331],[109.612,1.321],[109.625,1.32],[109.618,1.291],[109.621,1.241],[109.591,1.215],[109.591,1.201],[109.561,1.189],[109.553,1.131],[109.546,1.132],[109.533,1.114],[109.522,1.086],[109.523,1.067],[109.497,1.018],[109.478,1.014],[109.445,1.03],[109.442,1.043],[109.425,1.045],[109.378,0.998],[109.313,1.027],[109.242,1.018],[109.223,1.0],[109.216,0.977],[109.194,0.959],[109.176,0.962],[109.174,0.979],[109.15,0.98],[109.146,1.01],[109.129,1.018],[109.097,1.005],[109.093,0.99],[109.083,1.001],[109.047,1.008],[108.978,0.997],[108.967,1.044],[108.931,1.099],[108.903,1.168],[108.927,1.176],[108.956,1.166],[108.979,1.185],[108.96,1.204],[108.965,1.219],[108.987,1.255],[108.987,1.271],[109.039,1.341],[109.037,1.457],[109.054,1.517],[109.119,1.579],[109.22,1.632],[109.259,1.67],[109.27,1.715],[109.281,1.72],[109.3,1.768],[109.287,1.774],[109.335,1.829],[109.343,1.877],[109.323,1.927],[109.338,1.943],[109.427,1.95],[109.456,1.977],[109.474,1.982],[109.585,1.99],[109.626,2.065],[109.644,2.08],[109.631,2.048],[109.638,2.028],[109.62,1.983],[109.601,1.974],[109.576,1.978],[109.56,1.971],[109.552,1.956],[109.567,1.946],[109.554,1.929],[109.54,1.927],[109.539,1.912],[109.55,1.877],[109.558,1.872],[109.555,1.851],[109.579,1.837],[109.586,1.792],[109.635,1.805],[109.686,1.782],[109.668,1.733],[109.67,1.699],[109.661,1.693],[109.667,1.652],[109.658,1.637],[109.662,1.617],[109.687,1.61],[109.697,1.588],[109.707,1.586],[109.752,1.537]]]}},{"type":"Feature","properties":{"kode":"13.09","nama":"Kepulauan Mentawai","prov":"Sumatera Barat","kota":false},"geometry":{"type":"MultiPolygon","coordinates":[[[[100.494,-3.142],[100.509,-3.169],[100.507,-3.179],[100.532,-3.2],[100.504,-3.2],[100.485,-3.169],[100.494,-3.142]]],[[[100.229,-2.785],[100.254,-2.799],[100.268,-2.844],[100.285,-2.845],[100.283,-2.851],[100.296,-2.852],[100.311,-2.874],[100.355,-2.901],[100.393,-2.957],[100.42,-2.975],[100.43,-3.004],[100.457,-3.015],[100.456,-3.026],[100.448,-3.026],[100.452,-3.044],[100.459,-3.052],[100.467,-3.048],[100.47,-3.065],[100.458,-3.115],[100.474,-3.13],[100.472,-3.143],[100.44,-3.152],[100.428,-3.143],[100.423,-3.158],[100.393,-3.152],[100.381,-3.163],[100.367,-3.164],[100.366,-3.171],[100.394,-3.173],[100.405,-3.184],[100.403,-3.2],[100.391,-3.196],[100.394,-3.215],[100.43,-3.259],[100.433,-3.28],[100.447,-3.285],[100.465,-3.313],[100.473,-3.336],[100.465,-3.347],[100.439,-3.345],[100.416,-3.309],[100.378,-3.284],[100.382,-3.259],[100.376,-3.252],[100.338,-3.248],[100.325,-3.21],[100.357,-3.232],[100.37,-3.227],[100.34,-3.2],[100.341,-3.191],[100.325,-3.172],[100.34,-3.164],[100.333,-3.134],[100.308,-3.115],[100.314,-3.106],[100.293,-3.081],[100.272,-3.078],[100.269,-3.091],[100.248,-3.081],[100.263,-3.069],[100.261,-3.061],[100.249,-3.063],[100.257,-3.051],[100.25,-3.044],[100.233,-3.058],[100.214,-3.013],[100.188,-2.99],[100.192,-2.971],[100.181,-2.962],[100.203,-2.934],[100.191,-2.905],[100.195,-2.869],[100.183,-2.849],[100.176,-2.804],[100.189,-2.791],[100.229,-2.785]]],[[[99.993,-2.503],[100.028,-2.527],[100.073,-2.581],[100.099,-2.589],[100.122,-2.618],[100.174,-2.649],[100.219,-2.738],[100.218,-2.776],[100.196,-2.777],[100.192,-2.786],[100.142,-2.809],[100.148,-2.839],[100.094,-2.83],[100.076,-2.842],[100.051,-2.815],[100.04,-2.823],[100.04,-2.848],[100.024,-2.85],[100.012,-2.844],[100.018,-2.811],[99.992,-2.791],[99.994,-2.776],[99.981,-2.776],[99.979,-2.77],[100.013,-2.739],[100.001,-2.701],[100.01,-2.696],[100.012,-2.676],[99.976,-2.627],[99.986,-2.626],[99.99,-2.61],[99.962,-2.574],[99.975,-2.569],[99.972,-2.514],[99.993,-2.503]]],[[[99.587,-2.025],[99.615,-2.032],[99.616,-2.04],[99.639,-2.037],[99.642,-2.05],[99.653,-2.049],[99.704,-2.091],[99.711,-2.152],[99.726,-2.176],[99.721,-2.183],[99.736,-2.19],[99.735,-2.205],[99.751,-2.232],[99.78,-2.255],[99.788,-2.294],[99.8,-2.289],[99.814,-2.298],[99.812,-2.304],[99.845,-2.335],[99.845,-2.351],[99.864,-2.389],[99.859,-2.403],[99.842,-2.395],[99.838,-2.364],[99.796,-2.371],[99.788,-2.347],[99.768,-2.341],[99.737,-2.345],[99.73,-2.333],[99.71,-2.327],[99.707,-2.311],[99.674,-2.289],[99.645,-2.281],[99.633,-2.29],[99.623,-2.273],[99.615,-2.292],[99.6,-2.283],[99.597,-2.263],[99.61,-2.253],[99.608,-2.244],[99.594,-2.252],[99.598,-2.231],[99.584,-2.224],[99.577,-2.245],[99.571,-2.223],[99.551,-2.208],[99.528,-2.153],[99.537,-2.144],[99.571,-2.152],[99.567,-2.125],[99.551,-2.104],[99.547,-2.071],[99.565,-2.065],[99.559,-2.045],[99.587,-2.025]]],[[[99.26,-1.792],[99.288,-1.806],[99.294,-1.834],[99.245,-1.85],[99.24,-1.846],[99.269,-1.809],[99.26,-1.792]]],[[[98.909,-0.909],[98.907,-0.934],[98.9,-0.929],[98.899,-0.942],[98.906,-0.946],[98.924,-0.931],[98.93,-0.934],[98.931,-0.959],[98.945,-0.981],[98.944,-1.006],[98.952,-1.013],[98.943,-1.016],[98.926,-0.988],[98.918,-0.992],[98.917,-1.002],[98.937,-1.031],[98.94,-1.069],[98.947,-1.068],[98.949,-1.084],[98.96,-1.078],[98.969,-1.094],[99.002,-1.118],[99.007,-1.162],[99.031,-1.183],[99.041,-1.205],[99.028,-1.211],[99.026,-1.222],[99.055,-1.231],[99.068,-1.252],[99.056,-1.296],[99.081,-1.294],[99.098,-1.362],[99.109,-1.379],[99.117,-1.378],[99.115,-1.388],[99.129,-1.386],[99.132,-1.403],[99.149,-1.403],[99.169,-1.44],[99.16,-1.444],[99.166,-1.471],[99.142,-1.461],[99.123,-1.44],[99.115,-1.441],[99.153,-1.488],[99.18,-1.504],[99.184,-1.517],[99.2,-1.515],[99.205,-1.534],[99.193,-1.543],[99.209,-1.553],[99.194,-1.566],[99.2,-1.58],[99.211,-1.581],[99.222,-1.606],[99.241,-1.606],[99.258,-1.595],[99.287,-1.633],[99.275,-1.633],[99.29,-1.656],[99.274,-1.663],[99.284,-1.7],[99.299,-1.716],[99.3,-1.722],[99.286,-1.727],[99.292,-1.75],[99.276,-1.752],[99.263,-1.738],[99.263,-1.718],[99.253,-1.712],[99.227,-1.636],[99.207,-1.625],[99.2,-1.641],[99.216,-1.64],[99.241,-1.677],[99.234,-1.685],[99.226,-1.667],[99.222,-1.671],[99.238,-1.696],[99.246,-1.732],[99.24,-1.741],[99.262,-1.772],[99.26,-1.779],[99.247,-1.778],[99.243,-1.796],[99.228,-1.786],[99.167,-1.779],[99.144,-1.789],[99.144,-1.801],[99.135,-1.806],[99.106,-1.811],[99.012,-1.763],[98.874,-1.675],[98.865,-1.649],[98.825,-1.616],[98.835,-1.605],[98.836,-1.583],[98.806,-1.538],[98.804,-1.519],[98.652,-1.312],[98.637,-1.286],[98.637,-1.262],[98.603,-1.225],[98.597,-1.199],[98.616,-1.183],[98.638,-1.137],[98.641,-1.11],[98.651,-1.106],[98.662,-1.058],[98.664,-0.982],[98.685,-0.96],[98.721,-0.944],[98.739,-0.959],[98.797,-0.957],[98.825,-0.94],[98.868,-0.932],[98.899,-0.906],[98.909,-0.909]]]]}},{"type":"Feature","properties":{"kode":"72.08","nama":"Parigi Moutong","prov":"Sulawesi Tengah","kota":false},"geometry":{"type":"Polygon","coordinates":[[[121.161,0.679],[121.199,0.641],[121.219,0.638],[121.229,0.646],[121.229,0.622],[121.243,0.6],[121.296,0.58],[121.307,0.569],[121.318,0.578],[121.329,0.575],[121.318,0.544],[121.352,0.493],[121.337,0.474],[121.288,0.496],[121.26,0.491],[121.231,0.46],[121.175,0.459],[121.172,0.445],[121.156,0.436],[121.156,0.414],[121.122,0.411],[121.112,0.401],[121.097,0.407],[121.081,0.398],[121.068,0.403],[121.027,0.44],[120.986,0.421],[120.954,0.416],[120.932,0.4],[120.897,0.396],[120.855,0.442],[120.831,0.44],[120.809,0.453],[120.808,0.47],[120.767,0.457],[120.726,0.476],[120.695,0.51],[120.671,0.509],[120.647,0.522],[120.602,0.521],[120.571,0.509],[120.529,0.517],[120.507,0.513],[120.474,0.493],[120.461,0.494],[120.437,0.468],[120.404,0.474],[120.351,0.451],[120.303,0.418],[120.275,0.366],[120.244,0.344],[120.201,0.264],[120.157,0.226],[120.135,0.192],[120.124,0.163],[120.136,0.139],[120.106,0.095],[120.112,0.056],[120.099,0.029],[120.1,-0.016],[120.088,-0.04],[120.065,-0.061],[120.049,-0.056],[120.035,-0.065],[120.04,-0.141],[120.009,-0.178],[120.007,-0.189],[120.008,-0.286],[120.03,-0.303],[120.035,-0.371],[120.072,-0.44],[120.07,-0.462],[120.05,-0.488],[120.053,-0.512],[120.047,-0.532],[120.063,-0.619],[120.059,-0.629],[120.075,-0.669],[120.085,-0.676],[120.084,-0.689],[120.103,-0.707],[120.114,-0.742],[120.131,-0.759],[120.133,-0.774],[120.175,-0.799],[120.197,-0.847],[120.219,-0.843],[120.241,-0.883],[120.278,-0.915],[120.285,-0.939],[120.311,-0.966],[120.347,-0.957],[120.353,-0.942],[120.372,-0.928],[120.412,-0.924],[120.431,-0.942],[120.435,-0.967],[120.462,-0.993],[120.485,-0.99],[120.51,-0.999],[120.531,-1.032],[120.533,-1.051],[120.581,-1.108],[120.49,-1.146],[120.424,-1.153],[120.354,-1.185],[120.351,-1.174],[120.34,-1.175],[120.368,-1.152],[120.365,-1.146],[120.347,-1.15],[120.342,-1.143],[120.299,-1.137],[120.265,-1.15],[120.253,-1.134],[120.234,-1.131],[120.219,-1.071],[120.178,-1.063],[120.149,-1.04],[120.124,-1.036],[120.111,-1.016],[120.082,-1.013],[120.074,-0.983],[120.052,-0.968],[120.063,-0.945],[120.065,-0.912],[120.044,-0.888],[120.049,-0.866],[120.034,-0.857],[120.042,-0.834],[120.032,-0.793],[120.019,-0.782],[120.025,-0.774],[120.017,-0.755],[120.027,-0.747],[120.014,-0.713],[120.03,-0.706],[120.032,-0.684],[120.015,-0.665],[120.02,-0.642],[120.002,-0.633],[120.008,-0.615],[120.0,-0.586],[119.96,-0.548],[119.935,-0.504],[119.943,-0.469],[119.938,-0.448],[119.922,-0.443],[119.916,-0.41],[119.923,-0.393],[119.911,-0.368],[119.913,-0.35],[119.927,-0.335],[119.919,-0.314],[119.927,-0.304],[119.917,-0.297],[119.924,-0.287],[119.909,-0.284],[119.906,-0.269],[119.922,-0.259],[119.912,-0.238],[119.935,-0.21],[119.923,-0.172],[119.898,-0.139],[119.932,-0.101],[119.943,-0.072],[119.936,-0.028],[119.942,0.011],[119.957,0.028],[119.95,0.055],[119.961,0.086],[119.998,0.11],[120.0,0.123],[120.034,0.128],[120.046,0.148],[120.04,0.171],[120.092,0.205],[120.096,0.243],[120.077,0.275],[120.068,0.274],[120.055,0.286],[120.061,0.304],[120.058,0.337],[120.074,0.346],[120.083,0.386],[120.117,0.398],[120.127,0.41],[120.113,0.432],[120.13,0.458],[120.155,0.468],[120.159,0.532],[120.18,0.546],[120.188,0.57],[120.203,0.574],[120.194,0.591],[120.193,0.616],[120.228,0.608],[120.283,0.631],[120.307,0.656],[120.357,0.678],[120.422,0.662],[120.462,0.668],[120.491,0.652],[120.496,0.636],[120.538,0.635],[120.547,0.595],[120.574,0.609],[120.6,0.595],[120.611,0.602],[120.615,0.589],[120.625,0.589],[120.642,0.612],[120.66,0.617],[120.675,0.646],[120.707,0.669],[120.754,0.662],[120.782,0.678],[120.813,0.675],[120.868,0.711],[120.938,0.69],[120.976,0.691],[121.015,0.711],[121.055,0.694],[121.061,0.705],[121.092,0.702],[121.161,0.679]]]}},{"type":"Feature","properties":{"kode":"81.05","nama":"Seram Bagian Timur","prov":"Maluku","kota":false},"geometry":{"type":"MultiPolygon","coordinates":[[[[131.728,-4.7],[131.759,-4.729],[131.757,-4.754],[131.742,-4.787],[131.728,-4.755],[131.731,-4.724],[131.722,-4.712],[131.728,-4.7]]],[[[131.61,-4.424],[131.632,-4.438],[131.68,-4.506],[131.681,-4.539],[131.658,-4.538],[131.652,-4.531],[131.649,-4.499],[131.627,-4.459],[131.632,-4.452],[131.614,-4.441],[131.61,-4.424]]],[[[131.287,-4.072],[131.311,-4.083],[131.349,-4.117],[131.377,-4.128],[131.403,-4.164],[131.401,-4.17],[131.384,-4.175],[131.365,-4.146],[131.353,-4.146],[131.337,-4.131],[131.301,-4.127],[131.274,-4.087],[131.274,-4.076],[131.287,-4.072]]],[[[131.209,-3.98],[131.244,-4.006],[131.24,-4.055],[131.219,-4.035],[131.209,-3.98]]],[[[131.413,-3.949],[131.423,-3.952],[131.431,-4.01],[131.448,-4.039],[131.44,-4.051],[131.45,-4.069],[131.434,-4.079],[131.423,-4.077],[131.4,-4.043],[131.367,-3.973],[131.413,-3.949]]],[[[129.859,-3.337],[129.856,-3.324],[129.881,-3.292],[129.884,-3.269],[129.899,-3.259],[129.902,-3.233],[129.892,-3.217],[129.907,-3.193],[129.903,-3.16],[130.155,-3.216],[130.158,-3.195],[130.136,-3.175],[130.14,-3.129],[130.124,-3.104],[130.137,-3.077],[130.116,-3.038],[130.131,-3.019],[130.128,-2.998],[130.156,-2.987],[130.172,-2.99],[130.181,-3.01],[130.194,-3.01],[130.22,-3.006],[130.263,-2.98],[130.315,-2.972],[130.353,-2.974],[130.367,-2.99],[130.383,-2.988],[130.421,-3.025],[130.44,-3.031],[130.444,-3.059],[130.478,-3.071],[130.492,-3.099],[130.553,-3.107],[130.6,-3.148],[130.64,-3.283],[130.631,-3.31],[130.635,-3.343],[130.646,-3.376],[130.664,-3.401],[130.805,-3.407],[130.826,-3.447],[130.84,-3.454],[130.843,-3.467],[130.81,-3.472],[130.805,-3.483],[130.828,-3.525],[130.876,-3.57],[130.882,-3.595],[130.875,-3.624],[130.832,-3.659],[130.822,-3.703],[130.833,-3.784],[130.821,-3.834],[130.85,-3.863],[130.847,-3.874],[130.822,-3.87],[130.819,-3.851],[130.777,-3.849],[130.767,-3.828],[130.754,-3.838],[130.742,-3.824],[130.701,-3.82],[130.687,-3.805],[130.653,-3.805],[130.627,-3.789],[130.62,-3.793],[130.609,-3.785],[130.611,-3.766],[130.574,-3.741],[130.57,-3.723],[130.525,-3.709],[130.486,-3.708],[130.471,-3.697],[130.474,-3.689],[130.451,-3.659],[130.417,-3.632],[130.371,-3.619],[130.353,-3.621],[130.342,-3.612],[130.329,-3.615],[130.324,-3.601],[130.295,-3.586],[130.133,-3.533],[130.098,-3.501],[130.02,-3.484],[129.971,-3.425],[129.975,-3.404],[129.96,-3.359],[129.929,-3.338],[129.859,-3.337]]]]}},{"type":"Feature","properties":{"kode":"11.13","nama":"Gayo Lues","prov":"Aceh","kota":false},"geometry":{"type":"Polygon","coordinates":[[[97.359,4.214],[97.435,4.17],[97.499,4.156],[97.516,4.182],[97.562,4.198],[97.603,4.251],[97.644,4.22],[97.688,4.247],[97.733,4.249],[97.741,4.22],[97.728,4.201],[97.739,4.146],[97.752,4.121],[97.8,4.093],[97.813,4.04],[97.814,4.005],[97.841,4.001],[97.87,3.95],[97.869,3.938],[97.896,3.923],[97.903,3.884],[97.922,3.846],[97.909,3.818],[97.825,3.751],[97.636,3.734],[97.625,3.723],[97.578,3.713],[97.346,3.675],[97.293,3.673],[97.251,3.692],[97.207,3.691],[97.149,3.749],[97.112,3.833],[97.108,3.852],[97.115,3.866],[97.109,3.888],[97.119,3.919],[97.11,3.94],[97.046,3.958],[96.984,3.937],[96.838,3.954],[96.799,4.0],[96.804,4.007],[96.792,4.049],[96.746,4.091],[96.716,4.101],[96.75,4.161],[96.791,4.2],[96.79,4.239],[96.799,4.265],[96.794,4.28],[96.8,4.282],[96.837,4.282],[96.888,4.221],[96.93,4.2],[96.973,4.2],[97.002,4.176],[97.015,4.205],[97.083,4.232],[97.107,4.235],[97.162,4.277],[97.216,4.236],[97.242,4.174],[97.359,4.214]]]}},{"type":"Feature","properties":{"kode":"72.09","nama":"Tojo Una Una","prov":"Sulawesi Tengah","kota":false},"geometry":{"type":"MultiPolygon","coordinates":[[[[121.855,-0.976],[121.854,-1.013],[121.877,-1.073],[121.883,-1.072],[121.891,-1.087],[121.92,-1.096],[121.937,-1.13],[121.95,-1.125],[121.948,-1.115],[121.956,-1.112],[121.97,-1.124],[122.003,-1.131],[122.008,-1.147],[122.033,-1.171],[122.044,-1.17],[122.053,-1.212],[122.066,-1.227],[122.057,-1.247],[122.111,-1.259],[122.124,-1.27],[122.131,-1.323],[122.119,-1.331],[122.13,-1.344],[122.111,-1.376],[122.038,-1.341],[122.018,-1.355],[122.016,-1.375],[122.001,-1.383],[121.993,-1.376],[121.985,-1.392],[121.932,-1.306],[121.898,-1.283],[121.866,-1.274],[121.82,-1.3],[121.759,-1.369],[121.695,-1.416],[121.643,-1.406],[121.604,-1.374],[121.491,-1.332],[121.469,-1.366],[121.399,-1.434],[121.377,-1.45],[121.334,-1.455],[121.298,-1.473],[121.267,-1.5],[121.265,-1.513],[121.231,-1.523],[121.193,-1.575],[121.147,-1.57],[121.134,-1.598],[121.09,-1.597],[121.009,-1.645],[120.928,-1.65],[120.925,-1.602],[120.888,-1.477],[120.888,-1.411],[120.948,-1.415],[120.981,-1.399],[121.001,-1.415],[121.034,-1.418],[121.038,-1.434],[121.058,-1.44],[121.099,-1.438],[121.12,-1.421],[121.14,-1.379],[121.162,-1.368],[121.161,-1.349],[121.181,-1.326],[121.193,-1.296],[121.193,-1.273],[121.208,-1.262],[121.205,-1.24],[121.222,-1.217],[121.22,-1.209],[121.233,-1.194],[121.248,-1.191],[121.265,-1.164],[121.277,-1.16],[121.294,-1.132],[121.295,-1.117],[121.336,-1.065],[121.367,-1.042],[121.392,-1.035],[121.396,-1.006],[121.45,-0.972],[121.48,-0.9],[121.54,-0.873],[121.589,-0.866],[121.601,-0.851],[121.592,-0.833],[121.597,-0.825],[121.606,-0.827],[121.634,-0.807],[121.655,-0.804],[121.664,-0.813],[121.669,-0.857],[121.656,-0.906],[121.667,-0.921],[121.697,-0.927],[121.711,-0.941],[121.709,-0.948],[121.761,-0.971],[121.793,-0.961],[121.807,-0.964],[121.813,-0.957],[121.855,-0.976]]],[[[121.853,-0.41],[121.868,-0.409],[121.883,-0.424],[121.898,-0.425],[121.906,-0.436],[121.915,-0.442],[121.916,-0.472],[121.923,-0.477],[121.912,-0.49],[121.918,-0.516],[121.906,-0.529],[121.885,-0.54],[121.871,-0.535],[121.878,-0.529],[121.874,-0.514],[121.863,-0.496],[121.851,-0.494],[121.838,-0.5],[121.854,-0.504],[121.862,-0.519],[121.828,-0.532],[121.826,-0.521],[121.806,-0.516],[121.799,-0.506],[121.775,-0.498],[121.746,-0.511],[121.744,-0.496],[121.736,-0.496],[121.7,-0.563],[121.68,-0.562],[121.671,-0.575],[121.659,-0.577],[121.661,-0.555],[121.65,-0.541],[121.67,-0.531],[121.673,-0.513],[121.692,-0.495],[121.699,-0.471],[121.718,-0.475],[121.739,-0.449],[121.756,-0.451],[121.763,-0.464],[121.769,-0.46],[121.756,-0.426],[121.773,-0.416],[121.783,-0.442],[121.803,-0.442],[121.853,-0.41]]],[[[121.948,-0.324],[121.961,-0.331],[121.969,-0.326],[121.976,-0.348],[121.989,-0.347],[121.98,-0.355],[122.003,-0.355],[122.013,-0.37],[122.024,-0.366],[122.024,-0.353],[122.039,-0.357],[122.04,-0.339],[122.059,-0.348],[122.065,-0.398],[122.055,-0.419],[122.044,-0.426],[122.011,-0.414],[122.01,-0.401],[122.0,-0.424],[121.953,-0.42],[121.948,-0.43],[121.939,-0.427],[121.919,-0.44],[121.896,-0.421],[121.884,-0.421],[121.871,-0.39],[121.86,-0.384],[121.863,-0.37],[121.884,-0.361],[121.873,-0.358],[121.891,-0.341],[121.913,-0.341],[121.93,-0.366],[121.935,-0.358],[121.955,-0.358],[121.962,-0.354],[121.948,-0.344],[121.952,-0.338],[121.933,-0.345],[121.925,-0.335],[121.928,-0.327],[121.948,-0.324]]],[[[122.093,-0.275],[122.111,-0.311],[122.105,-0.328],[122.115,-0.329],[122.113,-0.343],[122.141,-0.35],[122.138,-0.371],[122.149,-0.375],[122.151,-0.39],[122.143,-0.418],[122.133,-0.413],[122.126,-0.422],[122.094,-0.4],[122.092,-0.411],[122.105,-0.432],[122.093,-0.441],[122.08,-0.428],[122.078,-0.415],[122.064,-0.408],[122.082,-0.397],[122.067,-0.392],[122.06,-0.355],[122.073,-0.344],[122.07,-0.305],[122.081,-0.308],[122.093,-0.275]]],[[[122.087,-0.241],[122.094,-0.253],[122.082,-0.265],[122.07,-0.261],[122.047,-0.276],[122.031,-0.276],[122.044,-0.256],[122.087,-0.241]]],[[[122.209,-0.21],[122.185,-0.251],[122.195,-0.256],[122.202,-0.245],[122.216,-0.25],[122.216,-0.262],[122.23,-0.257],[122.231,-0.275],[122.248,-0.276],[122.245,-0.292],[122.232,-0.297],[122.228,-0.282],[122.21,-0.29],[122.204,-0.273],[122.179,-0.279],[122.174,-0.25],[122.161,-0.261],[122.146,-0.25],[122.173,-0.223],[122.209,-0.21]]],[[[122.242,-0.207],[122.266,-0.233],[122.283,-0.226],[122.29,-0.247],[122.311,-0.236],[122.353,-0.257],[122.364,-0.272],[122.377,-0.272],[122.384,-0.293],[122.373,-0.302],[122.377,-0.309],[122.368,-0.33],[122.383,-0.348],[122.383,-0.366],[122.361,-0.347],[122.341,-0.285],[122.331,-0.294],[122.303,-0.269],[122.303,-0.259],[122.293,-0.269],[122.288,-0.258],[122.28,-0.259],[122.277,-0.268],[122.234,-0.237],[122.228,-0.214],[122.242,-0.207]]],[[[121.629,-0.121],[121.648,-0.129],[121.658,-0.15],[121.651,-0.195],[121.616,-0.215],[121.593,-0.211],[121.567,-0.182],[121.565,-0.159],[121.605,-0.128],[121.629,-0.121]]]]}},{"type":"Feature","properties":{"kode":"61.07","nama":"Bengkayang","prov":"Kalimantan Barat","kota":false},"geometry":{"type":"Polygon","coordinates":[[[110.128,1.195],[110.102,1.161],[110.104,1.141],[110.124,1.119],[110.131,1.082],[110.113,1.062],[110.144,1.025],[110.112,1.008],[110.07,1.04],[109.995,1.025],[109.942,1.031],[109.928,0.998],[109.932,0.949],[109.905,0.929],[109.9,0.906],[109.871,0.894],[109.867,0.867],[109.856,0.858],[109.816,0.86],[109.783,0.847],[109.772,0.85],[109.767,0.834],[109.743,0.842],[109.707,0.838],[109.693,0.848],[109.685,0.843],[109.684,0.815],[109.672,0.805],[109.665,0.777],[109.67,0.772],[109.662,0.768],[109.661,0.753],[109.599,0.735],[109.567,0.713],[109.549,0.716],[109.542,0.705],[109.521,0.705],[109.524,0.715],[109.489,0.733],[109.475,0.77],[109.464,0.758],[109.428,0.761],[109.421,0.742],[109.412,0.736],[109.353,0.774],[109.324,0.757],[109.327,0.744],[109.314,0.727],[109.288,0.73],[109.274,0.72],[109.271,0.737],[109.278,0.74],[109.263,0.753],[109.254,0.728],[109.225,0.72],[109.212,0.703],[109.206,0.708],[109.173,0.701],[109.162,0.684],[109.152,0.682],[109.143,0.647],[109.121,0.638],[109.082,0.59],[109.046,0.575],[109.032,0.577],[109.007,0.561],[109.003,0.547],[108.996,0.543],[108.991,0.555],[108.962,0.53],[108.951,0.531],[108.93,0.553],[108.923,0.645],[108.897,0.693],[108.872,0.713],[108.884,0.744],[108.882,0.766],[108.868,0.787],[108.846,0.794],[108.841,0.815],[108.88,0.839],[108.891,0.818],[108.918,0.795],[108.968,0.772],[108.955,0.759],[108.974,0.764],[108.984,0.762],[108.993,0.746],[109.051,0.745],[109.049,0.755],[109.072,0.756],[109.076,0.783],[109.052,0.788],[109.05,0.835],[109.094,0.843],[109.113,0.86],[109.113,0.871],[109.16,0.893],[109.174,0.907],[109.16,0.935],[109.162,0.949],[109.176,0.962],[109.194,0.959],[109.206,0.966],[109.223,1.0],[109.242,1.018],[109.313,1.027],[109.378,0.998],[109.425,1.045],[109.442,1.043],[109.445,1.03],[109.478,1.014],[109.502,1.022],[109.523,1.067],[109.522,1.086],[109.533,1.114],[109.546,1.132],[109.553,1.131],[109.561,1.189],[109.591,1.201],[109.591,1.215],[109.621,1.241],[109.618,1.291],[109.625,1.32],[109.612,1.321],[109.607,1.331],[109.615,1.364],[109.577,1.381],[109.607,1.393],[109.603,1.406],[109.612,1.432],[109.64,1.442],[109.653,1.435],[109.678,1.448],[109.704,1.475],[109.719,1.476],[109.753,1.525],[109.752,1.537],[109.763,1.535],[109.781,1.509],[109.799,1.505],[109.801,1.47],[109.81,1.465],[109.837,1.484],[109.831,1.456],[109.838,1.422],[109.847,1.426],[109.897,1.415],[109.93,1.425],[109.963,1.403],[109.97,1.389],[109.962,1.373],[109.98,1.299],[110.008,1.295],[110.051,1.264],[110.059,1.27],[110.07,1.238],[110.06,1.22],[110.065,1.209],[110.087,1.218],[110.097,1.199],[110.128,1.195]]]}},{"type":"Feature","properties":{"kode":"14.09","nama":"Kuantan Singingi","prov":"Riau","kota":false},"geometry":{"type":"Polygon","coordinates":[[[101.519,-0.1],[101.513,-0.107],[101.549,-0.128],[101.563,-0.17],[101.596,-0.196],[101.614,-0.234],[101.624,-0.229],[101.641,-0.243],[101.666,-0.236],[101.68,-0.241],[101.692,-0.258],[101.714,-0.262],[101.73,-0.284],[101.76,-0.293],[101.763,-0.337],[101.793,-0.336],[101.803,-0.328],[101.804,-0.338],[101.811,-0.336],[101.83,-0.361],[101.827,-0.369],[101.859,-0.401],[101.899,-0.387],[101.914,-0.4],[101.912,-0.534],[101.888,-0.544],[101.865,-0.565],[101.831,-0.572],[101.827,-0.62],[101.783,-0.656],[101.797,-0.676],[101.795,-0.74],[101.777,-0.797],[101.787,-0.804],[101.791,-0.824],[101.821,-0.85],[101.84,-0.814],[101.861,-0.817],[101.861,-0.834],[101.889,-0.824],[101.899,-0.835],[101.897,-0.845],[101.88,-0.855],[101.875,-0.871],[101.862,-0.862],[101.856,-0.876],[101.916,-0.883],[101.93,-0.909],[101.913,-0.924],[101.916,-0.939],[101.908,-0.953],[101.882,-0.968],[101.854,-0.969],[101.845,-0.984],[101.832,-0.983],[101.803,-0.964],[101.754,-0.975],[101.739,-0.948],[101.724,-0.951],[101.699,-0.938],[101.715,-0.909],[101.734,-0.896],[101.736,-0.876],[101.713,-0.87],[101.711,-0.859],[101.676,-0.845],[101.648,-0.824],[101.632,-0.837],[101.588,-0.847],[101.53,-0.81],[101.506,-0.808],[101.495,-0.792],[101.449,-0.765],[101.427,-0.741],[101.395,-0.744],[101.406,-0.718],[101.396,-0.705],[101.371,-0.702],[101.348,-0.683],[101.361,-0.663],[101.357,-0.657],[101.346,-0.66],[101.339,-0.651],[101.323,-0.649],[101.305,-0.628],[101.255,-0.625],[101.223,-0.587],[101.199,-0.581],[101.182,-0.545],[101.142,-0.529],[101.109,-0.501],[101.086,-0.509],[101.067,-0.503],[101.064,-0.485],[101.039,-0.448],[101.041,-0.423],[101.028,-0.399],[101.042,-0.376],[101.101,-0.379],[101.14,-0.333],[101.136,-0.288],[101.153,-0.238],[101.201,-0.177],[101.194,-0.167],[101.204,-0.145],[101.198,-0.113],[101.21,-0.105],[101.209,-0.094],[101.223,-0.086],[101.233,-0.059],[101.243,-0.057],[101.262,0.006],[101.269,0.01],[101.288,-0.038],[101.336,-0.078],[101.349,-0.104],[101.391,-0.1],[101.458,-0.067],[101.48,-0.073],[101.489,-0.097],[101.5,-0.103],[101.519,-0.1]]]}},{"type":"Feature","properties":{"kode":"15.04","nama":"Batanghari","prov":"Jambi","kota":false},"geometry":{"type":"Polygon","coordinates":[[[103.46,-2.178],[103.452,-2.222],[103.462,-2.256],[103.456,-2.278],[103.462,-2.296],[103.448,-2.316],[103.462,-2.34],[103.454,-2.36],[103.438,-2.342],[103.406,-2.335],[103.383,-2.295],[103.359,-2.285],[103.349,-2.265],[103.338,-2.271],[103.333,-2.249],[103.301,-2.222],[103.303,-2.199],[103.278,-2.148],[103.259,-2.133],[103.231,-2.136],[103.21,-2.059],[103.192,-2.041],[103.206,-2.014],[103.181,-1.976],[103.2,-1.956],[103.199,-1.91],[103.177,-1.924],[103.169,-1.958],[103.133,-1.958],[103.133,-1.97],[103.094,-1.966],[103.087,-1.98],[103.079,-1.98],[103.08,-1.954],[102.979,-1.944],[102.966,-1.958],[102.955,-1.951],[102.942,-1.973],[102.908,-1.965],[102.888,-1.98],[102.801,-1.991],[102.802,-1.932],[102.713,-1.953],[102.661,-1.928],[102.628,-1.921],[102.616,-1.905],[102.567,-1.908],[102.548,-1.918],[102.477,-1.891],[102.496,-1.879],[102.497,-1.852],[102.52,-1.857],[102.566,-1.887],[102.59,-1.882],[102.664,-1.813],[102.668,-1.757],[102.698,-1.722],[102.71,-1.721],[102.708,-1.704],[102.73,-1.699],[102.727,-1.683],[102.757,-1.668],[102.787,-1.631],[102.805,-1.58],[102.794,-1.525],[102.823,-1.47],[102.823,-1.443],[102.809,-1.423],[102.817,-1.423],[102.822,-1.396],[102.838,-1.395],[102.845,-1.386],[102.856,-1.39],[102.855,-1.379],[102.865,-1.379],[102.866,-1.371],[102.891,-1.371],[102.918,-1.382],[102.961,-1.421],[102.984,-1.423],[103.004,-1.441],[103.017,-1.437],[103.026,-1.455],[103.035,-1.454],[103.042,-1.416],[103.062,-1.405],[103.054,-1.388],[103.11,-1.401],[103.15,-1.377],[103.17,-1.389],[103.207,-1.369],[103.207,-1.36],[103.218,-1.366],[103.225,-1.393],[103.255,-1.393],[103.267,-1.404],[103.289,-1.393],[103.295,-1.374],[103.282,-1.364],[103.285,-1.353],[103.303,-1.348],[103.346,-1.387],[103.351,-1.431],[103.384,-1.484],[103.416,-1.478],[103.432,-1.466],[103.47,-1.471],[103.474,-1.478],[103.463,-1.518],[103.473,-1.544],[103.431,-1.597],[103.427,-1.624],[103.408,-1.632],[103.401,-1.656],[103.416,-1.659],[103.43,-1.679],[103.418,-1.679],[103.425,-1.703],[103.416,-1.705],[103.416,-1.716],[103.4,-1.728],[103.402,-1.751],[103.406,-1.745],[103.421,-1.754],[103.432,-1.773],[103.422,-1.779],[103.416,-1.817],[103.394,-1.835],[103.399,-1.861],[103.41,-1.868],[103.32,-1.868],[103.314,-1.913],[103.318,-1.952],[103.337,-1.964],[103.34,-1.995],[103.37,-1.994],[103.37,-2.047],[103.454,-2.048],[103.446,-2.174],[103.46,-2.178]]]}},{"type":"Feature","properties":{"kode":"11.03","nama":"Aceh Timur","prov":"Aceh","kota":false},"geometry":{"type":"Polygon","coordinates":[[[97.975,4.557],[97.98,4.544],[97.968,4.532],[97.955,4.537],[97.943,4.529],[97.932,4.536],[97.916,4.531],[97.895,4.505],[97.891,4.478],[97.868,4.471],[97.868,4.455],[97.875,4.449],[97.892,4.452],[97.903,4.444],[97.907,4.452],[97.919,4.45],[97.928,4.436],[97.914,4.421],[97.928,4.42],[97.94,4.436],[97.965,4.443],[97.972,4.418],[98.002,4.405],[97.96,4.371],[97.931,4.36],[97.907,4.39],[97.856,4.387],[97.838,4.37],[97.787,4.357],[97.762,4.336],[97.772,4.321],[97.75,4.295],[97.733,4.249],[97.688,4.247],[97.644,4.22],[97.603,4.251],[97.562,4.198],[97.516,4.182],[97.499,4.156],[97.435,4.17],[97.359,4.214],[97.349,4.25],[97.368,4.382],[97.346,4.444],[97.343,4.5],[97.313,4.508],[97.289,4.501],[97.279,4.513],[97.278,4.521],[97.296,4.527],[97.317,4.549],[97.314,4.598],[97.304,4.622],[97.276,4.628],[97.261,4.618],[97.256,4.65],[97.259,4.662],[97.29,4.658],[97.306,4.666],[97.327,4.703],[97.319,4.737],[97.338,4.778],[97.35,4.779],[97.354,4.772],[97.364,4.784],[97.361,4.771],[97.425,4.756],[97.416,4.769],[97.41,4.763],[97.4,4.769],[97.406,4.795],[97.419,4.79],[97.41,4.781],[97.434,4.787],[97.429,4.806],[97.438,4.812],[97.435,4.821],[97.457,4.823],[97.442,4.829],[97.444,4.834],[97.458,4.846],[97.477,4.839],[97.49,4.868],[97.511,4.884],[97.497,4.875],[97.5,4.885],[97.492,4.888],[97.499,4.899],[97.483,4.905],[97.487,4.911],[97.468,4.929],[97.474,4.943],[97.497,4.948],[97.501,4.96],[97.492,4.963],[97.501,4.969],[97.497,4.991],[97.508,4.996],[97.496,5.017],[97.514,5.033],[97.498,5.051],[97.514,5.053],[97.507,5.062],[97.515,5.072],[97.493,5.072],[97.497,5.082],[97.491,5.087],[97.484,5.078],[97.481,5.089],[97.47,5.093],[97.469,5.109],[97.46,5.112],[97.477,5.129],[97.468,5.134],[97.47,5.151],[97.498,5.159],[97.485,5.183],[97.501,5.19],[97.49,5.207],[97.499,5.214],[97.488,5.226],[97.484,5.245],[97.509,5.244],[97.55,5.215],[97.547,5.204],[97.591,5.144],[97.652,5.123],[97.658,5.081],[97.65,5.084],[97.648,5.074],[97.793,4.946],[97.868,4.893],[97.893,4.886],[97.904,4.891],[97.944,4.771],[97.96,4.744],[97.954,4.744],[97.967,4.685],[97.962,4.672],[97.996,4.637],[97.992,4.629],[98.002,4.608],[97.992,4.601],[97.998,4.589],[97.975,4.557]]]}},{"type":"Feature","properties":{"kode":"92.10","nama":"Maybrat","prov":"Papua Barat Daya","kota":false},"geometry":{"type":"Polygon","coordinates":[[[132.905,-1.294],[132.907,-1.307],[132.897,-1.321],[132.909,-1.363],[132.899,-1.378],[132.904,-1.399],[132.884,-1.411],[132.887,-1.422],[132.854,-1.45],[132.864,-1.464],[132.854,-1.48],[132.857,-1.503],[132.849,-1.503],[132.824,-1.563],[132.801,-1.564],[132.787,-1.574],[132.786,-1.605],[132.774,-1.623],[132.77,-1.654],[132.776,-1.673],[132.77,-1.682],[132.772,-1.726],[132.765,-1.73],[132.747,-1.814],[132.74,-1.819],[132.743,-1.847],[132.738,-1.857],[132.728,-1.859],[132.733,-1.877],[132.692,-1.883],[132.673,-1.872],[132.645,-1.88],[132.622,-1.876],[132.627,-1.858],[132.522,-1.82],[132.496,-1.826],[132.482,-1.851],[132.447,-1.885],[132.442,-1.832],[132.409,-1.781],[132.443,-1.781],[132.459,-1.771],[132.49,-1.785],[132.489,-1.797],[132.509,-1.796],[132.507,-1.767],[132.489,-1.757],[132.48,-1.731],[132.468,-1.732],[132.462,-1.742],[132.443,-1.742],[132.42,-1.759],[132.409,-1.751],[132.399,-1.762],[132.394,-1.756],[132.396,-1.734],[132.403,-1.734],[132.405,-1.715],[132.397,-1.702],[132.411,-1.667],[132.409,-1.656],[132.436,-1.605],[132.429,-1.586],[132.421,-1.569],[132.348,-1.526],[132.256,-1.417],[132.207,-1.373],[132.169,-1.347],[132.115,-1.324],[132.088,-1.227],[132.092,-1.215],[132.077,-1.207],[132.091,-1.185],[132.087,-1.172],[132.081,-1.173],[132.084,-1.113],[132.071,-1.09],[132.085,-1.083],[132.112,-1.093],[132.125,-1.082],[132.137,-1.101],[132.158,-1.11],[132.185,-1.107],[132.19,-1.057],[132.184,-1.053],[132.193,-1.05],[132.208,-1.057],[132.226,-1.045],[132.219,-1.017],[132.228,-1.015],[132.218,-0.994],[132.224,-0.985],[132.21,-0.969],[132.222,-0.96],[132.227,-0.937],[132.246,-0.943],[132.277,-0.924],[132.314,-0.953],[132.352,-0.959],[132.361,-0.979],[132.377,-0.977],[132.403,-0.991],[132.404,-1.015],[132.43,-1.018],[132.448,-1.03],[132.503,-1.032],[132.515,-1.029],[132.52,-1.017],[132.577,-1.006],[132.612,-1.056],[132.602,-1.077],[132.58,-1.087],[132.564,-1.106],[132.577,-1.119],[132.578,-1.145],[132.596,-1.143],[132.64,-1.16],[132.677,-1.151],[132.693,-1.176],[132.71,-1.176],[132.731,-1.157],[132.749,-1.17],[132.786,-1.149],[132.796,-1.168],[132.821,-1.187],[132.81,-1.211],[132.819,-1.23],[132.905,-1.294]]]}},{"type":"Feature","properties":{"kode":"74.02","nama":"Konawe","prov":"Sulawesi Tenggara","kota":false},"geometry":{"type":"Polygon","coordinates":[[[121.634,-2.894],[121.683,-2.903],[121.696,-2.92],[121.727,-2.916],[121.737,-2.925],[121.757,-2.926],[121.772,-2.944],[121.796,-2.947],[121.826,-2.97],[121.866,-2.968],[121.887,-3.011],[121.938,-3.027],[121.951,-3.048],[121.927,-3.123],[121.846,-3.201],[121.835,-3.225],[121.795,-3.242],[121.783,-3.239],[121.773,-3.251],[121.752,-3.235],[121.734,-3.247],[121.715,-3.241],[121.703,-3.227],[121.675,-3.224],[121.682,-3.202],[121.666,-3.192],[121.655,-3.17],[121.633,-3.158],[121.618,-3.167],[121.593,-3.163],[121.574,-3.18],[121.547,-3.21],[121.553,-3.246],[121.573,-3.265],[121.584,-3.299],[121.608,-3.319],[121.614,-3.336],[121.61,-3.37],[121.588,-3.398],[121.618,-3.425],[121.662,-3.418],[121.672,-3.424],[121.676,-3.437],[121.66,-3.457],[121.667,-3.47],[121.715,-3.491],[121.733,-3.493],[121.75,-3.483],[121.768,-3.49],[121.767,-3.51],[121.779,-3.539],[121.775,-3.552],[121.801,-3.585],[121.817,-3.568],[121.852,-3.56],[121.887,-3.573],[121.906,-3.558],[121.916,-3.567],[121.953,-3.564],[121.975,-3.581],[121.984,-3.573],[122.004,-3.587],[122.017,-3.619],[122.039,-3.616],[122.046,-3.632],[122.065,-3.645],[122.071,-3.631],[122.088,-3.642],[122.093,-3.658],[122.088,-3.69],[122.106,-3.696],[122.102,-3.717],[122.121,-3.719],[122.123,-3.729],[122.145,-3.719],[122.169,-3.725],[122.181,-3.74],[122.207,-3.742],[122.22,-3.76],[122.231,-3.757],[122.252,-3.769],[122.257,-3.762],[122.269,-3.768],[122.29,-3.787],[122.288,-3.806],[122.313,-3.824],[122.337,-3.829],[122.36,-3.857],[122.423,-3.869],[122.438,-3.861],[122.449,-3.87],[122.456,-3.867],[122.452,-3.853],[122.459,-3.823],[122.479,-3.82],[122.508,-3.859],[122.507,-3.881],[122.526,-3.895],[122.568,-3.904],[122.588,-3.894],[122.647,-3.892],[122.666,-3.897],[122.665,-3.925],[122.647,-3.925],[122.648,-3.934],[122.628,-3.938],[122.626,-3.948],[122.595,-3.944],[122.591,-3.932],[122.575,-3.941],[122.555,-3.933],[122.546,-3.943],[122.524,-3.936],[122.508,-3.904],[122.488,-3.904],[122.453,-3.945],[122.457,-3.961],[122.449,-3.965],[122.443,-4.012],[122.373,-4.013],[122.363,-3.996],[122.35,-4.011],[122.354,-4.025],[122.339,-4.022],[122.336,-4.013],[122.328,-4.021],[122.308,-4.007],[122.292,-4.02],[122.295,-4.006],[122.278,-4.0],[122.27,-3.984],[122.269,-4.003],[122.223,-4.005],[122.182,-4.042],[122.178,-4.065],[122.092,-4.103],[122.087,-4.119],[122.066,-4.115],[122.039,-4.127],[121.987,-4.129],[121.987,-4.096],[121.967,-4.083],[121.951,-4.057],[121.953,-4.029],[121.966,-3.998],[121.952,-3.981],[121.969,-3.951],[121.957,-3.925],[121.967,-3.918],[121.971,-3.902],[121.964,-3.9],[121.971,-3.894],[121.971,-3.882],[121.954,-3.871],[121.953,-3.834],[121.904,-3.83],[121.897,-3.817],[121.885,-3.814],[121.876,-3.786],[121.827,-3.78],[121.831,-3.769],[121.823,-3.755],[121.776,-3.767],[121.757,-3.759],[121.713,-3.776],[121.686,-3.759],[121.685,-3.744],[121.666,-3.729],[121.64,-3.738],[121.611,-3.735],[121.609,-3.687],[121.59,-3.686],[121.584,-3.655],[121.576,-3.654],[121.563,-3.607],[121.567,-3.588],[121.531,-3.533],[121.535,-3.511],[121.522,-3.467],[121.493,-3.44],[121.424,-3.316],[121.442,-3.17],[121.416,-3.141],[121.412,-3.11],[121.388,-3.097],[121.385,-3.078],[121.363,-3.056],[121.37,-3.01],[121.361,-2.988],[121.398,-3.017],[121.418,-3.016],[121.436,-3.002],[121.462,-3.011],[121.483,-2.984],[121.476,-2.971],[121.484,-2.949],[121.515,-2.934],[121.516,-2.925],[121.525,-2.932],[121.541,-2.929],[121.548,-2.918],[121.562,-2.922],[121.592,-2.904],[121.634,-2.894]]]}},{"type":"Feature","properties":{"kode":"15.05","nama":"Muaro Jambi","prov":"Jambi","kota":false},"geometry":{"type":"Polygon","coordinates":[[[103.338,-1.237],[103.33,-1.266],[103.337,-1.279],[103.39,-1.279],[103.393,-1.292],[103.416,-1.306],[103.417,-1.328],[103.433,-1.342],[103.441,-1.341],[103.441,-1.33],[103.507,-1.332],[103.507,-1.316],[103.559,-1.316],[103.558,-1.354],[103.581,-1.355],[103.581,-1.39],[103.634,-1.392],[103.671,-1.37],[103.716,-1.361],[104.055,-1.318],[104.079,-1.294],[104.104,-1.3],[104.108,-1.31],[104.096,-1.324],[104.087,-1.322],[104.173,-1.462],[104.236,-1.543],[104.286,-1.573],[104.297,-1.603],[104.316,-1.628],[104.338,-1.645],[104.362,-1.647],[104.045,-1.747],[103.873,-1.789],[103.872,-1.803],[103.85,-1.817],[103.795,-1.825],[103.766,-1.816],[103.661,-1.847],[103.63,-1.841],[103.586,-1.862],[103.521,-1.907],[103.5,-1.96],[103.5,-1.982],[103.543,-1.986],[103.557,-2.018],[103.564,-2.017],[103.563,-2.042],[103.554,-2.042],[103.525,-2.073],[103.532,-2.073],[103.532,-2.091],[103.517,-2.092],[103.517,-2.114],[103.558,-2.137],[103.507,-2.174],[103.446,-2.174],[103.454,-2.048],[103.37,-2.047],[103.37,-1.994],[103.34,-1.995],[103.337,-1.964],[103.318,-1.952],[103.314,-1.913],[103.32,-1.868],[103.41,-1.868],[103.399,-1.861],[103.394,-1.835],[103.416,-1.817],[103.422,-1.779],[103.432,-1.773],[103.421,-1.754],[103.406,-1.745],[103.402,-1.751],[103.4,-1.728],[103.416,-1.716],[103.416,-1.705],[103.425,-1.703],[103.418,-1.679],[103.43,-1.679],[103.416,-1.659],[103.401,-1.656],[103.408,-1.632],[103.427,-1.624],[103.431,-1.597],[103.473,-1.544],[103.463,-1.518],[103.474,-1.478],[103.47,-1.471],[103.432,-1.466],[103.416,-1.478],[103.384,-1.484],[103.351,-1.431],[103.346,-1.387],[103.303,-1.348],[103.285,-1.353],[103.282,-1.364],[103.295,-1.374],[103.289,-1.393],[103.267,-1.404],[103.255,-1.393],[103.22,-1.387],[103.221,-1.375],[103.238,-1.375],[103.233,-1.359],[103.225,-1.359],[103.225,-1.331],[103.24,-1.331],[103.242,-1.361],[103.25,-1.375],[103.263,-1.375],[103.271,-1.235],[103.338,-1.237]]]}},{"type":"Feature","properties":{"kode":"72.10","nama":"Sigi","prov":"Sulawesi Tengah","kota":false},"geometry":{"type":"Polygon","coordinates":[[[120.354,-1.185],[120.311,-1.192],[120.287,-1.205],[120.271,-1.232],[120.231,-1.224],[120.214,-1.258],[120.177,-1.268],[120.199,-1.288],[120.225,-1.293],[120.224,-1.301],[120.253,-1.324],[120.251,-1.332],[120.269,-1.341],[120.283,-1.372],[120.269,-1.381],[120.277,-1.4],[120.238,-1.443],[120.227,-1.438],[120.215,-1.454],[120.184,-1.447],[120.174,-1.453],[120.149,-1.486],[120.102,-1.517],[120.089,-1.554],[120.094,-1.561],[120.13,-1.559],[120.136,-1.614],[120.126,-1.627],[120.125,-1.647],[120.142,-1.679],[120.144,-1.721],[120.169,-1.743],[120.18,-1.769],[120.174,-1.778],[120.123,-1.789],[120.091,-1.817],[120.112,-1.832],[120.141,-1.902],[120.133,-1.897],[120.121,-1.918],[120.107,-1.917],[120.09,-1.928],[120.094,-1.968],[120.073,-1.948],[120.045,-1.972],[120.037,-1.965],[120.028,-1.97],[119.997,-1.958],[119.978,-1.975],[119.971,-1.997],[119.944,-2.016],[119.945,-2.029],[119.93,-2.037],[119.921,-2.033],[119.91,-2.053],[119.901,-2.055],[119.871,-2.034],[119.87,-2.018],[119.847,-2.023],[119.846,-2.012],[119.871,-1.938],[119.861,-1.929],[119.859,-1.911],[119.848,-1.904],[119.854,-1.875],[119.864,-1.875],[119.875,-1.861],[119.859,-1.826],[119.859,-1.807],[119.871,-1.78],[119.868,-1.771],[119.844,-1.776],[119.825,-1.768],[119.811,-1.743],[119.795,-1.74],[119.796,-1.709],[119.778,-1.703],[119.78,-1.689],[119.764,-1.679],[119.757,-1.658],[119.728,-1.638],[119.734,-1.605],[119.715,-1.593],[119.701,-1.565],[119.672,-1.546],[119.667,-1.525],[119.693,-1.473],[119.697,-1.45],[119.687,-1.45],[119.683,-1.441],[119.689,-1.432],[119.709,-1.416],[119.729,-1.425],[119.778,-1.397],[119.8,-1.402],[119.833,-1.387],[119.838,-1.363],[119.822,-1.304],[119.831,-1.284],[119.775,-1.195],[119.785,-1.186],[119.791,-1.152],[119.804,-1.14],[119.794,-1.131],[119.8,-1.087],[119.782,-1.065],[119.771,-1.033],[119.76,-1.028],[119.757,-0.997],[119.717,-0.996],[119.706,-1.01],[119.697,-1.004],[119.674,-1.006],[119.662,-0.99],[119.648,-0.987],[119.653,-0.953],[119.665,-0.952],[119.667,-0.944],[119.711,-0.936],[119.71,-0.922],[119.73,-0.906],[119.743,-0.922],[119.755,-0.911],[119.77,-0.91],[119.771,-0.878],[119.801,-0.858],[119.818,-0.858],[119.824,-0.874],[119.831,-0.897],[119.822,-0.901],[119.831,-0.907],[119.832,-0.943],[119.874,-0.923],[119.878,-0.934],[119.931,-0.948],[119.942,-0.936],[119.928,-0.921],[119.958,-0.916],[120.019,-0.876],[120.031,-0.881],[120.039,-0.869],[120.034,-0.857],[120.049,-0.866],[120.044,-0.888],[120.065,-0.912],[120.063,-0.945],[120.052,-0.968],[120.074,-0.983],[120.082,-1.013],[120.111,-1.016],[120.124,-1.036],[120.149,-1.04],[120.178,-1.063],[120.219,-1.071],[120.234,-1.131],[120.253,-1.134],[120.265,-1.15],[120.299,-1.137],[120.342,-1.143],[120.347,-1.15],[120.365,-1.146],[120.368,-1.152],[120.34,-1.175],[120.351,-1.174],[120.354,-1.185]]]}},{"type":"Feature","properties":{"kode":"53.01","nama":"Kupang","prov":"Nusa Tenggara Timur","kota":false},"geometry":{"type":"MultiPolygon","coordinates":[[[[123.453,-10.115],[123.469,-10.162],[123.481,-10.164],[123.488,-10.154],[123.5,-10.158],[123.507,-10.172],[123.502,-10.183],[123.483,-10.183],[123.452,-10.205],[123.453,-10.218],[123.422,-10.231],[123.421,-10.209],[123.397,-10.204],[123.394,-10.231],[123.411,-10.24],[123.418,-10.26],[123.412,-10.274],[123.419,-10.296],[123.396,-10.29],[123.4,-10.306],[123.415,-10.314],[123.411,-10.332],[123.403,-10.339],[123.382,-10.335],[123.376,-10.308],[123.349,-10.305],[123.323,-10.339],[123.306,-10.312],[123.309,-10.282],[123.301,-10.271],[123.32,-10.24],[123.36,-10.215],[123.385,-10.174],[123.396,-10.135],[123.453,-10.115]]],[[[123.64,-10.222],[123.664,-10.225],[123.65,-10.2],[123.636,-10.193],[123.647,-10.19],[123.649,-10.181],[123.669,-10.186],[123.677,-10.173],[123.692,-10.171],[123.668,-10.165],[123.683,-10.143],[123.673,-10.124],[123.693,-10.119],[123.711,-10.104],[123.741,-10.099],[123.771,-10.043],[123.752,-10.028],[123.724,-10.027],[123.692,-10.011],[123.679,-10.021],[123.654,-10.009],[123.622,-10.02],[123.608,-10.045],[123.596,-10.044],[123.581,-10.018],[123.589,-9.993],[123.579,-9.943],[123.585,-9.935],[123.584,-9.916],[123.601,-9.898],[123.624,-9.891],[123.628,-9.898],[123.641,-9.895],[123.669,-9.85],[123.667,-9.805],[123.643,-9.775],[123.676,-9.757],[123.682,-9.74],[123.684,-9.701],[123.671,-9.648],[123.674,-9.629],[123.722,-9.592],[123.736,-9.566],[123.788,-9.541],[123.795,-9.491],[123.829,-9.495],[123.845,-9.477],[123.87,-9.476],[123.886,-9.464],[123.899,-9.43],[123.933,-9.423],[123.94,-9.401],[123.964,-9.386],[123.981,-9.352],[123.995,-9.342],[124.032,-9.344],[124.078,-9.327],[124.08,-9.344],[124.07,-9.37],[124.096,-9.406],[124.095,-9.417],[124.147,-9.453],[124.157,-9.449],[124.167,-9.456],[124.19,-9.483],[124.195,-9.503],[124.193,-9.511],[124.185,-9.511],[124.144,-9.476],[124.122,-9.473],[124.117,-9.482],[124.153,-9.536],[124.158,-9.557],[124.147,-9.565],[124.121,-9.553],[124.095,-9.58],[124.078,-9.587],[124.089,-9.619],[124.084,-9.635],[124.055,-9.653],[124.083,-9.673],[124.097,-9.657],[124.111,-9.686],[124.106,-9.702],[124.09,-9.715],[124.087,-9.736],[124.067,-9.76],[124.094,-9.809],[124.085,-9.827],[124.092,-9.88],[124.082,-9.925],[124.086,-9.965],[124.096,-9.976],[124.126,-9.976],[124.165,-10.018],[124.145,-10.017],[124.143,-10.024],[124.15,-10.039],[124.185,-10.061],[124.207,-10.087],[124.198,-10.102],[124.215,-10.114],[124.214,-10.131],[124.227,-10.144],[124.227,-10.156],[124.211,-10.165],[124.171,-10.155],[124.139,-10.161],[124.102,-10.18],[124.08,-10.204],[124.082,-10.215],[124.073,-10.226],[124.034,-10.246],[124.017,-10.274],[123.965,-10.276],[123.941,-10.297],[123.914,-10.298],[123.865,-10.332],[123.8,-10.354],[123.766,-10.348],[123.704,-10.366],[123.681,-10.354],[123.653,-10.35],[123.63,-10.354],[123.611,-10.37],[123.595,-10.35],[123.546,-10.328],[123.486,-10.356],[123.457,-10.357],[123.462,-10.328],[123.477,-10.316],[123.5,-10.274],[123.489,-10.224],[123.528,-10.212],[123.539,-10.215],[123.535,-10.224],[123.544,-10.247],[123.57,-10.216],[123.57,-10.245],[123.585,-10.266],[123.585,-10.287],[123.611,-10.293],[123.632,-10.286],[123.639,-10.268],[123.618,-10.235],[123.64,-10.222]]]]}},{"type":"Feature","properties":{"kode":"91.08","nama":"Paniai","prov":"Papua Tengah","kota":false},"geometry":{"type":"MultiPolygon","coordinates":[[[[137.115,-4.027],[137.111,-4.018],[137.15,-3.986],[137.144,-3.959],[137.156,-3.954],[137.21,-3.96],[137.236,-3.951],[137.265,-3.956],[137.25,-4.003],[137.115,-4.027]]],[[[136.239,-3.298],[136.269,-3.313],[136.281,-3.328],[136.282,-3.351],[136.302,-3.359],[136.286,-3.409],[136.344,-3.377],[136.369,-3.412],[136.369,-3.435],[136.389,-3.474],[136.423,-3.501],[136.418,-3.518],[136.436,-3.557],[136.47,-3.555],[136.48,-3.579],[136.499,-3.597],[136.514,-3.588],[136.541,-3.611],[136.577,-3.611],[136.59,-3.676],[136.565,-3.711],[136.584,-3.729],[136.617,-3.729],[136.664,-3.753],[136.687,-3.751],[136.714,-3.774],[136.766,-3.788],[136.752,-3.817],[136.715,-3.823],[136.735,-3.853],[136.724,-3.875],[136.728,-3.884],[136.784,-3.881],[136.905,-3.955],[136.946,-3.955],[136.949,-3.946],[136.93,-3.916],[136.945,-3.911],[136.968,-3.921],[136.987,-3.911],[137.01,-3.913],[136.969,-3.866],[136.968,-3.833],[136.995,-3.838],[137.022,-3.943],[137.095,-4.032],[137.082,-4.039],[137.074,-4.055],[137.036,-4.045],[137.028,-4.077],[137.011,-4.078],[137.019,-4.112],[137.009,-4.13],[136.999,-4.133],[136.989,-4.119],[136.974,-4.118],[136.962,-4.125],[136.935,-4.121],[136.923,-4.128],[136.882,-4.117],[136.861,-4.101],[136.848,-4.108],[136.818,-4.089],[136.775,-4.079],[136.723,-4.092],[136.724,-4.107],[136.741,-4.124],[136.761,-4.125],[136.771,-4.165],[136.756,-4.177],[136.724,-4.179],[136.698,-4.192],[136.68,-4.189],[136.661,-4.171],[136.637,-4.171],[136.577,-4.15],[136.577,-4.133],[136.602,-4.128],[136.603,-4.1],[136.576,-4.082],[136.566,-4.084],[136.572,-4.065],[136.562,-4.066],[136.557,-4.051],[136.508,-4.021],[136.432,-4.017],[136.398,-4.003],[136.393,-4.01],[136.363,-4.005],[136.35,-3.997],[136.357,-3.99],[136.35,-3.973],[136.324,-3.984],[136.316,-3.995],[136.273,-3.98],[136.221,-3.999],[136.203,-3.995],[136.189,-3.977],[136.207,-3.953],[136.195,-3.95],[136.168,-3.962],[136.146,-3.949],[136.129,-3.906],[136.126,-3.857],[136.117,-3.857],[136.102,-3.808],[136.116,-3.78],[136.114,-3.74],[136.102,-3.731],[136.093,-3.739],[136.078,-3.736],[136.07,-3.725],[136.026,-3.706],[136.012,-3.679],[136.001,-3.627],[135.99,-3.621],[136.019,-3.556],[136.052,-3.545],[136.055,-3.529],[136.091,-3.504],[136.103,-3.47],[136.129,-3.478],[136.151,-3.466],[136.16,-3.444],[136.155,-3.362],[136.182,-3.347],[136.187,-3.302],[136.209,-3.296],[136.222,-3.311],[136.239,-3.298]]]]}},{"type":"Feature","properties":{"kode":"72.03","nama":"Donggala","prov":"Sulawesi Tengah","kota":false},"geometry":{"type":"MultiPolygon","coordinates":[[[[119.805,-0.802],[119.795,-0.819],[119.757,-0.84],[119.769,-0.867],[119.761,-0.886],[119.77,-0.91],[119.755,-0.911],[119.743,-0.922],[119.73,-0.906],[119.71,-0.922],[119.711,-0.936],[119.667,-0.944],[119.665,-0.952],[119.653,-0.953],[119.646,-0.977],[119.648,-0.987],[119.662,-0.99],[119.674,-1.006],[119.697,-1.004],[119.706,-1.01],[119.717,-0.996],[119.757,-0.997],[119.76,-1.028],[119.771,-1.033],[119.782,-1.065],[119.8,-1.087],[119.794,-1.131],[119.804,-1.14],[119.791,-1.152],[119.785,-1.186],[119.775,-1.195],[119.831,-1.284],[119.822,-1.304],[119.838,-1.363],[119.833,-1.387],[119.8,-1.402],[119.778,-1.397],[119.729,-1.425],[119.709,-1.416],[119.672,-1.443],[119.673,-1.431],[119.643,-1.405],[119.628,-1.405],[119.621,-1.397],[119.603,-1.403],[119.593,-1.396],[119.59,-1.41],[119.582,-1.409],[119.583,-1.426],[119.574,-1.42],[119.547,-1.436],[119.545,-1.422],[119.511,-1.451],[119.508,-1.445],[119.523,-1.425],[119.52,-1.411],[119.509,-1.414],[119.497,-1.392],[119.479,-1.401],[119.463,-1.397],[119.439,-1.378],[119.427,-1.347],[119.427,-1.339],[119.453,-1.335],[119.462,-1.319],[119.511,-1.312],[119.513,-1.301],[119.504,-1.297],[119.489,-1.306],[119.466,-1.301],[119.53,-1.234],[119.535,-1.198],[119.523,-1.196],[119.536,-1.179],[119.592,-1.183],[119.581,-1.162],[119.593,-1.125],[119.59,-1.09],[119.575,-1.085],[119.573,-1.078],[119.582,-1.072],[119.574,-1.053],[119.578,-1.03],[119.557,-1.01],[119.561,-0.979],[119.554,-0.931],[119.568,-0.921],[119.559,-0.906],[119.572,-0.881],[119.561,-0.85],[119.613,-0.835],[119.625,-0.798],[119.654,-0.785],[119.668,-0.766],[119.679,-0.767],[119.685,-0.742],[119.674,-0.721],[119.661,-0.719],[119.671,-0.703],[119.68,-0.705],[119.707,-0.686],[119.733,-0.644],[119.739,-0.646],[119.741,-0.664],[119.761,-0.681],[119.757,-0.698],[119.775,-0.718],[119.805,-0.802]]],[[[120.137,0.748],[120.152,0.724],[120.196,0.701],[120.192,0.6],[120.203,0.574],[120.188,0.57],[120.18,0.546],[120.159,0.532],[120.155,0.468],[120.13,0.458],[120.113,0.432],[120.127,0.41],[120.117,0.398],[120.083,0.386],[120.074,0.346],[120.058,0.337],[120.061,0.304],[120.055,0.286],[120.068,0.274],[120.077,0.275],[120.096,0.243],[120.092,0.205],[120.04,0.171],[120.046,0.148],[120.034,0.128],[120.0,0.123],[119.998,0.11],[119.961,0.086],[119.95,0.055],[119.957,0.028],[119.942,0.011],[119.936,-0.028],[119.943,-0.072],[119.932,-0.101],[119.898,-0.139],[119.923,-0.172],[119.935,-0.21],[119.912,-0.238],[119.922,-0.259],[119.906,-0.269],[119.909,-0.284],[119.924,-0.287],[119.917,-0.297],[119.927,-0.304],[119.919,-0.314],[119.927,-0.335],[119.913,-0.35],[119.911,-0.368],[119.923,-0.393],[119.916,-0.41],[119.922,-0.443],[119.938,-0.448],[119.943,-0.469],[119.935,-0.504],[119.96,-0.548],[120.0,-0.586],[120.008,-0.615],[120.002,-0.633],[120.02,-0.642],[120.015,-0.665],[120.032,-0.684],[120.03,-0.706],[120.014,-0.713],[120.027,-0.747],[120.017,-0.755],[120.023,-0.782],[120.011,-0.784],[119.995,-0.808],[119.969,-0.812],[119.959,-0.802],[119.901,-0.796],[119.896,-0.774],[119.872,-0.774],[119.873,-0.764],[119.895,-0.765],[119.908,-0.755],[119.878,-0.734],[119.908,-0.731],[119.936,-0.705],[119.929,-0.697],[119.878,-0.705],[119.872,-0.683],[119.89,-0.666],[119.922,-0.659],[119.922,-0.652],[119.874,-0.66],[119.846,-0.698],[119.823,-0.689],[119.805,-0.645],[119.811,-0.632],[119.789,-0.598],[119.784,-0.553],[119.76,-0.497],[119.764,-0.478],[119.755,-0.427],[119.764,-0.397],[119.752,-0.366],[119.763,-0.353],[119.779,-0.277],[119.794,-0.256],[119.818,-0.192],[119.798,-0.153],[119.81,-0.136],[119.791,-0.123],[119.737,-0.144],[119.701,-0.138],[119.662,-0.107],[119.643,-0.063],[119.634,-0.06],[119.605,-0.011],[119.606,-0.005],[119.667,-0.018],[119.672,-0.001],[119.662,0.005],[119.663,0.018],[119.722,-0.011],[119.742,-0.037],[119.737,-0.061],[119.768,-0.078],[119.775,-0.111],[119.794,-0.107],[119.822,-0.117],[119.842,-0.098],[119.882,-0.025],[119.879,0.076],[119.864,0.108],[119.778,0.19],[119.771,0.212],[119.783,0.227],[119.809,0.236],[119.821,0.235],[119.838,0.216],[119.876,0.217],[119.887,0.211],[119.903,0.222],[119.893,0.287],[119.885,0.296],[119.872,0.294],[119.846,0.334],[119.849,0.353],[119.888,0.392],[119.888,0.42],[119.876,0.435],[119.883,0.46],[119.907,0.481],[119.95,0.474],[119.999,0.483],[120.045,0.513],[120.034,0.61],[120.016,0.652],[120.02,0.673],[120.037,0.689],[120.04,0.712],[120.06,0.717],[120.059,0.727],[120.076,0.742],[120.091,0.739],[120.103,0.749],[120.103,0.742],[120.125,0.742],[120.137,0.748]]]]}},{"type":"Feature","properties":{"kode":"15.07","nama":"Tanjung Jabung Timur","prov":"Jambi","kota":false},"geometry":{"type":"Polygon","coordinates":[[[104.491,-1.668],[104.469,-1.659],[104.471,-1.652],[104.462,-1.642],[104.43,-1.639],[104.428,-1.629],[104.374,-1.637],[104.362,-1.647],[104.338,-1.645],[104.316,-1.628],[104.297,-1.603],[104.286,-1.573],[104.236,-1.543],[104.173,-1.462],[104.087,-1.322],[104.096,-1.324],[104.108,-1.31],[104.104,-1.3],[104.084,-1.293],[104.055,-1.318],[103.75,-1.355],[103.671,-1.37],[103.634,-1.392],[103.581,-1.39],[103.581,-1.355],[103.558,-1.354],[103.559,-1.316],[103.507,-1.316],[103.507,-1.332],[103.441,-1.33],[103.441,-1.341],[103.433,-1.342],[103.417,-1.328],[103.416,-1.306],[103.393,-1.292],[103.39,-1.279],[103.337,-1.279],[103.33,-1.266],[103.338,-1.237],[103.381,-1.236],[103.382,-1.222],[103.426,-1.22],[103.43,-1.201],[103.448,-1.195],[103.446,-1.127],[103.455,-1.118],[103.471,-1.126],[103.46,-1.095],[103.44,-1.072],[103.468,-1.03],[103.508,-1.004],[103.524,-1.003],[103.55,-0.977],[103.543,-0.972],[103.557,-0.959],[103.551,-0.957],[103.563,-0.93],[103.561,-0.902],[103.578,-0.873],[103.589,-0.873],[103.629,-0.913],[103.66,-0.929],[103.675,-0.953],[103.686,-0.947],[103.724,-0.956],[103.753,-0.989],[103.805,-0.996],[103.808,-1.014],[103.831,-1.015],[103.915,-0.983],[103.954,-0.996],[103.97,-0.992],[104.032,-1.002],[104.073,-1.023],[104.105,-1.03],[104.13,-1.044],[104.126,-1.049],[104.179,-1.051],[104.207,-1.071],[104.266,-1.042],[104.329,-1.043],[104.348,-1.035],[104.359,-1.019],[104.394,-1.076],[104.405,-1.127],[104.408,-1.163],[104.394,-1.191],[104.393,-1.217],[104.455,-1.332],[104.451,-1.385],[104.457,-1.419],[104.438,-1.505],[104.46,-1.598],[104.491,-1.668]]]}},{"type":"Feature","properties":{"kode":"15.06","nama":"Tanjung Jabung Barat","prov":"Jambi","kota":false},"geometry":{"type":"Polygon","coordinates":[[[103.574,-0.875],[103.561,-0.902],[103.563,-0.93],[103.551,-0.957],[103.557,-0.959],[103.543,-0.972],[103.55,-0.977],[103.524,-1.003],[103.508,-1.004],[103.468,-1.03],[103.44,-1.072],[103.46,-1.095],[103.471,-1.126],[103.455,-1.118],[103.446,-1.127],[103.45,-1.186],[103.448,-1.195],[103.43,-1.201],[103.426,-1.22],[103.382,-1.222],[103.381,-1.236],[103.271,-1.235],[103.263,-1.375],[103.25,-1.375],[103.242,-1.361],[103.24,-1.331],[103.225,-1.331],[103.225,-1.359],[103.233,-1.359],[103.238,-1.375],[103.221,-1.375],[103.207,-1.36],[103.207,-1.369],[103.17,-1.389],[103.15,-1.377],[103.11,-1.401],[103.054,-1.388],[103.062,-1.405],[103.042,-1.416],[103.035,-1.454],[103.026,-1.455],[103.017,-1.437],[103.004,-1.441],[102.984,-1.423],[102.961,-1.421],[102.918,-1.382],[102.891,-1.371],[102.866,-1.371],[102.865,-1.379],[102.855,-1.379],[102.856,-1.39],[102.845,-1.386],[102.838,-1.395],[102.822,-1.396],[102.817,-1.423],[102.809,-1.423],[102.795,-1.396],[102.802,-1.376],[102.785,-1.34],[102.781,-1.31],[102.746,-1.261],[102.724,-1.262],[102.718,-1.249],[102.697,-1.239],[102.687,-1.197],[102.646,-1.138],[102.65,-1.131],[102.644,-1.119],[102.683,-1.096],[102.681,-1.082],[102.699,-1.083],[102.705,-1.075],[102.707,-1.082],[102.713,-1.076],[102.729,-1.08],[102.732,-1.05],[102.751,-1.044],[102.757,-1.023],[102.767,-1.032],[102.782,-1.03],[102.769,-1.011],[102.785,-0.991],[102.784,-0.982],[102.86,-0.928],[102.928,-0.866],[103.004,-0.755],[103.081,-0.762],[103.112,-0.747],[103.208,-0.757],[103.278,-0.776],[103.291,-0.772],[103.302,-0.781],[103.302,-0.765],[103.312,-0.765],[103.346,-0.779],[103.353,-0.799],[103.402,-0.787],[103.409,-0.77],[103.437,-0.778],[103.446,-0.75],[103.441,-0.732],[103.453,-0.734],[103.483,-0.753],[103.489,-0.772],[103.48,-0.794],[103.489,-0.803],[103.546,-0.809],[103.558,-0.845],[103.554,-0.858],[103.574,-0.875]]]}},{"type":"Feature","properties":{"kode":"81.06","nama":"Seram Bagian Barat","prov":"Maluku","kota":false},"geometry":{"type":"MultiPolygon","coordinates":[[[[127.564,-3.265],[127.574,-3.258],[127.571,-3.268],[127.589,-3.276],[127.615,-3.308],[127.625,-3.307],[127.636,-3.34],[127.66,-3.36],[127.657,-3.366],[127.617,-3.369],[127.596,-3.347],[127.502,-3.326],[127.487,-3.298],[127.523,-3.284],[127.528,-3.265],[127.552,-3.26],[127.564,-3.265]]],[[[127.761,-3.152],[127.797,-3.179],[127.797,-3.185],[127.79,-3.182],[127.8,-3.205],[127.794,-3.253],[127.749,-3.248],[127.704,-3.26],[127.677,-3.252],[127.638,-3.225],[127.721,-3.16],[127.761,-3.152]]],[[[127.925,-2.912],[127.945,-2.925],[127.992,-2.924],[128.002,-2.935],[128.002,-2.946],[127.972,-2.973],[127.954,-3.01],[127.915,-3.038],[127.835,-3.034],[127.845,-3.017],[127.866,-3.008],[127.877,-2.963],[127.905,-2.956],[127.924,-2.935],[127.941,-2.937],[127.938,-2.929],[127.912,-2.917],[127.925,-2.912]]],[[[128.753,-2.85],[128.75,-2.907],[128.761,-2.93],[128.755,-2.961],[128.808,-2.996],[128.786,-3.006],[128.771,-3.053],[128.776,-3.067],[128.811,-3.064],[128.817,-3.071],[128.806,-3.087],[128.808,-3.111],[128.793,-3.168],[128.812,-3.186],[128.835,-3.24],[128.843,-3.24],[128.78,-3.265],[128.675,-3.365],[128.671,-3.39],[128.698,-3.414],[128.673,-3.433],[128.622,-3.434],[128.595,-3.426],[128.52,-3.458],[128.46,-3.458],[128.413,-3.435],[128.393,-3.393],[128.333,-3.329],[128.311,-3.272],[128.301,-3.267],[128.302,-3.246],[128.292,-3.225],[128.271,-3.217],[128.27,-3.205],[128.245,-3.202],[128.236,-3.215],[128.224,-3.21],[128.221,-3.217],[128.199,-3.204],[128.201,-3.214],[128.182,-3.231],[128.16,-3.198],[128.17,-3.188],[128.163,-3.186],[128.159,-3.16],[128.167,-3.167],[128.173,-3.163],[128.173,-3.145],[128.189,-3.149],[128.202,-3.126],[128.193,-3.112],[128.201,-3.103],[128.199,-3.075],[128.17,-3.065],[128.147,-3.075],[128.083,-3.145],[128.06,-3.254],[128.055,-3.338],[128.017,-3.381],[127.995,-3.376],[127.983,-3.385],[127.97,-3.434],[127.946,-3.465],[127.948,-3.509],[127.96,-3.528],[127.937,-3.543],[127.937,-3.563],[127.924,-3.565],[127.895,-3.492],[127.915,-3.445],[127.919,-3.415],[127.942,-3.38],[127.943,-3.351],[127.924,-3.303],[127.888,-3.272],[127.873,-3.232],[127.872,-3.189],[127.838,-3.158],[127.877,-3.151],[127.898,-3.158],[127.913,-3.151],[127.945,-3.128],[127.943,-3.115],[127.964,-3.104],[127.977,-3.109],[127.977,-3.096],[128.0,-3.071],[128.004,-3.082],[128.007,-3.073],[128.074,-3.075],[128.114,-3.064],[128.108,-3.049],[128.102,-3.053],[128.09,-3.041],[128.094,-3.026],[128.088,-3.018],[128.121,-3.002],[128.119,-2.975],[128.114,-2.971],[128.081,-2.987],[128.071,-2.974],[128.081,-2.961],[128.111,-2.959],[128.134,-2.937],[128.141,-2.921],[128.132,-2.918],[128.129,-2.905],[128.162,-2.885],[128.162,-2.864],[128.187,-2.867],[128.238,-2.854],[128.27,-2.869],[128.351,-2.86],[128.38,-2.872],[128.398,-2.871],[128.431,-2.849],[128.474,-2.852],[128.508,-2.834],[128.562,-2.854],[128.618,-2.854],[128.669,-2.84],[128.707,-2.861],[128.753,-2.85]]]]}},{"type":"Feature","properties":{"kode":"76.02","nama":"Mamuju","prov":"Sulawesi Barat","kota":false},"geometry":{"type":"Polygon","coordinates":[[[119.711,-2.143],[119.738,-2.188],[119.747,-2.222],[119.712,-2.256],[119.677,-2.268],[119.699,-2.314],[119.683,-2.33],[119.688,-2.37],[119.713,-2.38],[119.723,-2.393],[119.71,-2.42],[119.722,-2.439],[119.725,-2.467],[119.71,-2.489],[119.713,-2.52],[119.746,-2.536],[119.762,-2.572],[119.744,-2.611],[119.756,-2.637],[119.748,-2.714],[119.708,-2.732],[119.682,-2.756],[119.631,-2.755],[119.615,-2.751],[119.609,-2.739],[119.584,-2.748],[119.57,-2.74],[119.57,-2.733],[119.553,-2.729],[119.525,-2.743],[119.517,-2.738],[119.493,-2.741],[119.482,-2.75],[119.472,-2.747],[119.435,-2.772],[119.424,-2.761],[119.4,-2.763],[119.401,-2.754],[119.38,-2.744],[119.364,-2.72],[119.37,-2.711],[119.346,-2.703],[119.344,-2.692],[119.322,-2.693],[119.299,-2.709],[119.237,-2.714],[119.218,-2.704],[119.206,-2.674],[119.189,-2.658],[119.15,-2.671],[119.143,-2.685],[119.136,-2.682],[119.139,-2.654],[119.117,-2.659],[119.081,-2.697],[119.062,-2.704],[119.045,-2.737],[119.028,-2.741],[119.013,-2.774],[119.025,-2.805],[119.023,-2.852],[119.013,-2.869],[119.025,-2.889],[119.022,-2.898],[119.035,-2.909],[119.055,-2.908],[119.046,-2.924],[119.034,-2.925],[119.026,-2.96],[118.997,-2.958],[118.98,-2.945],[118.974,-2.928],[118.951,-2.926],[118.943,-2.915],[118.898,-2.935],[118.884,-2.931],[118.878,-2.922],[118.886,-2.891],[118.852,-2.852],[118.833,-2.857],[118.809,-2.851],[118.77,-2.867],[118.772,-2.82],[118.761,-2.803],[118.76,-2.768],[118.766,-2.754],[118.782,-2.747],[118.775,-2.721],[118.778,-2.694],[118.815,-2.623],[118.823,-2.622],[118.868,-2.678],[118.911,-2.666],[118.943,-2.639],[118.959,-2.641],[118.97,-2.627],[118.992,-2.62],[119.011,-2.599],[119.009,-2.585],[119.016,-2.589],[119.031,-2.581],[119.034,-2.525],[119.042,-2.509],[119.146,-2.469],[119.13,-2.462],[119.142,-2.394],[119.122,-2.324],[119.123,-2.312],[119.135,-2.308],[119.13,-2.298],[119.199,-2.314],[119.252,-2.249],[119.274,-2.244],[119.289,-2.22],[119.294,-2.227],[119.309,-2.227],[119.33,-2.205],[119.35,-2.202],[119.354,-2.209],[119.373,-2.194],[119.41,-2.187],[119.432,-2.194],[119.442,-2.177],[119.468,-2.16],[119.472,-2.139],[119.502,-2.12],[119.527,-2.125],[119.546,-2.117],[119.552,-2.129],[119.597,-2.151],[119.638,-2.147],[119.659,-2.136],[119.711,-2.143]]]}},{"type":"Feature","properties":{"kode":"81.04","nama":"Buru","prov":"Maluku","kota":false},"geometry":{"type":"Polygon","coordinates":[[[127.24,-3.624],[127.221,-3.621],[127.19,-3.601],[127.192,-3.568],[127.153,-3.513],[127.122,-3.521],[127.104,-3.512],[127.062,-3.539],[127.037,-3.578],[127.002,-3.597],[126.976,-3.602],[126.956,-3.639],[126.931,-3.634],[126.912,-3.645],[126.847,-3.661],[126.82,-3.656],[126.811,-3.643],[126.8,-3.647],[126.802,-3.657],[126.795,-3.665],[126.749,-3.67],[126.749,-3.659],[126.726,-3.655],[126.705,-3.593],[126.692,-3.584],[126.694,-3.554],[126.68,-3.535],[126.643,-3.509],[126.632,-3.527],[126.618,-3.525],[126.597,-3.477],[126.596,-3.458],[126.549,-3.45],[126.514,-3.47],[126.478,-3.474],[126.461,-3.428],[126.433,-3.39],[126.396,-3.37],[126.33,-3.351],[126.308,-3.318],[126.273,-3.302],[126.246,-3.299],[126.241,-3.29],[126.212,-3.305],[126.191,-3.289],[126.148,-3.298],[126.122,-3.285],[126.104,-3.264],[126.111,-3.255],[126.1,-3.236],[126.107,-3.166],[126.124,-3.151],[126.176,-3.182],[126.222,-3.183],[126.228,-3.138],[126.26,-3.133],[126.299,-3.094],[126.346,-3.101],[126.391,-3.092],[126.404,-3.081],[126.472,-3.084],[126.515,-3.072],[126.568,-3.072],[126.598,-3.064],[126.675,-3.07],[126.681,-3.062],[126.698,-3.067],[126.717,-3.056],[126.801,-3.063],[126.868,-3.097],[126.882,-3.108],[126.888,-3.126],[126.913,-3.126],[126.936,-3.143],[126.984,-3.139],[127.03,-3.172],[127.054,-3.18],[127.108,-3.227],[127.117,-3.28],[127.1,-3.285],[127.069,-3.261],[127.035,-3.265],[127.031,-3.273],[127.04,-3.291],[127.042,-3.329],[127.055,-3.336],[127.064,-3.325],[127.074,-3.328],[127.069,-3.354],[127.079,-3.373],[127.124,-3.383],[127.139,-3.375],[127.141,-3.351],[127.16,-3.337],[127.185,-3.357],[127.219,-3.357],[127.259,-3.374],[127.269,-3.392],[127.253,-3.418],[127.248,-3.452],[127.251,-3.593],[127.24,-3.624]]]}},{"type":"Feature","properties":{"kode":"63.10","nama":"Tanah Bumbu","prov":"Kalimantan Selatan","kota":false},"geometry":{"type":"Polygon","coordinates":[[[115.928,-3.221],[115.946,-3.253],[115.961,-3.249],[115.974,-3.224],[115.99,-3.22],[116.041,-3.261],[116.061,-3.257],[116.07,-3.265],[116.082,-3.258],[116.084,-3.263],[116.085,-3.285],[116.049,-3.352],[116.031,-3.364],[116.023,-3.411],[116.007,-3.433],[116.014,-3.484],[115.991,-3.526],[115.996,-3.564],[115.971,-3.606],[115.838,-3.63],[115.797,-3.658],[115.787,-3.679],[115.731,-3.712],[115.717,-3.731],[115.655,-3.743],[115.494,-3.812],[115.477,-3.811],[115.375,-3.861],[115.367,-3.85],[115.372,-3.828],[115.368,-3.818],[115.354,-3.813],[115.345,-3.767],[115.325,-3.755],[115.324,-3.705],[115.314,-3.697],[115.283,-3.7],[115.262,-3.667],[115.269,-3.65],[115.25,-3.591],[115.261,-3.562],[115.304,-3.517],[115.351,-3.504],[115.411,-3.451],[115.391,-3.437],[115.396,-3.364],[115.402,-3.342],[115.417,-3.336],[115.416,-3.316],[115.429,-3.296],[115.393,-3.25],[115.402,-3.237],[115.425,-3.26],[115.436,-3.26],[115.447,-3.242],[115.445,-3.227],[115.416,-3.227],[115.414,-3.213],[115.424,-3.202],[115.418,-3.182],[115.423,-3.144],[115.432,-3.137],[115.434,-3.119],[115.445,-3.123],[115.46,-3.109],[115.471,-3.113],[115.488,-3.096],[115.491,-3.086],[115.481,-3.076],[115.499,-3.044],[115.533,-3.02],[115.567,-3.013],[115.577,-3.021],[115.585,-3.005],[115.591,-3.01],[115.592,-3.036],[115.607,-3.057],[115.624,-3.066],[115.637,-3.059],[115.654,-3.07],[115.665,-3.066],[115.674,-3.079],[115.681,-3.08],[115.684,-3.072],[115.688,-3.08],[115.704,-3.079],[115.706,-3.096],[115.716,-3.103],[115.713,-3.113],[115.732,-3.122],[115.735,-3.146],[115.769,-3.195],[115.792,-3.182],[115.829,-3.187],[115.841,-3.17],[115.934,-3.152],[115.951,-3.189],[115.947,-3.205],[115.928,-3.221]]]}},{"type":"Feature","properties":{"kode":"92.07","nama":"Teluk Wondama","prov":"Papua Barat","kota":false},"geometry":{"type":"MultiPolygon","coordinates":[[[[134.565,-2.283],[134.571,-2.284],[134.568,-2.309],[134.577,-2.322],[134.572,-2.362],[134.59,-2.395],[134.563,-2.401],[134.578,-2.42],[134.565,-2.441],[134.532,-2.428],[134.561,-2.417],[134.545,-2.41],[134.533,-2.414],[134.53,-2.401],[134.515,-2.402],[134.503,-2.36],[134.563,-2.368],[134.559,-2.352],[134.57,-2.344],[134.552,-2.333],[134.564,-2.317],[134.565,-2.283]]],[[[134.39,-1.995],[134.408,-2.004],[134.412,-2.044],[134.405,-2.044],[134.405,-2.075],[134.385,-2.082],[134.393,-2.101],[134.381,-2.11],[134.373,-2.144],[134.349,-2.167],[134.338,-2.137],[134.337,-2.107],[134.314,-2.098],[134.318,-2.089],[134.328,-2.095],[134.33,-2.089],[134.316,-2.079],[134.344,-2.047],[134.363,-2.002],[134.39,-1.995]]],[[[134.661,-2.756],[134.637,-2.758],[134.618,-2.792],[134.587,-2.795],[134.593,-2.857],[134.608,-2.912],[134.604,-2.922],[134.619,-2.956],[134.611,-2.976],[134.631,-3.045],[134.628,-3.076],[134.617,-3.083],[134.631,-3.115],[134.615,-3.114],[134.609,-3.128],[134.615,-3.138],[134.644,-3.144],[134.642,-3.162],[134.668,-3.173],[134.682,-3.204],[134.678,-3.226],[134.694,-3.291],[134.705,-3.293],[134.714,-3.306],[134.693,-3.308],[134.681,-3.296],[134.653,-3.315],[134.631,-3.312],[134.624,-3.319],[134.587,-3.307],[134.603,-3.323],[134.62,-3.361],[134.615,-3.393],[134.622,-3.398],[134.615,-3.404],[134.594,-3.401],[134.59,-3.419],[134.606,-3.463],[134.599,-3.475],[134.551,-3.479],[134.541,-3.492],[134.533,-3.48],[134.501,-3.499],[134.461,-3.483],[134.458,-3.491],[134.446,-3.48],[134.435,-3.487],[134.393,-3.462],[134.369,-3.473],[134.345,-3.47],[134.288,-3.386],[134.253,-3.363],[134.248,-3.352],[134.262,-3.336],[134.261,-3.325],[134.232,-3.3],[134.229,-3.279],[134.209,-3.257],[134.223,-3.242],[134.198,-3.182],[134.197,-3.156],[134.208,-3.135],[134.197,-3.109],[134.204,-3.078],[134.223,-3.088],[134.232,-3.121],[134.256,-3.119],[134.263,-3.128],[134.288,-3.111],[134.284,-3.065],[134.307,-3.059],[134.314,-3.05],[134.312,-3.04],[134.335,-3.012],[134.332,-2.987],[134.348,-2.974],[134.359,-2.95],[134.325,-2.909],[134.33,-2.886],[134.317,-2.865],[134.324,-2.852],[134.308,-2.798],[134.314,-2.769],[134.29,-2.747],[134.274,-2.745],[134.258,-2.708],[134.259,-2.688],[134.267,-2.681],[134.248,-2.648],[134.264,-2.613],[134.245,-2.607],[134.226,-2.579],[134.202,-2.579],[134.191,-2.571],[134.178,-2.536],[134.171,-2.534],[134.166,-2.508],[134.158,-2.5],[134.139,-2.5],[134.124,-2.484],[134.119,-2.442],[134.104,-2.417],[134.104,-2.308],[134.089,-2.265],[134.092,-2.221],[134.082,-2.218],[134.077,-2.196],[134.084,-2.112],[134.069,-2.093],[134.066,-2.058],[134.057,-2.041],[134.064,-2.024],[134.054,-1.889],[134.043,-1.888],[134.033,-1.854],[134.008,-1.838],[134.04,-1.832],[134.051,-1.815],[134.078,-1.802],[134.102,-1.766],[134.096,-1.792],[134.102,-1.798],[134.102,-1.862],[134.123,-1.87],[134.143,-1.994],[134.128,-2.02],[134.131,-2.029],[134.119,-2.028],[134.119,-2.041],[134.115,-2.037],[134.105,-2.046],[134.104,-2.072],[134.115,-2.113],[134.117,-2.16],[134.122,-2.166],[134.124,-2.153],[134.136,-2.153],[134.144,-2.169],[134.144,-2.207],[134.133,-2.214],[134.142,-2.225],[134.137,-2.234],[134.152,-2.243],[134.154,-2.291],[134.174,-2.33],[134.176,-2.356],[134.189,-2.364],[134.196,-2.386],[134.203,-2.384],[134.199,-2.392],[134.216,-2.421],[134.236,-2.428],[134.24,-2.439],[134.247,-2.44],[134.253,-2.427],[134.261,-2.431],[134.265,-2.461],[134.274,-2.462],[134.275,-2.475],[134.29,-2.484],[134.29,-2.494],[134.297,-2.492],[134.298,-2.503],[134.312,-2.507],[134.32,-2.544],[134.34,-2.553],[134.333,-2.566],[134.338,-2.574],[134.333,-2.582],[134.32,-2.579],[134.319,-2.587],[134.335,-2.587],[134.36,-2.62],[134.354,-2.629],[134.364,-2.645],[134.375,-2.647],[134.366,-2.667],[134.379,-2.676],[134.398,-2.721],[134.406,-2.725],[134.406,-2.768],[134.422,-2.774],[134.44,-2.807],[134.448,-2.809],[134.443,-2.846],[134.459,-2.863],[134.488,-2.862],[134.52,-2.817],[134.524,-2.792],[134.506,-2.75],[134.511,-2.731],[134.497,-2.712],[134.497,-2.66],[134.475,-2.641],[134.476,-2.601],[134.462,-2.593],[134.46,-2.581],[134.473,-2.531],[134.498,-2.497],[134.516,-2.483],[134.553,-2.494],[134.547,-2.486],[134.552,-2.482],[134.569,-2.485],[134.558,-2.475],[134.519,-2.475],[134.518,-2.463],[134.552,-2.472],[134.534,-2.46],[134.533,-2.449],[134.567,-2.456],[134.571,-2.474],[134.599,-2.487],[134.619,-2.489],[134.632,-2.476],[134.629,-2.496],[134.641,-2.506],[134.651,-2.532],[134.661,-2.612],[134.654,-2.68],[134.661,-2.756]]],[[[134.223,-1.735],[134.24,-1.747],[134.238,-1.758],[134.221,-1.792],[134.21,-1.8],[134.205,-1.783],[134.196,-1.795],[134.201,-1.824],[134.208,-1.811],[134.216,-1.83],[134.195,-1.896],[134.176,-1.914],[134.167,-1.951],[134.154,-1.909],[134.136,-1.909],[134.15,-1.872],[134.148,-1.83],[134.179,-1.8],[134.203,-1.741],[134.22,-1.742],[134.223,-1.735]]]]}},{"type":"Feature","properties":{"kode":"15.08","nama":"Bungo","prov":"Jambi","kota":false},"geometry":{"type":"Polygon","coordinates":[[[101.932,-1.307],[101.936,-1.347],[101.956,-1.341],[101.992,-1.358],[102.004,-1.353],[102.043,-1.386],[102.04,-1.392],[102.079,-1.392],[102.093,-1.414],[102.122,-1.415],[102.139,-1.423],[102.146,-1.444],[102.182,-1.444],[102.183,-1.46],[102.211,-1.476],[102.228,-1.47],[102.251,-1.479],[102.264,-1.466],[102.291,-1.46],[102.291,-1.449],[102.329,-1.512],[102.314,-1.535],[102.314,-1.569],[102.477,-1.571],[102.481,-1.595],[102.489,-1.595],[102.489,-1.646],[102.513,-1.639],[102.513,-1.649],[102.456,-1.656],[102.462,-1.674],[102.452,-1.685],[102.445,-1.682],[102.431,-1.697],[102.426,-1.692],[102.406,-1.701],[102.375,-1.692],[102.362,-1.678],[102.344,-1.676],[102.324,-1.703],[102.304,-1.716],[102.293,-1.713],[102.283,-1.726],[102.194,-1.768],[102.184,-1.786],[102.168,-1.781],[102.134,-1.791],[102.143,-1.813],[102.13,-1.854],[102.111,-1.873],[102.086,-1.869],[102.058,-1.877],[102.035,-1.905],[102.01,-1.901],[101.995,-1.907],[101.977,-1.871],[101.947,-1.86],[101.921,-1.839],[101.883,-1.847],[101.829,-1.821],[101.788,-1.829],[101.734,-1.877],[101.675,-1.881],[101.661,-1.872],[101.629,-1.889],[101.445,-1.711],[101.438,-1.696],[101.477,-1.677],[101.486,-1.649],[101.523,-1.636],[101.567,-1.581],[101.588,-1.577],[101.619,-1.545],[101.623,-1.527],[101.642,-1.52],[101.642,-1.513],[101.656,-1.512],[101.656,-1.498],[101.68,-1.498],[101.691,-1.49],[101.704,-1.449],[101.719,-1.436],[101.694,-1.408],[101.695,-1.396],[101.728,-1.365],[101.718,-1.339],[101.697,-1.349],[101.675,-1.347],[101.674,-1.327],[101.689,-1.324],[101.693,-1.309],[101.692,-1.28],[101.718,-1.26],[101.727,-1.235],[101.817,-1.217],[101.874,-1.142],[101.893,-1.133],[101.888,-1.123],[101.91,-1.138],[101.918,-1.139],[101.923,-1.129],[101.944,-1.131],[101.942,-1.147],[101.96,-1.138],[101.967,-1.141],[101.962,-1.153],[101.972,-1.155],[101.963,-1.17],[101.944,-1.174],[101.957,-1.211],[101.965,-1.214],[101.962,-1.227],[101.929,-1.239],[101.92,-1.25],[101.921,-1.288],[101.932,-1.307]]]}},{"type":"Feature","properties":{"kode":"12.08","nama":"Simalungun","prov":"Sumatera Utara","kota":false},"geometry":{"type":"Polygon","coordinates":[[[99.566,3.079],[99.545,3.038],[99.497,3.002],[99.498,2.984],[99.474,2.962],[99.455,2.955],[99.446,2.932],[99.399,2.915],[99.371,2.883],[99.355,2.886],[99.349,2.896],[99.333,2.894],[99.266,2.861],[99.248,2.812],[99.21,2.786],[99.207,2.77],[99.126,2.713],[99.126,2.693],[99.079,2.662],[99.078,2.597],[99.042,2.634],[98.993,2.603],[98.975,2.602],[98.961,2.614],[98.958,2.646],[98.951,2.654],[98.895,2.663],[98.866,2.703],[98.838,2.715],[98.811,2.746],[98.738,2.792],[98.694,2.798],[98.645,2.789],[98.629,2.795],[98.581,2.825],[98.578,2.852],[98.563,2.885],[98.534,2.913],[98.56,3.025],[98.585,3.05],[98.582,3.071],[98.605,3.108],[98.623,3.105],[98.634,3.089],[98.634,3.065],[98.695,3.07],[98.695,3.041],[98.715,3.067],[98.714,3.107],[98.726,3.121],[98.732,3.145],[98.735,3.173],[98.727,3.177],[98.736,3.215],[98.753,3.209],[98.762,3.221],[98.774,3.214],[98.789,3.222],[98.84,3.222],[98.855,3.232],[98.864,3.256],[98.892,3.26],[98.913,3.275],[98.923,3.265],[98.965,3.287],[98.981,3.272],[98.94,3.222],[98.937,3.208],[99.008,3.208],[98.965,3.145],[98.973,3.131],[98.989,3.125],[98.978,3.119],[98.981,3.081],[98.927,3.016],[99.0,3.025],[99.01,3.048],[99.007,3.069],[99.034,3.092],[99.033,3.111],[99.077,3.134],[99.109,3.14],[99.131,3.157],[99.132,3.173],[99.151,3.167],[99.153,3.15],[99.197,3.179],[99.196,3.202],[99.207,3.225],[99.227,3.204],[99.227,3.228],[99.24,3.247],[99.236,3.256],[99.26,3.26],[99.265,3.279],[99.281,3.274],[99.301,3.283],[99.305,3.304],[99.345,3.288],[99.349,3.247],[99.357,3.247],[99.349,3.231],[99.36,3.219],[99.371,3.248],[99.384,3.258],[99.404,3.252],[99.37,3.151],[99.416,3.153],[99.45,3.134],[99.456,3.139],[99.481,3.131],[99.495,3.126],[99.497,3.115],[99.509,3.121],[99.517,3.116],[99.512,3.106],[99.522,3.103],[99.502,3.095],[99.529,3.084],[99.529,3.103],[99.551,3.1],[99.566,3.079]]]}},{"type":"Feature","properties":{"kode":"63.03","nama":"Banjar","prov":"Kalimantan Selatan","kota":false},"geometry":{"type":"Polygon","coordinates":[[[115.52,-3.028],[115.499,-3.044],[115.496,-3.059],[115.489,-3.058],[115.481,-3.076],[115.491,-3.086],[115.488,-3.096],[115.471,-3.113],[115.46,-3.109],[115.445,-3.123],[115.434,-3.119],[115.432,-3.137],[115.423,-3.144],[115.418,-3.182],[115.424,-3.202],[115.414,-3.213],[115.417,-3.227],[115.445,-3.227],[115.447,-3.241],[115.437,-3.26],[115.425,-3.26],[115.402,-3.237],[115.393,-3.25],[115.429,-3.296],[115.416,-3.316],[115.417,-3.336],[115.402,-3.342],[115.396,-3.364],[115.391,-3.437],[115.411,-3.451],[115.351,-3.504],[115.304,-3.517],[115.272,-3.557],[115.236,-3.578],[115.228,-3.597],[115.189,-3.607],[115.124,-3.64],[115.113,-3.638],[115.08,-3.682],[115.069,-3.68],[115.042,-3.702],[115.032,-3.702],[115.025,-3.693],[114.991,-3.702],[114.95,-3.726],[114.931,-3.729],[114.924,-3.722],[114.963,-3.637],[114.957,-3.626],[114.932,-3.623],[114.935,-3.613],[114.907,-3.562],[114.885,-3.557],[114.905,-3.532],[114.906,-3.497],[114.891,-3.472],[114.901,-3.475],[114.9,-3.449],[114.874,-3.439],[114.862,-3.445],[114.836,-3.425],[114.833,-3.431],[114.784,-3.421],[114.748,-3.391],[114.739,-3.39],[114.736,-3.398],[114.737,-3.384],[114.719,-3.377],[114.677,-3.454],[114.682,-3.518],[114.605,-3.535],[114.514,-3.543],[114.499,-3.519],[114.513,-3.513],[114.515,-3.502],[114.52,-3.433],[114.507,-3.388],[114.522,-3.363],[114.545,-3.374],[114.57,-3.367],[114.567,-3.374],[114.586,-3.382],[114.596,-3.367],[114.616,-3.368],[114.625,-3.351],[114.646,-3.344],[114.657,-3.348],[114.66,-3.336],[114.628,-3.312],[114.639,-3.276],[114.767,-3.227],[114.78,-3.231],[114.789,-3.22],[114.789,-3.203],[114.798,-3.21],[114.822,-3.2],[114.826,-3.165],[114.869,-3.137],[114.869,-3.064],[114.831,-3.095],[114.828,-3.015],[115.026,-3.134],[115.031,-3.145],[115.025,-3.163],[115.055,-3.172],[115.065,-3.168],[115.123,-3.196],[115.149,-3.185],[115.166,-3.188],[115.175,-3.163],[115.19,-3.163],[115.2,-3.175],[115.238,-3.167],[115.244,-3.156],[115.242,-3.136],[115.211,-3.125],[115.184,-3.131],[115.168,-3.115],[115.197,-3.086],[115.216,-3.047],[115.239,-3.048],[115.26,-3.029],[115.278,-2.998],[115.313,-2.982],[115.323,-2.969],[115.345,-2.965],[115.35,-2.982],[115.358,-2.984],[115.388,-2.979],[115.399,-2.996],[115.412,-2.982],[115.435,-2.977],[115.447,-2.957],[115.465,-2.941],[115.478,-2.94],[115.485,-2.917],[115.524,-2.872],[115.543,-2.834],[115.556,-2.831],[115.572,-2.852],[115.577,-2.884],[115.595,-2.889],[115.577,-2.931],[115.554,-2.945],[115.557,-2.985],[115.533,-2.98],[115.512,-3.008],[115.52,-3.028]]]}},{"type":"Feature","properties":{"kode":"73.08","nama":"Bone","prov":"Sulawesi Selatan","kota":false},"geometry":{"type":"Polygon","coordinates":[[[120.366,-4.223],[120.373,-4.232],[120.366,-4.3],[120.388,-4.313],[120.393,-4.334],[120.377,-4.367],[120.36,-4.371],[120.364,-4.379],[120.347,-4.404],[120.347,-4.425],[120.372,-4.446],[120.373,-4.458],[120.397,-4.469],[120.399,-4.491],[120.388,-4.49],[120.377,-4.512],[120.385,-4.527],[120.384,-4.561],[120.399,-4.606],[120.436,-4.627],[120.452,-4.657],[120.402,-4.705],[120.399,-4.74],[120.385,-4.768],[120.383,-4.837],[120.364,-4.844],[120.337,-4.84],[120.302,-4.881],[120.309,-4.915],[120.293,-4.923],[120.308,-4.94],[120.296,-4.947],[120.306,-5.002],[120.288,-5.041],[120.298,-5.045],[120.3,-5.055],[120.29,-5.071],[120.289,-5.114],[120.266,-5.102],[120.264,-5.116],[120.259,-5.115],[120.251,-5.096],[120.236,-5.089],[120.207,-5.1],[120.184,-5.071],[120.165,-5.078],[120.159,-5.063],[120.137,-5.057],[120.132,-5.045],[120.108,-5.069],[120.084,-5.075],[120.057,-5.127],[120.019,-5.13],[120.013,-5.122],[119.997,-5.131],[119.981,-5.124],[119.971,-5.139],[119.939,-5.129],[119.922,-5.133],[119.887,-5.093],[119.861,-5.09],[119.847,-5.046],[119.885,-4.999],[119.89,-4.973],[119.885,-4.963],[119.898,-4.933],[119.896,-4.921],[119.929,-4.894],[119.933,-4.875],[119.95,-4.859],[119.947,-4.844],[119.937,-4.843],[119.945,-4.808],[119.972,-4.779],[119.885,-4.718],[119.867,-4.744],[119.844,-4.743],[119.821,-4.765],[119.813,-4.762],[119.807,-4.808],[119.784,-4.806],[119.766,-4.824],[119.761,-4.806],[119.74,-4.804],[119.721,-4.822],[119.698,-4.799],[119.696,-4.788],[119.723,-4.788],[119.73,-4.801],[119.749,-4.798],[119.759,-4.788],[119.755,-4.775],[119.773,-4.754],[119.788,-4.753],[119.801,-4.763],[119.823,-4.742],[119.825,-4.717],[119.815,-4.706],[119.787,-4.688],[119.763,-4.686],[119.76,-4.625],[119.8,-4.592],[119.799,-4.565],[119.808,-4.554],[119.808,-4.537],[119.82,-4.531],[119.827,-4.54],[119.854,-4.541],[119.859,-4.527],[119.895,-4.532],[119.903,-4.526],[119.898,-4.517],[119.906,-4.516],[119.929,-4.53],[119.978,-4.539],[119.994,-4.521],[120.014,-4.527],[120.046,-4.517],[120.058,-4.499],[120.066,-4.435],[120.05,-4.397],[120.086,-4.407],[120.095,-4.394],[120.092,-4.332],[120.061,-4.321],[120.074,-4.298],[120.07,-4.27],[120.094,-4.243],[120.11,-4.245],[120.125,-4.226],[120.137,-4.223],[120.173,-4.226],[120.193,-4.237],[120.225,-4.235],[120.239,-4.269],[120.264,-4.273],[120.293,-4.243],[120.304,-4.248],[120.318,-4.239],[120.338,-4.24],[120.35,-4.227],[120.366,-4.223]]]}},{"type":"Feature","properties":{"kode":"18.02","nama":"Lampung Tengah","prov":"Lampung","kota":false},"geometry":{"type":"Polygon","coordinates":[[[105.817,-4.65],[105.813,-4.677],[105.821,-4.699],[105.819,-4.707],[105.81,-4.706],[105.805,-4.724],[105.815,-4.743],[105.811,-4.752],[105.794,-4.754],[105.784,-4.74],[105.748,-4.731],[105.736,-4.746],[105.721,-4.735],[105.683,-4.746],[105.678,-4.782],[105.664,-4.783],[105.649,-4.796],[105.653,-4.813],[105.635,-4.832],[105.638,-4.851],[105.624,-4.86],[105.605,-4.852],[105.591,-4.882],[105.553,-4.878],[105.55,-4.898],[105.537,-4.89],[105.494,-4.899],[105.478,-4.888],[105.446,-4.901],[105.436,-4.885],[105.401,-4.916],[105.411,-4.962],[105.388,-4.959],[105.38,-4.967],[105.367,-4.955],[105.36,-4.966],[105.346,-4.964],[105.321,-5.005],[105.338,-5.012],[105.346,-5.004],[105.363,-5.011],[105.365,-5.019],[105.358,-5.022],[105.366,-5.026],[105.302,-5.062],[105.269,-5.096],[105.269,-5.102],[105.29,-5.108],[105.268,-5.153],[105.287,-5.171],[105.275,-5.179],[105.224,-5.169],[105.227,-5.154],[105.191,-5.122],[105.166,-5.135],[105.148,-5.13],[105.138,-5.164],[105.113,-5.157],[105.1,-5.161],[105.093,-5.151],[105.103,-5.139],[105.083,-5.142],[105.083,-5.119],[105.072,-5.134],[105.077,-5.15],[105.066,-5.152],[105.041,-5.185],[105.058,-5.195],[105.043,-5.214],[104.922,-5.266],[104.91,-5.247],[104.888,-5.245],[104.872,-5.233],[104.861,-5.202],[104.843,-5.205],[104.822,-5.196],[104.812,-5.173],[104.795,-5.165],[104.788,-5.145],[104.759,-5.133],[104.751,-5.118],[104.721,-5.125],[104.701,-5.155],[104.679,-5.155],[104.652,-5.133],[104.608,-5.138],[104.594,-5.132],[104.548,-5.094],[104.566,-5.092],[104.574,-5.074],[104.591,-5.069],[104.628,-5.089],[104.658,-5.079],[104.687,-5.082],[104.698,-5.064],[104.713,-5.069],[104.729,-5.051],[104.767,-5.036],[104.8,-4.985],[104.813,-4.98],[104.838,-4.975],[104.865,-4.981],[104.863,-4.987],[104.901,-4.986],[104.908,-4.976],[104.904,-4.958],[104.932,-4.92],[104.964,-4.913],[104.968,-4.922],[104.983,-4.924],[105.01,-4.915],[104.995,-4.938],[104.996,-4.949],[105.025,-4.965],[105.039,-4.96],[105.055,-4.925],[105.058,-4.874],[105.121,-4.763],[105.12,-4.742],[105.143,-4.701],[105.145,-4.677],[105.161,-4.673],[105.179,-4.642],[105.172,-4.61],[105.18,-4.6],[105.199,-4.603],[105.196,-4.594],[105.216,-4.601],[105.212,-4.635],[105.24,-4.641],[105.262,-4.635],[105.266,-4.623],[105.297,-4.613],[105.312,-4.58],[105.328,-4.573],[105.347,-4.549],[105.353,-4.551],[105.354,-4.539],[105.382,-4.517],[105.402,-4.512],[105.412,-4.519],[105.419,-4.508],[105.446,-4.502],[105.452,-4.493],[105.478,-4.497],[105.493,-4.484],[105.497,-4.495],[105.51,-4.492],[105.535,-4.509],[105.534,-4.52],[105.561,-4.517],[105.573,-4.521],[105.577,-4.535],[105.584,-4.532],[105.587,-4.516],[105.597,-4.514],[105.602,-4.522],[105.62,-4.518],[105.633,-4.482],[105.646,-4.486],[105.641,-4.5],[105.647,-4.509],[105.669,-4.501],[105.68,-4.485],[105.697,-4.495],[105.694,-4.513],[105.706,-4.518],[105.713,-4.531],[105.738,-4.535],[105.749,-4.521],[105.76,-4.532],[105.774,-4.533],[105.771,-4.553],[105.782,-4.556],[105.791,-4.55],[105.799,-4.56],[105.794,-4.581],[105.805,-4.586],[105.786,-4.596],[105.779,-4.623],[105.803,-4.653],[105.817,-4.65]]]}},{"type":"Feature","properties":{"kode":"81.08","nama":"Maluku Barat Daya","prov":"Maluku","kota":false},"geometry":{"type":"MultiPolygon","coordinates":[[[[128.194,-8.202],[128.221,-8.21],[128.234,-8.271],[128.2,-8.279],[128.149,-8.278],[128.079,-8.257],[128.093,-8.223],[128.092,-8.207],[128.153,-8.215],[128.194,-8.202]]],[[[128.871,-8.182],[128.965,-8.185],[128.996,-8.207],[129.029,-8.217],[129.031,-8.242],[129.009,-8.261],[128.951,-8.225],[128.932,-8.23],[128.939,-8.245],[128.906,-8.242],[128.872,-8.232],[128.826,-8.203],[128.836,-8.191],[128.871,-8.182]]],[[[127.693,-8.154],[127.746,-8.177],[127.755,-8.191],[127.751,-8.206],[127.728,-8.218],[127.718,-8.212],[127.66,-8.238],[127.635,-8.238],[127.632,-8.226],[127.603,-8.217],[127.605,-8.207],[127.631,-8.194],[127.649,-8.174],[127.693,-8.154]]],[[[127.79,-8.105],[127.927,-8.129],[127.947,-8.146],[127.995,-8.14],[128.035,-8.148],[128.102,-8.139],[128.126,-8.153],[128.127,-8.163],[128.077,-8.192],[128.07,-8.215],[128.054,-8.226],[128.043,-8.26],[128.006,-8.258],[127.96,-8.247],[127.943,-8.22],[127.864,-8.215],[127.802,-8.191],[127.789,-8.176],[127.786,-8.14],[127.762,-8.115],[127.766,-8.108],[127.79,-8.105]]],[[[129.925,-8.1],[129.915,-8.131],[129.884,-8.145],[129.855,-8.193],[129.827,-8.214],[129.814,-8.21],[129.848,-8.142],[129.876,-8.121],[129.897,-8.116],[129.918,-8.092],[129.925,-8.1]]],[[[127.16,-8.017],[127.199,-8.013],[127.215,-8.034],[127.216,-8.075],[127.233,-8.092],[127.228,-8.105],[127.173,-8.107],[127.143,-8.097],[127.149,-8.082],[127.138,-8.035],[127.16,-8.017]]],[[[125.733,-7.966],[125.762,-7.998],[125.764,-8.015],[125.738,-8.059],[125.725,-7.982],[125.733,-7.966]]],[[[129.534,-7.86],[129.547,-7.864],[129.551,-7.889],[129.565,-7.894],[129.57,-7.909],[129.544,-7.951],[129.525,-7.943],[129.515,-7.923],[129.517,-7.883],[129.526,-7.869],[129.512,-7.851],[129.515,-7.843],[129.527,-7.847],[129.534,-7.86]]],[[[129.679,-7.787],[129.732,-7.796],[129.777,-7.814],[129.819,-7.817],[129.857,-7.844],[129.841,-7.857],[129.842,-7.872],[129.846,-7.89],[129.868,-7.906],[129.852,-7.94],[129.828,-7.961],[129.793,-8.043],[129.753,-8.055],[129.706,-8.039],[129.674,-8.011],[129.65,-7.968],[129.63,-7.959],[129.606,-7.93],[129.603,-7.912],[129.583,-7.9],[129.594,-7.867],[129.589,-7.848],[129.597,-7.823],[129.621,-7.802],[129.679,-7.787]]],[[[130.069,-7.753],[130.093,-7.762],[130.088,-7.786],[130.079,-7.789],[130.059,-7.767],[130.033,-7.769],[130.04,-7.754],[130.069,-7.753]]],[[[126.626,-7.557],[126.637,-7.564],[126.632,-7.591],[126.639,-7.605],[126.689,-7.624],[126.693,-7.638],[126.713,-7.645],[126.72,-7.665],[126.808,-7.655],[126.816,-7.661],[126.808,-7.677],[126.832,-7.702],[126.843,-7.734],[126.817,-7.755],[126.803,-7.742],[126.695,-7.751],[126.659,-7.778],[126.622,-7.783],[126.596,-7.805],[126.562,-7.815],[126.549,-7.824],[126.537,-7.852],[126.521,-7.859],[126.498,-7.909],[126.503,-7.918],[126.487,-7.953],[126.467,-7.975],[126.423,-7.932],[126.367,-7.934],[126.332,-7.915],[126.225,-7.928],[126.178,-7.925],[126.15,-7.899],[126.128,-7.891],[126.105,-7.894],[126.071,-7.888],[126.012,-7.902],[125.979,-7.92],[125.953,-7.914],[125.926,-7.942],[125.886,-7.952],[125.87,-7.977],[125.82,-7.994],[125.806,-8.015],[125.789,-8.008],[125.792,-7.99],[125.819,-7.959],[125.827,-7.916],[125.808,-7.859],[125.817,-7.852],[125.825,-7.856],[125.837,-7.837],[125.871,-7.815],[125.876,-7.798],[125.859,-7.783],[125.863,-7.767],[125.915,-7.745],[125.911,-7.736],[125.947,-7.662],[125.972,-7.653],[125.984,-7.657],[126.001,-7.681],[126.013,-7.673],[126.033,-7.698],[126.053,-7.694],[126.067,-7.706],[126.088,-7.703],[126.146,-7.725],[126.186,-7.727],[126.234,-7.689],[126.323,-7.695],[126.334,-7.682],[126.369,-7.665],[126.379,-7.64],[126.398,-7.637],[126.406,-7.624],[126.419,-7.634],[126.438,-7.632],[126.471,-7.589],[126.499,-7.589],[126.536,-7.572],[126.595,-7.573],[126.626,-7.557]]],[[[129.674,-7.527],[129.691,-7.552],[129.725,-7.551],[129.717,-7.572],[129.692,-7.573],[129.662,-7.555],[129.667,-7.528],[129.674,-7.527]]],[[[127.387,-7.493],[127.381,-7.508],[127.395,-7.51],[127.41,-7.498],[127.412,-7.511],[127.43,-7.512],[127.456,-7.528],[127.468,-7.517],[127.487,-7.523],[127.482,-7.576],[127.47,-7.589],[127.439,-7.6],[127.411,-7.6],[127.4,-7.636],[127.386,-7.649],[127.367,-7.655],[127.34,-7.649],[127.323,-7.627],[127.324,-7.613],[127.341,-7.595],[127.371,-7.585],[127.36,-7.569],[127.355,-7.529],[127.365,-7.501],[127.387,-7.493]]],[[[128.612,-7.063],[128.642,-7.078],[128.657,-7.098],[128.679,-7.096],[128.7,-7.107],[128.699,-7.126],[128.687,-7.138],[128.672,-7.144],[128.657,-7.138],[128.655,-7.146],[128.674,-7.166],[128.689,-7.165],[128.657,-7.201],[128.651,-7.216],[128.626,-7.214],[128.558,-7.16],[128.543,-7.162],[128.525,-7.144],[128.543,-7.105],[128.572,-7.09],[128.586,-7.072],[128.612,-7.063]]]]}},{"type":"Feature","properties":{"kode":"17.03","nama":"Bengkulu Utara","prov":"Bengkulu","kota":false},"geometry":{"type":"MultiPolygon","coordinates":[[[[102.146,-5.284],[102.215,-5.317],[102.25,-5.325],[102.285,-5.357],[102.327,-5.362],[102.381,-5.386],[102.388,-5.413],[102.374,-5.426],[102.367,-5.457],[102.348,-5.451],[102.339,-5.458],[102.375,-5.486],[102.359,-5.506],[102.318,-5.49],[102.313,-5.476],[102.304,-5.487],[102.281,-5.477],[102.27,-5.488],[102.275,-5.513],[102.265,-5.511],[102.248,-5.497],[102.252,-5.479],[102.244,-5.464],[102.227,-5.459],[102.203,-5.417],[102.188,-5.42],[102.168,-5.41],[102.162,-5.394],[102.089,-5.358],[102.086,-5.34],[102.094,-5.325],[102.135,-5.314],[102.135,-5.295],[102.146,-5.284]]],[[[101.919,-2.736],[101.926,-2.77],[101.941,-2.782],[101.968,-2.826],[101.99,-2.844],[102.0,-2.84],[102.018,-2.854],[102.042,-2.984],[102.078,-3.0],[102.101,-3.022],[102.105,-3.039],[102.137,-3.066],[102.144,-3.113],[102.133,-3.128],[102.137,-3.144],[102.127,-3.17],[102.147,-3.207],[102.166,-3.224],[102.191,-3.221],[102.236,-3.241],[102.251,-3.264],[102.291,-3.284],[102.296,-3.324],[102.276,-3.343],[102.271,-3.366],[102.374,-3.381],[102.369,-3.404],[102.39,-3.414],[102.417,-3.474],[102.39,-3.496],[102.369,-3.495],[102.33,-3.53],[102.26,-3.551],[102.258,-3.605],[102.243,-3.608],[102.244,-3.584],[102.233,-3.562],[102.21,-3.577],[102.199,-3.593],[102.211,-3.606],[102.207,-3.626],[102.215,-3.636],[102.2,-3.647],[102.095,-3.563],[101.93,-3.479],[101.907,-3.434],[101.796,-3.371],[101.622,-3.245],[101.532,-3.129],[101.574,-3.111],[101.582,-3.116],[101.588,-3.103],[101.61,-3.106],[101.621,-3.083],[101.635,-3.074],[101.676,-3.071],[101.693,-3.062],[101.7,-3.045],[101.724,-3.038],[101.761,-2.982],[101.788,-2.986],[101.784,-2.938],[101.801,-2.935],[101.811,-2.92],[101.807,-2.884],[101.837,-2.847],[101.866,-2.789],[101.86,-2.731],[101.906,-2.74],[101.919,-2.736]]]]}},{"type":"Feature","properties":{"kode":"11.04","nama":"Aceh Tengah","prov":"Aceh","kota":false},"geometry":{"type":"Polygon","coordinates":[[[97.312,4.605],[97.317,4.549],[97.296,4.527],[97.278,4.521],[97.289,4.501],[97.313,4.508],[97.343,4.5],[97.346,4.444],[97.368,4.382],[97.349,4.25],[97.359,4.214],[97.242,4.174],[97.216,4.236],[97.162,4.277],[97.107,4.235],[97.083,4.232],[97.015,4.205],[97.002,4.176],[96.973,4.2],[96.93,4.2],[96.888,4.221],[96.837,4.282],[96.794,4.28],[96.758,4.295],[96.715,4.331],[96.719,4.354],[96.675,4.37],[96.672,4.382],[96.682,4.393],[96.628,4.406],[96.654,4.449],[96.689,4.47],[96.659,4.502],[96.622,4.514],[96.611,4.499],[96.607,4.503],[96.606,4.514],[96.619,4.531],[96.656,4.53],[96.646,4.557],[96.577,4.575],[96.503,4.632],[96.492,4.625],[96.484,4.631],[96.451,4.622],[96.406,4.67],[96.382,4.676],[96.362,4.67],[96.257,4.707],[96.282,4.78],[96.307,4.763],[96.328,4.769],[96.399,4.76],[96.472,4.763],[96.477,4.845],[96.467,4.847],[96.458,4.863],[96.468,4.872],[96.47,4.894],[96.493,4.89],[96.551,4.941],[96.573,4.948],[96.598,4.939],[96.617,4.956],[96.659,4.954],[96.674,4.951],[96.672,4.938],[96.691,4.891],[96.691,4.838],[96.708,4.819],[96.7,4.801],[96.701,4.779],[96.685,4.766],[96.684,4.756],[96.703,4.745],[96.711,4.753],[96.747,4.713],[96.787,4.713],[96.799,4.69],[96.803,4.694],[96.809,4.673],[96.822,4.687],[96.825,4.668],[96.87,4.67],[96.88,4.662],[96.92,4.654],[97.021,4.644],[97.046,4.606],[97.147,4.579],[97.17,4.578],[97.234,4.604],[97.312,4.605]]]}},{"type":"Feature","properties":{"kode":"94.06","nama":"Dogiyai","prov":"Papua Tengah","kota":false},"geometry":{"type":"Polygon","coordinates":[[[135.043,-3.784],[135.275,-3.839],[135.285,-3.824],[135.299,-3.825],[135.298,-3.813],[135.314,-3.819],[135.305,-3.86],[135.362,-3.863],[135.385,-3.883],[135.417,-3.893],[135.422,-3.877],[135.445,-3.865],[135.457,-3.878],[135.495,-3.889],[135.53,-3.932],[135.553,-3.931],[135.569,-3.947],[135.583,-3.927],[135.624,-3.933],[135.65,-3.921],[135.676,-3.903],[135.684,-3.883],[135.696,-3.879],[135.705,-3.89],[135.768,-3.91],[135.803,-3.91],[135.85,-3.892],[135.905,-3.897],[135.918,-3.909],[135.955,-3.915],[135.969,-3.893],[136.01,-3.904],[136.041,-3.854],[136.06,-3.886],[136.081,-3.892],[136.103,-3.911],[136.119,-3.904],[136.126,-3.891],[136.122,-3.872],[136.126,-3.857],[136.129,-3.906],[136.146,-3.949],[136.168,-3.962],[136.195,-3.95],[136.208,-3.958],[136.189,-3.972],[136.192,-3.982],[136.181,-3.998],[136.179,-4.027],[136.167,-4.027],[136.16,-4.046],[136.136,-4.052],[136.107,-4.046],[136.09,-4.059],[136.086,-4.077],[136.105,-4.091],[136.075,-4.132],[136.083,-4.156],[136.047,-4.184],[136.041,-4.214],[136.024,-4.211],[136.01,-4.225],[136.018,-4.241],[136.003,-4.281],[135.903,-4.281],[135.821,-4.298],[135.805,-4.283],[135.756,-4.282],[135.722,-4.261],[135.71,-4.266],[135.709,-4.242],[135.697,-4.231],[135.686,-4.198],[135.675,-4.194],[135.671,-4.203],[135.637,-4.215],[135.619,-4.233],[135.599,-4.206],[135.581,-4.218],[135.503,-4.203],[135.486,-4.215],[135.477,-4.243],[135.459,-4.251],[135.427,-4.248],[135.395,-4.231],[135.394,-4.217],[135.366,-4.197],[135.353,-4.193],[135.345,-4.201],[135.328,-4.193],[135.305,-4.205],[135.302,-4.19],[135.276,-4.167],[135.246,-4.179],[135.221,-4.172],[135.198,-4.176],[135.184,-4.195],[135.158,-4.176],[135.13,-4.171],[135.138,-4.139],[135.12,-4.131],[135.12,-4.12],[135.151,-4.089],[135.148,-4.077],[135.098,-4.084],[135.09,-4.082],[135.084,-4.057],[135.088,-4.051],[135.126,-4.06],[135.149,-4.051],[135.149,-4.016],[135.115,-4.011],[135.106,-3.998],[135.087,-4.001],[135.065,-3.986],[135.058,-3.997],[135.052,-3.991],[135.048,-4.003],[135.033,-4.003],[135.057,-3.971],[135.093,-3.966],[135.099,-3.952],[135.089,-3.942],[135.097,-3.922],[135.087,-3.923],[135.093,-3.915],[135.063,-3.888],[135.06,-3.87],[135.033,-3.881],[135.033,-3.868],[135.021,-3.856],[135.029,-3.849],[135.027,-3.832],[135.045,-3.809],[135.043,-3.784]]]}},{"type":"Feature","properties":{"kode":"72.06","nama":"Morowali","prov":"Sulawesi Tengah","kota":false},"geometry":{"type":"MultiPolygon","coordinates":[[[[123.15,-3.556],[123.16,-3.559],[123.18,-3.6],[123.177,-3.62],[123.122,-3.612],[123.12,-3.635],[123.107,-3.639],[123.072,-3.623],[123.043,-3.594],[123.073,-3.576],[123.128,-3.567],[123.15,-3.556]]],[[[122.311,-3.273],[122.296,-3.226],[122.31,-3.222],[122.302,-3.212],[122.316,-3.203],[122.312,-3.19],[122.319,-3.174],[122.29,-3.149],[122.257,-3.14],[122.254,-3.124],[122.265,-3.101],[122.244,-3.093],[122.225,-3.102],[122.205,-3.096],[122.193,-3.084],[122.19,-3.067],[122.151,-3.039],[122.126,-3.083],[122.067,-3.089],[122.068,-3.082],[122.035,-3.072],[122.039,-3.052],[121.979,-3.042],[121.951,-3.048],[121.938,-3.027],[121.887,-3.011],[121.866,-2.968],[121.826,-2.97],[121.796,-2.947],[121.772,-2.944],[121.757,-2.926],[121.737,-2.925],[121.727,-2.916],[121.696,-2.92],[121.683,-2.903],[121.67,-2.9],[121.688,-2.889],[121.685,-2.869],[121.671,-2.871],[121.668,-2.858],[121.659,-2.859],[121.651,-2.849],[121.674,-2.838],[121.678,-2.82],[121.707,-2.807],[121.717,-2.777],[121.715,-2.753],[121.748,-2.718],[121.735,-2.699],[121.751,-2.679],[121.773,-2.683],[121.784,-2.642],[121.748,-2.607],[121.72,-2.604],[121.697,-2.581],[121.674,-2.542],[121.673,-2.52],[121.63,-2.506],[121.621,-2.535],[121.585,-2.528],[121.57,-2.491],[121.498,-2.446],[121.469,-2.415],[121.451,-2.418],[121.442,-2.405],[121.438,-2.395],[121.448,-2.389],[121.467,-2.314],[121.459,-2.302],[121.475,-2.29],[121.479,-2.262],[121.493,-2.252],[121.486,-2.22],[121.491,-2.21],[121.479,-2.201],[121.486,-2.179],[121.501,-2.181],[121.544,-2.15],[121.551,-2.168],[121.57,-2.177],[121.644,-2.188],[121.671,-2.185],[121.68,-2.175],[121.689,-2.188],[121.704,-2.189],[121.726,-2.202],[121.73,-2.215],[121.759,-2.251],[121.772,-2.255],[121.794,-2.287],[121.825,-2.294],[121.841,-2.348],[121.855,-2.354],[121.877,-2.406],[121.905,-2.43],[121.968,-2.529],[121.989,-2.601],[122.004,-2.622],[122.001,-2.628],[122.036,-2.66],[122.031,-2.674],[122.02,-2.669],[122.009,-2.676],[122.011,-2.72],[122.028,-2.724],[122.06,-2.75],[122.088,-2.79],[122.14,-2.789],[122.168,-2.821],[122.184,-2.824],[122.192,-2.844],[122.185,-2.874],[122.205,-2.884],[122.208,-2.9],[122.223,-2.9],[122.224,-2.89],[122.25,-2.878],[122.254,-2.887],[122.293,-2.892],[122.314,-2.91],[122.321,-2.921],[122.307,-2.957],[122.279,-2.999],[122.254,-3.011],[122.252,-3.027],[122.336,-3.087],[122.373,-3.14],[122.383,-3.146],[122.427,-3.127],[122.426,-3.134],[122.443,-3.142],[122.444,-3.16],[122.459,-3.164],[122.465,-3.15],[122.466,-3.16],[122.486,-3.18],[122.471,-3.189],[122.428,-3.193],[122.423,-3.204],[122.433,-3.241],[122.423,-3.247],[122.433,-3.258],[122.433,-3.273],[122.426,-3.28],[122.401,-3.24],[122.385,-3.256],[122.374,-3.254],[122.374,-3.247],[122.359,-3.255],[122.369,-3.226],[122.348,-3.237],[122.342,-3.231],[122.325,-3.235],[122.311,-3.273]]]]}},{"type":"Feature","properties":{"kode":"16.09","nama":"Ogan Komering Ulu Selatan","prov":"Sumatera Selatan","kota":false},"geometry":{"type":"Polygon","coordinates":[[[104.151,-4.406],[104.196,-4.439],[104.212,-4.442],[104.224,-4.491],[104.244,-4.512],[104.248,-4.53],[104.277,-4.579],[104.281,-4.625],[104.299,-4.644],[104.288,-4.698],[104.29,-4.704],[104.307,-4.705],[104.304,-4.765],[104.341,-4.823],[104.364,-4.822],[104.36,-4.842],[104.335,-4.872],[104.287,-4.856],[104.254,-4.883],[104.234,-4.881],[104.22,-4.86],[104.191,-4.863],[104.191,-4.879],[104.174,-4.906],[104.144,-4.923],[104.093,-4.918],[104.071,-4.908],[104.062,-4.886],[104.049,-4.902],[104.014,-4.908],[104.006,-4.902],[103.997,-4.911],[103.989,-4.906],[103.975,-4.913],[103.962,-4.91],[103.936,-4.885],[103.846,-4.919],[103.865,-4.883],[103.87,-4.856],[103.845,-4.823],[103.825,-4.823],[103.826,-4.802],[103.799,-4.791],[103.797,-4.781],[103.762,-4.742],[103.734,-4.744],[103.704,-4.724],[103.668,-4.729],[103.705,-4.704],[103.701,-4.663],[103.686,-4.646],[103.687,-4.636],[103.668,-4.624],[103.661,-4.61],[103.624,-4.594],[103.602,-4.597],[103.63,-4.557],[103.62,-4.531],[103.577,-4.525],[103.529,-4.571],[103.487,-4.578],[103.428,-4.522],[103.421,-4.506],[103.407,-4.501],[103.413,-4.466],[103.42,-4.467],[103.426,-4.456],[103.431,-4.414],[103.425,-4.407],[103.468,-4.355],[103.508,-4.363],[103.518,-4.377],[103.58,-4.353],[103.602,-4.363],[103.626,-4.273],[103.706,-4.276],[103.734,-4.251],[103.762,-4.247],[103.791,-4.228],[103.796,-4.237],[103.837,-4.238],[103.838,-4.248],[103.85,-4.249],[103.867,-4.27],[103.87,-4.285],[103.89,-4.286],[103.889,-4.303],[103.91,-4.335],[103.942,-4.352],[103.956,-4.381],[103.951,-4.397],[103.959,-4.399],[103.976,-4.457],[104.006,-4.463],[104.013,-4.448],[104.046,-4.458],[104.151,-4.406]]]}},{"type":"Feature","properties":{"kode":"81.03","nama":"Kepulauan Tanimbar","prov":"Maluku","kota":false},"geometry":{"type":"MultiPolygon","coordinates":[[[[131.034,-8.078],[131.043,-8.093],[131.081,-8.111],[131.087,-8.128],[131.066,-8.162],[131.11,-8.136],[131.126,-8.117],[131.166,-8.119],[131.166,-8.134],[131.14,-8.161],[131.088,-8.182],[131.053,-8.207],[131.023,-8.21],[130.989,-8.235],[130.924,-8.23],[130.887,-8.246],[130.883,-8.263],[130.893,-8.265],[130.898,-8.287],[130.827,-8.321],[130.817,-8.341],[130.756,-8.34],[130.798,-8.298],[130.8,-8.281],[130.824,-8.254],[130.83,-8.256],[130.872,-8.22],[130.909,-8.22],[130.923,-8.212],[130.929,-8.199],[130.913,-8.155],[130.924,-8.134],[130.937,-8.126],[130.945,-8.141],[130.974,-8.137],[130.986,-8.149],[130.998,-8.144],[131.001,-8.13],[130.986,-8.128],[130.985,-8.116],[131.016,-8.08],[131.034,-8.078]]],[[[131.097,-7.635],[131.124,-7.64],[131.101,-7.696],[131.08,-7.707],[131.054,-7.704],[131.059,-7.694],[131.049,-7.683],[131.034,-7.689],[131.036,-7.697],[131.026,-7.706],[131.041,-7.724],[131.001,-7.729],[130.99,-7.741],[130.967,-7.741],[130.962,-7.692],[130.97,-7.681],[131.011,-7.675],[131.044,-7.656],[131.047,-7.663],[131.062,-7.648],[131.093,-7.644],[131.097,-7.635]]],[[[130.855,-7.495],[130.882,-7.513],[130.937,-7.526],[130.955,-7.525],[130.966,-7.509],[130.982,-7.51],[130.986,-7.517],[130.973,-7.515],[130.977,-7.527],[130.954,-7.542],[130.982,-7.562],[130.972,-7.566],[130.945,-7.55],[130.927,-7.57],[130.894,-7.578],[130.844,-7.562],[130.833,-7.555],[130.84,-7.5],[130.855,-7.495]]],[[[131.137,-7.447],[131.133,-7.468],[131.121,-7.465],[131.117,-7.477],[131.106,-7.475],[131.096,-7.488],[131.087,-7.482],[131.087,-7.493],[131.06,-7.524],[131.037,-7.516],[131.04,-7.505],[131.061,-7.5],[131.059,-7.484],[131.028,-7.502],[131.001,-7.504],[130.969,-7.49],[130.971,-7.458],[130.989,-7.43],[131.013,-7.422],[131.088,-7.422],[131.162,-7.405],[131.17,-7.423],[131.137,-7.447]]],[[[131.257,-7.303],[131.274,-7.329],[131.287,-7.335],[131.292,-7.326],[131.302,-7.338],[131.279,-7.342],[131.262,-7.357],[131.262,-7.367],[131.274,-7.374],[131.27,-7.38],[131.208,-7.359],[131.212,-7.351],[131.227,-7.35],[131.226,-7.331],[131.239,-7.34],[131.246,-7.322],[131.24,-7.315],[131.257,-7.303]]],[[[131.487,-7.163],[131.489,-7.209],[131.467,-7.21],[131.453,-7.202],[131.471,-7.184],[131.475,-7.168],[131.487,-7.163]]],[[[131.654,-7.118],[131.66,-7.147],[131.639,-7.17],[131.64,-7.177],[131.681,-7.173],[131.675,-7.158],[131.68,-7.152],[131.708,-7.144],[131.71,-7.153],[131.691,-7.158],[131.692,-7.164],[131.719,-7.165],[131.718,-7.188],[131.747,-7.21],[131.739,-7.224],[131.712,-7.232],[131.679,-7.234],[131.671,-7.224],[131.652,-7.231],[131.649,-7.25],[131.633,-7.253],[131.637,-7.304],[131.658,-7.336],[131.651,-7.352],[131.66,-7.355],[131.658,-7.367],[131.677,-7.368],[131.682,-7.379],[131.677,-7.392],[131.661,-7.389],[131.649,-7.394],[131.646,-7.404],[131.663,-7.405],[131.66,-7.432],[131.67,-7.425],[131.67,-7.437],[131.701,-7.419],[131.706,-7.428],[131.668,-7.452],[131.676,-7.463],[131.668,-7.482],[131.671,-7.497],[131.649,-7.505],[131.665,-7.511],[131.659,-7.55],[131.647,-7.558],[131.649,-7.569],[131.63,-7.606],[131.632,-7.622],[131.62,-7.649],[131.612,-7.652],[131.6,-7.644],[131.599,-7.654],[131.584,-7.663],[131.554,-7.723],[131.508,-7.733],[131.487,-7.729],[131.479,-7.746],[131.485,-7.752],[131.48,-7.782],[131.465,-7.78],[131.464,-7.773],[131.452,-7.777],[131.461,-7.811],[131.431,-7.815],[131.416,-7.839],[131.393,-7.842],[131.363,-7.87],[131.361,-7.888],[131.38,-7.896],[131.363,-7.912],[131.344,-7.907],[131.327,-7.934],[131.331,-7.941],[131.355,-7.933],[131.343,-7.952],[131.332,-7.954],[131.342,-7.991],[131.324,-7.996],[131.301,-8.023],[131.286,-8.003],[131.307,-7.962],[131.305,-7.947],[131.292,-7.937],[131.295,-7.927],[131.285,-7.924],[131.27,-7.945],[131.272,-7.961],[131.23,-8.007],[131.184,-7.994],[131.142,-8.002],[131.103,-7.996],[131.108,-7.981],[131.102,-7.967],[131.121,-7.912],[131.104,-7.89],[131.106,-7.873],[131.097,-7.875],[131.096,-7.892],[131.086,-7.885],[131.079,-7.875],[131.082,-7.848],[131.11,-7.823],[131.122,-7.836],[131.138,-7.837],[131.148,-7.81],[131.131,-7.793],[131.119,-7.799],[131.112,-7.783],[131.135,-7.777],[131.133,-7.76],[131.142,-7.76],[131.146,-7.744],[131.127,-7.747],[131.118,-7.758],[131.125,-7.736],[131.117,-7.723],[131.11,-7.74],[131.106,-7.707],[131.123,-7.682],[131.131,-7.682],[131.177,-7.725],[131.231,-7.72],[131.245,-7.73],[131.247,-7.721],[131.24,-7.725],[131.238,-7.712],[131.212,-7.702],[131.185,-7.705],[131.175,-7.678],[131.156,-7.672],[131.176,-7.655],[131.185,-7.59],[131.216,-7.545],[131.237,-7.477],[131.25,-7.471],[131.26,-7.454],[131.279,-7.456],[131.275,-7.449],[131.289,-7.438],[131.302,-7.435],[131.302,-7.441],[131.313,-7.422],[131.327,-7.42],[131.329,-7.443],[131.342,-7.445],[131.353,-7.43],[131.348,-7.42],[131.358,-7.402],[131.371,-7.404],[131.383,-7.393],[131.367,-7.368],[131.381,-7.373],[131.38,-7.362],[131.391,-7.357],[131.38,-7.354],[131.404,-7.335],[131.42,-7.343],[131.428,-7.335],[131.431,-7.345],[131.453,-7.345],[131.438,-7.327],[131.437,-7.301],[131.446,-7.285],[131.457,-7.287],[131.463,-7.265],[131.472,-7.265],[131.474,-7.241],[131.49,-7.232],[131.507,-7.24],[131.526,-7.237],[131.536,-7.227],[131.53,-7.204],[131.52,-7.197],[131.527,-7.193],[131.518,-7.172],[131.524,-7.154],[131.544,-7.141],[131.552,-7.149],[131.57,-7.145],[131.583,-7.126],[131.599,-7.127],[131.603,-7.137],[131.606,-7.125],[131.654,-7.118]]],[[[131.918,-7.104],[131.933,-7.117],[131.958,-7.169],[131.975,-7.178],[131.973,-7.206],[131.987,-7.215],[131.974,-7.244],[131.957,-7.253],[131.936,-7.246],[131.927,-7.231],[131.909,-7.229],[131.901,-7.185],[131.872,-7.168],[131.821,-7.161],[131.805,-7.171],[131.78,-7.165],[131.769,-7.168],[131.764,-7.182],[131.751,-7.177],[131.755,-7.172],[131.727,-7.177],[131.714,-7.154],[131.726,-7.13],[131.755,-7.116],[131.833,-7.117],[131.879,-7.107],[131.911,-7.111],[131.918,-7.104]]],[[[132.002,-6.986],[132.007,-6.991],[131.982,-7.009],[131.961,-7.055],[131.927,-7.081],[131.909,-7.081],[131.909,-7.057],[131.948,-7.03],[131.974,-7.0],[132.002,-6.986]]],[[[131.491,-6.867],[131.508,-6.869],[131.515,-6.879],[131.488,-6.92],[131.464,-6.921],[131.457,-6.915],[131.469,-6.899],[131.47,-6.878],[131.491,-6.867]]],[[[131.578,-6.668],[131.623,-6.678],[131.625,-6.696],[131.594,-6.727],[131.573,-6.713],[131.557,-6.74],[131.565,-6.761],[131.592,-6.757],[131.586,-6.772],[131.528,-6.804],[131.514,-6.764],[131.518,-6.75],[131.562,-6.707],[131.559,-6.688],[131.578,-6.668]]]]}},{"type":"Feature","properties":{"kode":"75.04","nama":"Pohuwato","prov":"Gorontalo","kota":false},"geometry":{"type":"Polygon","coordinates":[[[121.982,0.907],[121.998,0.891],[122.033,0.886],[122.087,0.909],[122.101,0.902],[122.111,0.737],[122.127,0.667],[122.127,0.541],[122.117,0.489],[122.081,0.477],[122.049,0.477],[121.936,0.444],[121.869,0.442],[121.853,0.428],[121.818,0.422],[121.805,0.411],[121.719,0.506],[121.719,0.524],[121.683,0.514],[121.667,0.523],[121.66,0.537],[121.645,0.535],[121.637,0.545],[121.629,0.538],[121.642,0.525],[121.623,0.535],[121.622,0.522],[121.62,0.547],[121.602,0.547],[121.607,0.535],[121.602,0.527],[121.597,0.539],[121.568,0.532],[121.531,0.551],[121.513,0.53],[121.52,0.498],[121.494,0.479],[121.476,0.484],[121.442,0.466],[121.434,0.48],[121.44,0.501],[121.425,0.483],[121.415,0.486],[121.409,0.473],[121.406,0.487],[121.397,0.478],[121.337,0.474],[121.352,0.493],[121.318,0.544],[121.329,0.575],[121.318,0.578],[121.307,0.569],[121.296,0.58],[121.243,0.6],[121.229,0.622],[121.229,0.646],[121.219,0.638],[121.199,0.641],[121.161,0.679],[121.174,0.687],[121.187,0.721],[121.182,0.745],[121.192,0.767],[121.208,0.767],[121.218,0.791],[121.237,0.801],[121.289,0.799],[121.317,0.785],[121.365,0.803],[121.352,0.824],[121.349,0.852],[121.385,0.855],[121.402,0.844],[121.417,0.85],[121.421,0.844],[121.467,0.848],[121.477,0.838],[121.494,0.839],[121.533,0.853],[121.542,0.879],[121.574,0.871],[121.603,0.873],[121.612,0.883],[121.621,0.881],[121.645,0.895],[121.659,0.893],[121.674,0.904],[121.691,0.902],[121.739,0.93],[121.812,0.95],[121.849,0.98],[121.85,0.993],[121.888,0.978],[121.922,0.927],[121.94,0.926],[121.955,0.907],[121.982,0.907]]]}},{"type":"Feature","properties":{"kode":"16.04","nama":"Lahat","prov":"Sumatera Selatan","kota":false},"geometry":{"type":"Polygon","coordinates":[[[103.538,-3.593],[103.543,-3.558],[103.538,-3.548],[103.571,-3.549],[103.628,-3.51],[103.708,-3.566],[103.774,-3.586],[103.762,-3.588],[103.766,-3.598],[103.755,-3.606],[103.759,-3.612],[103.731,-3.617],[103.744,-3.622],[103.736,-3.639],[103.747,-3.66],[103.768,-3.67],[103.765,-3.686],[103.75,-3.683],[103.734,-3.691],[103.75,-3.712],[103.751,-3.73],[103.764,-3.74],[103.76,-3.747],[103.736,-3.753],[103.723,-3.773],[103.738,-3.802],[103.716,-3.828],[103.708,-3.852],[103.705,-3.87],[103.72,-3.885],[103.695,-3.907],[103.676,-3.902],[103.66,-3.911],[103.635,-3.943],[103.645,-3.957],[103.643,-3.967],[103.597,-3.996],[103.585,-4.092],[103.569,-4.088],[103.556,-4.12],[103.526,-4.138],[103.513,-4.124],[103.498,-4.131],[103.481,-4.107],[103.465,-4.1],[103.454,-4.121],[103.443,-4.126],[103.446,-4.147],[103.458,-4.159],[103.439,-4.182],[103.405,-4.173],[103.376,-4.211],[103.359,-4.181],[103.356,-4.162],[103.365,-4.149],[103.356,-4.122],[103.363,-4.114],[103.361,-4.098],[103.395,-4.064],[103.413,-3.989],[103.38,-3.988],[103.353,-4.003],[103.344,-4.051],[103.325,-4.066],[103.314,-4.049],[103.296,-4.045],[103.278,-4.032],[103.291,-4.017],[103.285,-4.009],[103.249,-4.008],[103.225,-3.989],[103.183,-3.991],[103.164,-4.01],[103.122,-4.015],[103.136,-4.046],[103.133,-4.074],[103.144,-4.085],[103.145,-4.114],[103.165,-4.117],[103.186,-4.162],[103.187,-4.214],[103.178,-4.241],[103.168,-4.246],[103.159,-4.236],[103.138,-4.258],[103.12,-4.249],[103.097,-4.253],[103.089,-4.267],[103.073,-4.262],[103.07,-4.241],[103.051,-4.219],[103.063,-4.211],[103.059,-4.195],[103.039,-4.176],[103.003,-4.16],[102.974,-4.127],[102.924,-4.1],[102.915,-4.066],[102.93,-4.049],[102.958,-4.055],[103.01,-4.015],[103.036,-4.02],[103.038,-4.013],[103.124,-4.006],[103.107,-3.974],[103.109,-3.932],[103.121,-3.901],[103.119,-3.868],[103.138,-3.816],[103.132,-3.803],[103.107,-3.795],[103.11,-3.784],[103.088,-3.765],[103.114,-3.731],[103.119,-3.71],[103.102,-3.654],[103.116,-3.638],[103.124,-3.621],[103.12,-3.612],[103.139,-3.582],[103.138,-3.557],[103.163,-3.561],[103.175,-3.543],[103.181,-3.522],[103.172,-3.522],[103.168,-3.509],[103.208,-3.498],[103.254,-3.499],[103.271,-3.507],[103.28,-3.502],[103.294,-3.519],[103.302,-3.514],[103.302,-3.521],[103.331,-3.523],[103.357,-3.541],[103.409,-3.526],[103.408,-3.491],[103.416,-3.492],[103.434,-3.502],[103.434,-3.516],[103.445,-3.509],[103.471,-3.533],[103.485,-3.529],[103.504,-3.569],[103.519,-3.569],[103.514,-3.595],[103.538,-3.593]]]}},{"type":"Feature","properties":{"kode":"12.03","nama":"Tapanuli Selatan","prov":"Sumatera Utara","kota":false},"geometry":{"type":"Polygon","coordinates":[[[99.59,2.017],[99.583,2.001],[99.603,1.973],[99.634,1.964],[99.6,1.947],[99.6,1.914],[99.616,1.907],[99.611,1.889],[99.562,1.889],[99.56,1.872],[99.545,1.863],[99.554,1.858],[99.571,1.814],[99.565,1.76],[99.552,1.742],[99.55,1.716],[99.523,1.711],[99.527,1.724],[99.511,1.726],[99.472,1.697],[99.465,1.673],[99.435,1.658],[99.436,1.623],[99.451,1.615],[99.455,1.593],[99.43,1.575],[99.391,1.572],[99.42,1.542],[99.394,1.489],[99.407,1.432],[99.397,1.431],[99.394,1.41],[99.388,1.414],[99.37,1.405],[99.36,1.383],[99.391,1.334],[99.394,1.311],[99.413,1.291],[99.418,1.252],[99.427,1.239],[99.419,1.227],[99.426,1.216],[99.42,1.204],[99.491,1.14],[99.512,1.134],[99.52,1.119],[99.511,1.115],[99.496,1.127],[99.481,1.127],[99.476,1.115],[99.463,1.115],[99.429,1.09],[99.424,1.071],[99.452,1.046],[99.464,1.019],[99.441,0.977],[99.428,0.977],[99.373,1.024],[99.353,1.017],[99.335,1.027],[99.311,1.047],[99.278,1.096],[99.269,1.097],[99.262,1.052],[99.24,1.042],[99.219,1.052],[99.216,1.071],[99.199,1.091],[99.192,1.088],[99.183,1.098],[99.171,1.093],[99.142,1.107],[99.117,1.105],[99.133,1.167],[99.076,1.186],[99.068,1.198],[99.05,1.204],[99.029,1.262],[99.031,1.296],[99.006,1.306],[98.971,1.346],[98.938,1.327],[98.908,1.293],[98.889,1.301],[98.865,1.28],[98.842,1.301],[98.85,1.317],[98.832,1.362],[98.782,1.431],[98.8,1.424],[98.798,1.432],[98.836,1.431],[98.844,1.418],[98.874,1.403],[98.882,1.448],[98.902,1.448],[98.901,1.442],[98.925,1.448],[98.938,1.439],[98.946,1.447],[98.958,1.441],[98.972,1.447],[98.981,1.456],[98.924,1.468],[98.939,1.48],[98.98,1.469],[99.004,1.473],[99.012,1.482],[99.012,1.503],[99.001,1.501],[98.99,1.522],[98.998,1.539],[99.036,1.556],[99.025,1.559],[99.004,1.548],[99.013,1.57],[99.025,1.577],[99.037,1.627],[99.057,1.645],[99.06,1.667],[99.051,1.701],[99.078,1.699],[99.114,1.651],[99.143,1.64],[99.163,1.664],[99.239,1.704],[99.247,1.724],[99.259,1.725],[99.251,1.733],[99.257,1.741],[99.251,1.745],[99.256,1.753],[99.249,1.787],[99.256,1.824],[99.308,1.827],[99.318,1.841],[99.331,1.83],[99.35,1.835],[99.347,1.854],[99.359,1.875],[99.339,1.905],[99.357,1.915],[99.379,1.95],[99.481,1.951],[99.453,2.005],[99.457,2.019],[99.445,2.033],[99.459,2.125],[99.49,2.112],[99.512,2.123],[99.521,2.092],[99.531,2.093],[99.549,2.08],[99.553,2.043],[99.59,2.017]]]}},{"type":"Feature","properties":{"kode":"52.06","nama":"Bima","prov":"Nusa Tenggara Barat","kota":false},"geometry":{"type":"MultiPolygon","coordinates":[[[[119.275,-8.397],[119.283,-8.419],[119.314,-8.407],[119.317,-8.399],[119.328,-8.415],[119.317,-8.434],[119.32,-8.446],[119.309,-8.445],[119.3,-8.431],[119.29,-8.463],[119.28,-8.459],[119.281,-8.449],[119.274,-8.454],[119.268,-8.445],[119.274,-8.436],[119.266,-8.424],[119.269,-8.398],[119.275,-8.397]]],[[[118.713,-8.495],[118.739,-8.517],[118.79,-8.514],[118.801,-8.532],[118.843,-8.493],[118.891,-8.484],[118.874,-8.436],[118.825,-8.425],[118.812,-8.412],[118.802,-8.428],[118.771,-8.403],[118.741,-8.402],[118.747,-8.377],[118.737,-8.341],[118.754,-8.33],[118.765,-8.31],[118.8,-8.287],[118.816,-8.281],[118.859,-8.29],[118.89,-8.284],[119.001,-8.31],[118.989,-8.343],[118.991,-8.373],[119.028,-8.427],[119.027,-8.439],[119.047,-8.438],[119.039,-8.449],[119.044,-8.456],[119.049,-8.451],[119.05,-8.465],[119.036,-8.465],[119.049,-8.485],[119.04,-8.505],[119.052,-8.514],[119.037,-8.527],[119.023,-8.523],[119.013,-8.539],[119.026,-8.551],[119.017,-8.555],[119.015,-8.574],[119.037,-8.596],[119.032,-8.634],[119.054,-8.652],[119.078,-8.651],[119.099,-8.637],[119.13,-8.63],[119.109,-8.597],[119.133,-8.603],[119.134,-8.595],[119.15,-8.593],[119.147,-8.569],[119.165,-8.556],[119.175,-8.567],[119.162,-8.58],[119.184,-8.588],[119.18,-8.598],[119.186,-8.607],[119.172,-8.611],[119.178,-8.631],[119.156,-8.639],[119.156,-8.647],[119.168,-8.646],[119.156,-8.658],[119.17,-8.704],[119.148,-8.712],[119.169,-8.719],[119.134,-8.737],[119.139,-8.744],[119.133,-8.753],[119.106,-8.726],[119.098,-8.732],[119.1,-8.751],[119.036,-8.733],[118.972,-8.749],[118.954,-8.722],[118.908,-8.68],[118.881,-8.689],[118.875,-8.7],[118.882,-8.708],[118.87,-8.722],[118.85,-8.728],[118.811,-8.703],[118.775,-8.71],[118.765,-8.694],[118.757,-8.694],[118.719,-8.738],[118.697,-8.74],[118.693,-8.747],[118.726,-8.759],[118.726,-8.777],[118.739,-8.765],[118.81,-8.762],[118.835,-8.771],[118.899,-8.763],[118.909,-8.765],[118.92,-8.786],[118.949,-8.79],[118.946,-8.802],[118.957,-8.818],[118.918,-8.841],[118.865,-8.843],[118.854,-8.834],[118.835,-8.844],[118.807,-8.822],[118.784,-8.82],[118.758,-8.797],[118.75,-8.796],[118.746,-8.804],[118.72,-8.793],[118.7,-8.807],[118.638,-8.814],[118.602,-8.84],[118.558,-8.848],[118.507,-8.882],[118.478,-8.884],[118.478,-8.838],[118.5,-8.796],[118.497,-8.77],[118.513,-8.748],[118.51,-8.731],[118.519,-8.704],[118.536,-8.682],[118.536,-8.649],[118.519,-8.639],[118.521,-8.617],[118.507,-8.597],[118.5,-8.548],[118.514,-8.506],[118.506,-8.478],[118.488,-8.473],[118.482,-8.463],[118.525,-8.428],[118.543,-8.395],[118.527,-8.365],[118.5,-8.349],[118.447,-8.263],[118.462,-8.249],[118.48,-8.251],[118.494,-8.243],[118.513,-8.261],[118.585,-8.267],[118.622,-8.288],[118.646,-8.29],[118.686,-8.345],[118.696,-8.378],[118.686,-8.418],[118.692,-8.43],[118.686,-8.46],[118.668,-8.484],[118.662,-8.511],[118.671,-8.519],[118.662,-8.538],[118.671,-8.54],[118.679,-8.516],[118.695,-8.516],[118.713,-8.495]]],[[[119.054,-8.127],[119.091,-8.134],[119.113,-8.156],[119.123,-8.199],[119.115,-8.224],[119.089,-8.251],[119.035,-8.259],[119.013,-8.248],[119.0,-8.23],[119.001,-8.177],[119.013,-8.154],[119.034,-8.138],[119.054,-8.127]]],[[[118.317,-8.37],[118.321,-8.405],[118.296,-8.429],[118.274,-8.439],[118.205,-8.437],[118.186,-8.419],[118.145,-8.406],[118.138,-8.39],[118.102,-8.377],[118.058,-8.346],[118.028,-8.302],[117.973,-8.273],[117.929,-8.22],[117.874,-8.221],[117.85,-8.213],[117.779,-8.162],[117.766,-8.143],[117.779,-8.127],[117.829,-8.129],[117.867,-8.102],[117.924,-8.08],[117.944,-8.084],[117.952,-8.103],[117.962,-8.107],[118.007,-8.094],[118.044,-8.108],[118.081,-8.1],[118.145,-8.137],[118.145,-8.19],[118.16,-8.211],[118.162,-8.242],[118.185,-8.269],[118.205,-8.272],[118.218,-8.285],[118.234,-8.332],[118.257,-8.35],[118.263,-8.336],[118.276,-8.335],[118.271,-8.358],[118.317,-8.37]]]]}},{"type":"Feature","properties":{"kode":"74.05","nama":"Konawe Selatan","prov":"Sulawesi Tenggara","kota":false},"geometry":{"type":"Polygon","coordinates":[[[122.443,-4.012],[122.465,-4.025],[122.493,-4.068],[122.514,-4.068],[122.51,-4.088],[122.525,-4.09],[122.605,-4.053],[122.617,-4.026],[122.639,-4.018],[122.651,-4.003],[122.663,-4.016],[122.666,-4.035],[122.673,-4.036],[122.649,-4.058],[122.652,-4.086],[122.658,-4.084],[122.665,-4.1],[122.665,-4.134],[122.679,-4.159],[122.696,-4.157],[122.708,-4.165],[122.713,-4.157],[122.698,-4.138],[122.713,-4.138],[122.715,-4.131],[122.721,-4.14],[122.729,-4.137],[122.728,-4.146],[122.739,-4.141],[122.769,-4.157],[122.775,-4.151],[122.799,-4.156],[122.816,-4.138],[122.838,-4.152],[122.829,-4.136],[122.837,-4.125],[122.825,-4.11],[122.809,-4.115],[122.805,-4.099],[122.779,-4.09],[122.763,-4.066],[122.767,-4.058],[122.812,-4.063],[122.835,-4.056],[122.854,-4.071],[122.888,-4.127],[122.901,-4.195],[122.894,-4.222],[122.906,-4.233],[122.88,-4.293],[122.888,-4.319],[122.905,-4.324],[122.893,-4.34],[122.9,-4.38],[122.876,-4.418],[122.847,-4.422],[122.833,-4.449],[122.809,-4.428],[122.77,-4.409],[122.694,-4.33],[122.674,-4.327],[122.66,-4.338],[122.667,-4.362],[122.694,-4.379],[122.702,-4.404],[122.741,-4.432],[122.753,-4.426],[122.762,-4.438],[122.762,-4.48],[122.743,-4.51],[122.712,-4.5],[122.707,-4.476],[122.694,-4.47],[122.676,-4.484],[122.695,-4.501],[122.671,-4.508],[122.663,-4.455],[122.614,-4.41],[122.577,-4.397],[122.564,-4.416],[122.543,-4.423],[122.507,-4.451],[122.47,-4.453],[122.467,-4.439],[122.457,-4.437],[122.45,-4.449],[122.445,-4.436],[122.43,-4.442],[122.42,-4.432],[122.386,-4.458],[122.287,-4.488],[122.258,-4.494],[122.22,-4.479],[122.166,-4.519],[122.163,-4.529],[122.117,-4.536],[122.104,-4.531],[122.108,-4.508],[122.084,-4.494],[122.053,-4.488],[122.051,-4.473],[122.002,-4.431],[121.882,-4.377],[121.971,-4.407],[121.998,-4.394],[121.989,-4.377],[122.004,-4.346],[122.014,-4.291],[122.007,-4.269],[122.029,-4.197],[122.025,-4.176],[121.998,-4.129],[122.039,-4.127],[122.066,-4.115],[122.087,-4.119],[122.092,-4.103],[122.178,-4.065],[122.182,-4.042],[122.223,-4.005],[122.269,-4.003],[122.27,-3.984],[122.278,-4.0],[122.295,-4.006],[122.292,-4.02],[122.308,-4.007],[122.328,-4.021],[122.336,-4.013],[122.339,-4.022],[122.354,-4.025],[122.35,-4.011],[122.363,-3.996],[122.373,-4.013],[122.443,-4.012]]]}},{"type":"Feature","properties":{"kode":"32.02","nama":"Sukabumi","prov":"Jawa Barat","kota":false},"geometry":{"type":"Polygon","coordinates":[[[106.947,-6.761],[106.993,-6.799],[106.996,-6.835],[107.032,-6.873],[107.032,-6.897],[107.048,-6.91],[107.049,-6.942],[107.064,-6.962],[107.041,-6.965],[107.032,-6.981],[107.059,-7.023],[107.046,-7.042],[106.996,-7.03],[106.982,-7.014],[106.958,-7.033],[106.955,-7.064],[106.945,-7.073],[106.948,-7.086],[106.936,-7.117],[106.948,-7.135],[106.964,-7.142],[106.967,-7.153],[106.958,-7.165],[106.975,-7.185],[106.968,-7.196],[106.983,-7.222],[106.979,-7.242],[106.96,-7.261],[106.97,-7.266],[106.976,-7.285],[106.967,-7.312],[106.951,-7.322],[106.941,-7.318],[106.935,-7.332],[106.915,-7.323],[106.909,-7.35],[106.893,-7.344],[106.876,-7.356],[106.877,-7.363],[106.868,-7.356],[106.86,-7.364],[106.858,-7.354],[106.823,-7.363],[106.806,-7.388],[106.776,-7.406],[106.783,-7.416],[106.789,-7.409],[106.794,-7.437],[106.604,-7.415],[106.56,-7.417],[106.523,-7.407],[106.488,-7.376],[106.444,-7.361],[106.4,-7.371],[106.404,-7.356],[106.397,-7.331],[106.373,-7.308],[106.378,-7.295],[106.371,-7.28],[106.384,-7.267],[106.379,-7.246],[106.391,-7.228],[106.387,-7.215],[106.399,-7.207],[106.401,-7.187],[106.438,-7.185],[106.44,-7.191],[106.463,-7.18],[106.466,-7.173],[106.449,-7.153],[106.457,-7.129],[106.505,-7.097],[106.544,-7.054],[106.544,-6.988],[106.513,-6.966],[106.447,-6.953],[106.417,-6.963],[106.415,-6.975],[106.394,-6.974],[106.391,-6.934],[106.4,-6.924],[106.393,-6.9],[106.431,-6.862],[106.442,-6.816],[106.498,-6.791],[106.526,-6.768],[106.525,-6.759],[106.546,-6.753],[106.578,-6.718],[106.587,-6.742],[106.633,-6.755],[106.654,-6.749],[106.659,-6.732],[106.674,-6.733],[106.683,-6.746],[106.694,-6.745],[106.725,-6.718],[106.742,-6.716],[106.771,-6.75],[106.793,-6.752],[106.814,-6.769],[106.831,-6.767],[106.9,-6.788],[106.921,-6.787],[106.947,-6.761]]]}},{"type":"Feature","properties":{"kode":"74.09","nama":"Konawe Utara","prov":"Sulawesi Tenggara","kota":false},"geometry":{"type":"MultiPolygon","coordinates":[[[[122.324,-3.531],[122.342,-3.546],[122.334,-3.563],[122.368,-3.577],[122.332,-3.583],[122.306,-3.576],[122.289,-3.583],[122.285,-3.592],[122.278,-3.57],[122.296,-3.538],[122.324,-3.531]]],[[[122.413,-3.398],[122.423,-3.426],[122.469,-3.47],[122.468,-3.481],[122.459,-3.48],[122.457,-3.488],[122.445,-3.482],[122.45,-3.498],[122.442,-3.507],[122.412,-3.481],[122.401,-3.446],[122.405,-3.403],[122.413,-3.398]]],[[[122.311,-3.273],[122.287,-3.307],[122.294,-3.321],[122.293,-3.36],[122.312,-3.37],[122.337,-3.365],[122.346,-3.38],[122.376,-3.384],[122.39,-3.407],[122.384,-3.455],[122.38,-3.463],[122.356,-3.459],[122.364,-3.44],[122.355,-3.429],[122.359,-3.421],[122.346,-3.408],[122.327,-3.425],[122.317,-3.426],[122.331,-3.389],[122.324,-3.373],[122.309,-3.385],[122.281,-3.364],[122.273,-3.381],[122.264,-3.383],[122.266,-3.397],[122.253,-3.389],[122.238,-3.393],[122.248,-3.416],[122.262,-3.416],[122.258,-3.425],[122.268,-3.437],[122.276,-3.435],[122.301,-3.466],[122.28,-3.506],[122.279,-3.553],[122.201,-3.565],[122.195,-3.608],[122.243,-3.655],[122.246,-3.667],[122.264,-3.669],[122.27,-3.68],[122.302,-3.691],[122.307,-3.708],[122.341,-3.744],[122.363,-3.753],[122.392,-3.727],[122.404,-3.75],[122.444,-3.751],[122.454,-3.789],[122.474,-3.822],[122.459,-3.823],[122.452,-3.853],[122.456,-3.867],[122.449,-3.87],[122.438,-3.861],[122.423,-3.869],[122.374,-3.864],[122.337,-3.829],[122.313,-3.824],[122.288,-3.806],[122.29,-3.787],[122.269,-3.768],[122.257,-3.762],[122.252,-3.769],[122.231,-3.757],[122.22,-3.76],[122.207,-3.742],[122.181,-3.74],[122.169,-3.725],[122.145,-3.719],[122.123,-3.729],[122.121,-3.719],[122.102,-3.717],[122.106,-3.696],[122.088,-3.69],[122.093,-3.658],[122.088,-3.642],[122.071,-3.631],[122.065,-3.645],[122.046,-3.632],[122.039,-3.616],[122.017,-3.619],[122.004,-3.587],[121.984,-3.573],[121.975,-3.581],[121.953,-3.564],[121.916,-3.567],[121.906,-3.558],[121.887,-3.573],[121.852,-3.56],[121.817,-3.568],[121.801,-3.585],[121.793,-3.58],[121.775,-3.552],[121.779,-3.539],[121.767,-3.51],[121.768,-3.49],[121.75,-3.483],[121.733,-3.493],[121.715,-3.491],[121.667,-3.47],[121.66,-3.457],[121.676,-3.437],[121.672,-3.424],[121.662,-3.418],[121.618,-3.425],[121.588,-3.398],[121.61,-3.37],[121.614,-3.336],[121.608,-3.319],[121.584,-3.299],[121.573,-3.265],[121.553,-3.246],[121.547,-3.21],[121.593,-3.163],[121.618,-3.167],[121.633,-3.158],[121.655,-3.17],[121.666,-3.192],[121.682,-3.202],[121.675,-3.224],[121.703,-3.227],[121.715,-3.241],[121.734,-3.247],[121.752,-3.235],[121.773,-3.251],[121.783,-3.239],[121.795,-3.242],[121.835,-3.225],[121.846,-3.201],[121.927,-3.123],[121.951,-3.048],[121.979,-3.042],[122.024,-3.046],[122.039,-3.052],[122.035,-3.072],[122.08,-3.092],[122.126,-3.083],[122.151,-3.039],[122.19,-3.067],[122.193,-3.084],[122.205,-3.096],[122.225,-3.102],[122.244,-3.093],[122.265,-3.101],[122.254,-3.124],[122.257,-3.14],[122.282,-3.145],[122.313,-3.164],[122.316,-3.203],[122.302,-3.212],[122.31,-3.222],[122.296,-3.226],[122.311,-3.273]]]]}},{"type":"Feature","properties":{"kode":"11.02","nama":"Aceh Tenggara","prov":"Aceh","kota":false},"geometry":{"type":"Polygon","coordinates":[[[98.029,3.331],[97.969,3.274],[97.905,3.256],[97.919,3.244],[97.932,3.21],[97.945,3.208],[97.948,3.183],[97.941,3.178],[97.942,3.165],[97.967,3.142],[97.982,3.116],[97.984,3.086],[97.975,3.073],[97.961,3.065],[97.936,3.074],[97.93,3.055],[97.943,3.047],[97.938,3.029],[97.947,3.008],[97.941,2.994],[97.931,2.99],[97.895,3.009],[97.837,3.003],[97.815,2.983],[97.808,2.961],[97.8,2.974],[97.77,2.959],[97.755,2.927],[97.642,2.952],[97.633,2.97],[97.642,3.033],[97.62,3.082],[97.604,3.109],[97.517,3.171],[97.477,3.217],[97.464,3.268],[97.473,3.326],[97.44,3.396],[97.398,3.451],[97.451,3.536],[97.482,3.541],[97.486,3.553],[97.471,3.571],[97.462,3.62],[97.436,3.636],[97.422,3.633],[97.416,3.619],[97.407,3.616],[97.398,3.618],[97.394,3.632],[97.373,3.639],[97.358,3.622],[97.295,3.595],[97.279,3.648],[97.252,3.657],[97.207,3.691],[97.251,3.692],[97.293,3.673],[97.346,3.675],[97.578,3.713],[97.625,3.723],[97.636,3.734],[97.825,3.751],[97.8,3.723],[97.826,3.675],[97.845,3.661],[97.853,3.629],[97.872,3.613],[97.864,3.598],[97.868,3.571],[97.907,3.555],[97.924,3.496],[97.959,3.481],[97.934,3.446],[97.952,3.409],[97.949,3.39],[97.98,3.372],[97.997,3.373],[98.029,3.331]]]}},{"type":"Feature","properties":{"kode":"11.01","nama":"Aceh Selatan","prov":"Aceh","kota":false},"geometry":{"type":"Polygon","coordinates":[[[97.815,2.983],[97.9,2.966],[97.907,2.955],[97.906,2.912],[97.859,2.883],[97.86,2.846],[97.852,2.836],[97.785,2.805],[97.788,2.8],[97.766,2.788],[97.817,2.667],[97.813,2.653],[97.825,2.637],[97.797,2.554],[97.791,2.5],[97.733,2.424],[97.665,2.395],[97.649,2.683],[97.615,2.833],[97.597,2.873],[97.58,2.89],[97.555,2.893],[97.54,2.884],[97.485,2.921],[97.43,2.932],[97.364,2.996],[97.316,3.055],[97.278,3.181],[97.255,3.225],[97.239,3.236],[97.223,3.232],[97.224,3.243],[97.21,3.252],[97.203,3.248],[97.192,3.261],[97.18,3.25],[97.169,3.258],[97.147,3.306],[97.123,3.33],[97.124,3.35],[97.111,3.36],[97.073,3.425],[97.063,3.43],[97.06,3.455],[97.02,3.507],[97.003,3.546],[96.942,3.574],[96.963,3.614],[96.99,3.619],[97.028,3.6],[97.038,3.603],[97.047,3.618],[97.067,3.626],[97.106,3.669],[97.131,3.684],[97.142,3.725],[97.154,3.741],[97.225,3.675],[97.267,3.649],[97.279,3.648],[97.295,3.595],[97.358,3.622],[97.373,3.639],[97.394,3.632],[97.398,3.618],[97.407,3.616],[97.416,3.619],[97.422,3.633],[97.436,3.636],[97.462,3.62],[97.471,3.571],[97.486,3.553],[97.482,3.541],[97.451,3.536],[97.398,3.451],[97.44,3.396],[97.473,3.326],[97.464,3.268],[97.477,3.217],[97.517,3.171],[97.61,3.101],[97.642,3.033],[97.633,2.97],[97.642,2.952],[97.755,2.927],[97.77,2.959],[97.8,2.974],[97.808,2.961],[97.815,2.983]]]}},{"type":"Feature","properties":{"kode":"17.06","nama":"Muko Muko","prov":"Bengkulu","kota":false},"geometry":{"type":"Polygon","coordinates":[[[101.557,-2.452],[101.542,-2.571],[101.565,-2.57],[101.569,-2.548],[101.592,-2.543],[101.59,-2.533],[101.604,-2.536],[101.61,-2.55],[101.647,-2.538],[101.657,-2.526],[101.677,-2.533],[101.735,-2.611],[101.749,-2.617],[101.773,-2.649],[101.814,-2.677],[101.812,-2.692],[101.853,-2.712],[101.866,-2.789],[101.837,-2.847],[101.807,-2.884],[101.811,-2.92],[101.801,-2.935],[101.784,-2.938],[101.788,-2.986],[101.761,-2.982],[101.724,-3.038],[101.7,-3.045],[101.693,-3.062],[101.676,-3.071],[101.635,-3.074],[101.621,-3.083],[101.61,-3.106],[101.588,-3.103],[101.582,-3.116],[101.574,-3.111],[101.532,-3.129],[101.521,-3.114],[101.525,-3.1],[101.515,-3.081],[101.488,-3.052],[101.481,-3.012],[101.401,-2.925],[101.32,-2.736],[101.258,-2.69],[101.142,-2.628],[101.022,-2.478],[101.149,-2.388],[101.201,-2.367],[101.261,-2.32],[101.267,-2.298],[101.293,-2.289],[101.355,-2.328],[101.381,-2.331],[101.387,-2.336],[101.371,-2.349],[101.379,-2.355],[101.404,-2.356],[101.557,-2.452]]]}},{"type":"Feature","properties":{"kode":"61.11","nama":"Kayong Utara","prov":"Kalimantan Barat","kota":false},"geometry":{"type":"MultiPolygon","coordinates":[[[[108.745,-1.7],[108.784,-1.704],[108.786,-1.711],[108.728,-1.726],[108.68,-1.722],[108.684,-1.704],[108.692,-1.71],[108.704,-1.705],[108.718,-1.709],[108.745,-1.7]]],[[[108.898,-1.535],[108.902,-1.545],[108.941,-1.553],[108.983,-1.601],[108.957,-1.639],[108.939,-1.652],[108.858,-1.677],[108.831,-1.665],[108.826,-1.649],[108.841,-1.628],[108.829,-1.608],[108.829,-1.588],[108.838,-1.584],[108.798,-1.593],[108.807,-1.581],[108.79,-1.581],[108.799,-1.572],[108.82,-1.571],[108.835,-1.553],[108.846,-1.569],[108.852,-1.564],[108.858,-1.572],[108.868,-1.56],[108.878,-1.567],[108.898,-1.535]]],[[[109.261,-1.183],[109.271,-1.209],[109.249,-1.238],[109.233,-1.244],[109.217,-1.237],[109.228,-1.215],[109.227,-1.201],[109.261,-1.183]]],[[[109.488,-0.974],[109.529,-0.999],[109.552,-1.003],[109.6,-0.982],[109.638,-0.987],[109.642,-1.012],[109.662,-1.011],[109.675,-1.021],[109.686,-1.019],[109.704,-0.992],[109.718,-0.989],[109.737,-1.002],[109.76,-1.004],[109.756,-1.022],[109.769,-1.077],[109.766,-1.11],[109.78,-1.145],[109.689,-1.193],[109.684,-1.214],[109.591,-1.247],[109.542,-1.273],[109.496,-1.31],[109.431,-1.294],[109.38,-1.255],[109.402,-1.247],[109.425,-1.206],[109.45,-1.093],[109.451,-1.031],[109.461,-1.017],[109.459,-1.003],[109.472,-1.003],[109.488,-0.974]]],[[[110.069,-1.363],[110.028,-1.298],[109.993,-1.274],[109.962,-1.277],[109.961,-1.265],[109.941,-1.255],[109.948,-1.243],[109.946,-1.235],[109.934,-1.231],[109.935,-1.22],[109.927,-1.214],[109.917,-1.221],[109.907,-1.204],[109.921,-1.185],[109.94,-1.124],[109.861,-1.093],[109.819,-1.091],[109.803,-1.049],[109.775,-1.044],[109.768,-1.033],[109.769,-1.003],[109.762,-0.993],[109.732,-0.988],[109.727,-0.922],[109.755,-0.908],[109.754,-0.895],[109.777,-0.876],[109.801,-0.87],[109.793,-0.858],[109.798,-0.844],[109.814,-0.845],[109.827,-0.833],[109.843,-0.84],[109.857,-0.824],[109.867,-0.831],[109.894,-0.823],[109.893,-0.806],[109.932,-0.78],[109.94,-0.76],[109.933,-0.749],[109.94,-0.741],[109.97,-0.739],[109.979,-0.725],[109.997,-0.729],[110.01,-0.724],[110.041,-0.761],[110.072,-0.773],[110.077,-0.796],[110.144,-0.857],[110.167,-0.857],[110.164,-0.895],[110.153,-0.913],[110.165,-0.923],[110.165,-0.935],[110.242,-0.933],[110.243,-0.966],[110.272,-0.966],[110.281,-0.975],[110.281,-0.987],[110.269,-0.987],[110.269,-1.0],[110.338,-1.051],[110.341,-1.074],[110.358,-1.074],[110.357,-1.112],[110.339,-1.112],[110.336,-1.105],[110.326,-1.129],[110.394,-1.203],[110.394,-1.233],[110.417,-1.257],[110.407,-1.264],[110.376,-1.256],[110.322,-1.256],[110.284,-1.284],[110.219,-1.285],[110.211,-1.303],[110.22,-1.325],[110.214,-1.344],[110.175,-1.343],[110.163,-1.354],[110.142,-1.345],[110.129,-1.355],[110.096,-1.353],[110.069,-1.363]]]]}},{"type":"Feature","properties":{"kode":"74.11","nama":"Kolaka Timur","prov":"Sulawesi Tenggara","kota":false},"geometry":{"type":"Polygon","coordinates":[[[121.431,-3.275],[121.428,-3.329],[121.441,-3.341],[121.457,-3.383],[121.493,-3.44],[121.522,-3.467],[121.535,-3.511],[121.531,-3.533],[121.567,-3.588],[121.563,-3.607],[121.576,-3.654],[121.584,-3.655],[121.59,-3.686],[121.609,-3.687],[121.611,-3.735],[121.64,-3.738],[121.666,-3.729],[121.685,-3.744],[121.686,-3.759],[121.713,-3.776],[121.757,-3.759],[121.776,-3.767],[121.823,-3.755],[121.831,-3.769],[121.827,-3.78],[121.876,-3.786],[121.885,-3.814],[121.897,-3.817],[121.904,-3.83],[121.953,-3.834],[121.954,-3.871],[121.971,-3.882],[121.971,-3.894],[121.964,-3.9],[121.971,-3.902],[121.967,-3.918],[121.957,-3.925],[121.969,-3.951],[121.952,-3.981],[121.966,-3.998],[121.953,-4.029],[121.951,-4.057],[121.967,-4.083],[121.987,-4.096],[121.992,-4.115],[121.984,-4.122],[121.998,-4.129],[122.025,-4.176],[122.029,-4.197],[122.007,-4.269],[122.014,-4.291],[122.004,-4.346],[121.989,-4.377],[121.998,-4.394],[121.986,-4.403],[121.94,-4.4],[121.883,-4.376],[121.811,-4.416],[121.801,-4.397],[121.727,-4.357],[121.702,-4.292],[121.739,-4.289],[121.772,-4.297],[121.735,-4.257],[121.746,-4.239],[121.741,-4.201],[121.78,-4.183],[121.773,-4.145],[121.764,-4.136],[121.779,-4.115],[121.784,-4.053],[121.756,-4.043],[121.73,-4.055],[121.725,-4.053],[121.732,-4.038],[121.727,-4.028],[121.698,-4.013],[121.68,-3.989],[121.655,-3.978],[121.672,-3.932],[121.657,-3.91],[121.629,-3.903],[121.606,-3.877],[121.608,-3.82],[121.596,-3.819],[121.578,-3.798],[121.559,-3.795],[121.543,-3.768],[121.486,-3.724],[121.459,-3.719],[121.45,-3.708],[121.426,-3.712],[121.418,-3.692],[121.427,-3.663],[121.42,-3.63],[121.388,-3.639],[121.371,-3.628],[121.336,-3.669],[121.341,-3.688],[121.325,-3.699],[121.259,-3.672],[121.236,-3.603],[121.156,-3.535],[121.15,-3.505],[121.121,-3.488],[121.124,-3.468],[121.145,-3.459],[121.155,-3.439],[121.123,-3.411],[121.136,-3.387],[121.134,-3.366],[121.158,-3.338],[121.157,-3.298],[121.17,-3.296],[121.186,-3.275],[121.221,-3.254],[121.23,-3.227],[121.282,-3.227],[121.338,-3.249],[121.373,-3.247],[121.431,-3.275]]]}},{"type":"Feature","properties":{"kode":"53.02","nama":"Timor Tengah Selatan","prov":"Nusa Tenggara Timur","kota":false},"geometry":{"type":"Polygon","coordinates":[[[124.19,-9.483],[124.203,-9.486],[124.238,-9.527],[124.215,-9.538],[124.225,-9.558],[124.236,-9.543],[124.267,-9.553],[124.28,-9.569],[124.309,-9.572],[124.319,-9.596],[124.351,-9.586],[124.362,-9.597],[124.372,-9.59],[124.41,-9.6],[124.427,-9.595],[124.429,-9.606],[124.449,-9.618],[124.461,-9.614],[124.457,-9.635],[124.494,-9.645],[124.517,-9.663],[124.532,-9.66],[124.543,-9.645],[124.564,-9.64],[124.575,-9.62],[124.617,-9.612],[124.632,-9.588],[124.645,-9.585],[124.642,-9.595],[124.653,-9.618],[124.68,-9.631],[124.7,-9.628],[124.736,-9.651],[124.792,-9.637],[124.771,-9.613],[124.758,-9.61],[124.764,-9.598],[124.786,-9.598],[124.788,-9.61],[124.8,-9.618],[124.796,-9.643],[124.82,-9.657],[124.797,-9.761],[124.81,-9.792],[124.763,-9.849],[124.751,-9.882],[124.698,-9.915],[124.67,-9.919],[124.656,-9.948],[124.604,-9.979],[124.589,-9.999],[124.553,-10.007],[124.537,-10.022],[124.525,-10.062],[124.498,-10.103],[124.396,-10.17],[124.345,-10.174],[124.224,-10.163],[124.227,-10.144],[124.214,-10.131],[124.215,-10.114],[124.198,-10.102],[124.207,-10.087],[124.185,-10.061],[124.15,-10.039],[124.143,-10.024],[124.145,-10.017],[124.165,-10.018],[124.126,-9.976],[124.096,-9.976],[124.086,-9.965],[124.082,-9.925],[124.092,-9.88],[124.085,-9.827],[124.094,-9.809],[124.067,-9.76],[124.087,-9.736],[124.09,-9.715],[124.106,-9.702],[124.111,-9.686],[124.097,-9.657],[124.083,-9.673],[124.055,-9.653],[124.084,-9.635],[124.089,-9.619],[124.078,-9.587],[124.095,-9.58],[124.121,-9.553],[124.147,-9.565],[124.158,-9.557],[124.153,-9.536],[124.117,-9.482],[124.122,-9.473],[124.144,-9.476],[124.185,-9.511],[124.193,-9.511],[124.195,-9.503],[124.19,-9.483]]]}},{"type":"Feature","properties":{"kode":"12.20","nama":"Padang Lawas Utara","prov":"Sumatera Utara","kota":false},"geometry":{"type":"Polygon","coordinates":[[[99.841,1.801],[99.737,1.834],[99.71,1.827],[99.688,1.831],[99.678,1.823],[99.692,1.806],[99.703,1.76],[99.764,1.71],[99.772,1.696],[99.816,1.673],[99.829,1.65],[99.848,1.637],[99.898,1.714],[99.913,1.715],[99.936,1.684],[99.962,1.68],[99.992,1.663],[100.049,1.754],[100.055,1.73],[100.046,1.722],[100.07,1.724],[100.096,1.704],[100.126,1.659],[100.139,1.651],[100.145,1.631],[100.165,1.621],[100.168,1.599],[100.206,1.581],[100.233,1.552],[100.308,1.514],[100.318,1.502],[100.318,1.471],[100.291,1.468],[100.287,1.475],[100.276,1.474],[100.277,1.464],[100.328,1.437],[100.341,1.438],[100.308,1.418],[100.268,1.425],[100.237,1.406],[100.18,1.417],[100.167,1.407],[100.15,1.411],[100.123,1.406],[100.096,1.389],[100.073,1.392],[100.039,1.373],[100.03,1.379],[100.032,1.394],[100.023,1.411],[99.992,1.426],[99.965,1.395],[99.942,1.403],[99.949,1.414],[99.98,1.43],[99.925,1.445],[99.928,1.451],[99.913,1.469],[99.91,1.497],[99.923,1.546],[99.903,1.55],[99.877,1.501],[99.859,1.486],[99.793,1.476],[99.73,1.438],[99.737,1.414],[99.729,1.396],[99.642,1.349],[99.627,1.334],[99.61,1.331],[99.575,1.262],[99.562,1.255],[99.486,1.275],[99.462,1.252],[99.457,1.234],[99.431,1.232],[99.426,1.216],[99.413,1.291],[99.394,1.311],[99.391,1.334],[99.36,1.383],[99.37,1.405],[99.388,1.414],[99.394,1.41],[99.397,1.431],[99.407,1.432],[99.394,1.489],[99.42,1.542],[99.391,1.572],[99.43,1.575],[99.455,1.593],[99.451,1.615],[99.436,1.623],[99.435,1.658],[99.465,1.673],[99.479,1.704],[99.52,1.728],[99.527,1.724],[99.523,1.711],[99.55,1.716],[99.552,1.742],[99.565,1.76],[99.571,1.814],[99.554,1.858],[99.545,1.863],[99.56,1.872],[99.562,1.889],[99.611,1.889],[99.616,1.907],[99.6,1.914],[99.6,1.947],[99.634,1.964],[99.603,1.973],[99.583,2.001],[99.59,2.017],[99.606,1.997],[99.622,1.995],[99.627,2.002],[99.616,2.039],[99.636,2.041],[99.656,2.027],[99.666,2.035],[99.688,2.034],[99.695,2.023],[99.684,1.982],[99.692,1.972],[99.708,1.97],[99.704,1.945],[99.709,1.963],[99.734,1.977],[99.742,2.002],[99.765,2.004],[99.791,2.024],[99.852,2.001],[99.84,1.992],[99.852,1.993],[99.854,1.969],[99.831,1.954],[99.846,1.92],[99.829,1.91],[99.835,1.906],[99.833,1.859],[99.848,1.835],[99.831,1.832],[99.84,1.821],[99.841,1.801]]]}},{"type":"Feature","properties":{"kode":"12.21","nama":"Padang Lawas","prov":"Sumatera Utara","kota":false},"geometry":{"type":"Polygon","coordinates":[[[100.052,1.378],[100.051,1.35],[100.072,1.339],[100.08,1.346],[100.088,1.337],[100.126,1.256],[100.111,1.222],[100.118,1.205],[100.142,1.175],[100.166,1.17],[100.163,1.139],[100.184,1.125],[100.178,1.118],[100.15,1.12],[100.116,1.093],[100.118,1.066],[100.13,1.055],[100.14,1.061],[100.149,1.01],[100.166,1.002],[100.156,0.989],[100.139,0.984],[100.147,0.975],[100.151,0.935],[100.133,0.931],[100.133,0.92],[100.12,0.91],[100.114,0.917],[100.106,0.912],[100.093,0.929],[100.088,0.926],[100.098,0.91],[100.122,0.895],[100.144,0.897],[100.136,0.847],[100.124,0.848],[100.122,0.821],[100.158,0.799],[100.181,0.766],[100.179,0.757],[100.121,0.781],[100.076,0.787],[100.01,0.84],[99.965,0.852],[99.952,0.879],[99.918,0.884],[99.874,0.906],[99.832,0.884],[99.841,0.853],[99.838,0.827],[99.799,0.859],[99.746,0.867],[99.734,0.891],[99.711,0.902],[99.713,0.914],[99.692,0.931],[99.64,0.92],[99.626,0.943],[99.605,0.95],[99.594,0.965],[99.59,0.979],[99.606,0.996],[99.57,1.041],[99.567,1.071],[99.545,1.07],[99.549,1.085],[99.539,1.101],[99.525,1.106],[99.512,1.134],[99.491,1.14],[99.42,1.204],[99.432,1.22],[99.431,1.232],[99.457,1.234],[99.462,1.252],[99.486,1.275],[99.562,1.255],[99.575,1.262],[99.61,1.331],[99.627,1.334],[99.642,1.349],[99.729,1.396],[99.737,1.414],[99.73,1.438],[99.793,1.476],[99.859,1.486],[99.877,1.501],[99.903,1.55],[99.923,1.546],[99.91,1.497],[99.913,1.469],[99.928,1.451],[99.925,1.445],[99.98,1.43],[99.949,1.414],[99.942,1.403],[99.965,1.395],[99.992,1.426],[100.023,1.411],[100.032,1.394],[100.03,1.379],[100.039,1.373],[100.052,1.378]]]}},{"type":"Feature","properties":{"kode":"13.08","nama":"Pasaman","prov":"Sumatera Barat","kota":false},"geometry":{"type":"MultiPolygon","coordinates":[[[[99.874,0.906],[99.918,0.884],[99.952,0.879],[99.965,0.852],[100.01,0.84],[100.076,0.787],[100.121,0.781],[100.171,0.758],[100.188,0.761],[100.213,0.736],[100.219,0.743],[100.274,0.727],[100.269,0.708],[100.285,0.684],[100.229,0.662],[100.221,0.665],[100.198,0.627],[100.209,0.583],[100.238,0.539],[100.24,0.532],[100.226,0.527],[100.221,0.515],[100.238,0.492],[100.235,0.476],[100.276,0.412],[100.301,0.396],[100.302,0.386],[100.332,0.353],[100.323,0.319],[100.308,0.302],[100.32,0.287],[100.316,0.274],[100.334,0.255],[100.338,0.204],[100.347,0.205],[100.353,0.179],[100.353,0.171],[100.329,0.152],[100.321,0.12],[100.324,0.097],[100.316,0.085],[100.329,0.053],[100.338,0.044],[100.35,0.045],[100.349,0.034],[100.267,-0.02],[100.247,-0.073],[100.213,-0.07],[100.202,-0.107],[100.188,-0.092],[100.175,-0.092],[100.161,-0.108],[100.092,-0.081],[100.039,-0.082],[100.032,-0.093],[100.016,-0.097],[100.012,-0.067],[100.021,-0.072],[100.037,-0.067],[100.03,-0.061],[100.037,-0.036],[100.024,-0.024],[100.028,0.005],[100.037,0.009],[99.998,0.037],[99.982,0.071],[100.022,0.108],[100.04,0.132],[100.042,0.152],[100.061,0.145],[100.059,0.242],[100.052,0.237],[100.034,0.255],[100.022,0.249],[99.98,0.287],[99.977,0.28],[99.965,0.289],[99.923,0.293],[99.916,0.314],[99.884,0.31],[99.875,0.319],[99.858,0.32],[99.847,0.317],[99.85,0.302],[99.833,0.308],[99.795,0.299],[99.787,0.321],[99.764,0.312],[99.753,0.324],[99.76,0.346],[99.777,0.359],[99.744,0.382],[99.749,0.401],[99.773,0.401],[99.765,0.419],[99.794,0.412],[99.82,0.416],[99.828,0.428],[99.827,0.459],[99.848,0.47],[99.857,0.464],[99.905,0.471],[99.927,0.496],[99.961,0.514],[99.951,0.522],[99.965,0.546],[99.96,0.569],[99.92,0.605],[99.923,0.616],[99.91,0.625],[99.926,0.632],[99.911,0.68],[99.898,0.677],[99.887,0.689],[99.851,0.684],[99.831,0.696],[99.835,0.711],[99.825,0.736],[99.834,0.756],[99.849,0.766],[99.843,0.782],[99.85,0.792],[99.831,0.878],[99.837,0.89],[99.874,0.906]]],[[[100.181,0.762],[100.181,0.762],[100.181,0.762],[100.181,0.762]]]]}},{"type":"Feature","properties":{"kode":"12.02","nama":"Tapanuli Utara","prov":"Sumatera Utara","kota":false},"geometry":{"type":"Polygon","coordinates":[[[98.982,2.394],[98.996,2.353],[98.987,2.325],[98.999,2.27],[99.02,2.285],[99.053,2.283],[99.069,2.292],[99.09,2.281],[99.117,2.284],[99.123,2.276],[99.138,2.278],[99.162,2.303],[99.181,2.296],[99.196,2.273],[99.193,2.237],[99.206,2.22],[99.203,2.19],[99.213,2.164],[99.252,2.121],[99.294,2.105],[99.332,2.105],[99.334,2.139],[99.37,2.174],[99.395,2.171],[99.388,2.136],[99.415,2.112],[99.459,2.125],[99.445,2.033],[99.457,2.019],[99.453,2.005],[99.481,1.951],[99.379,1.95],[99.357,1.915],[99.339,1.905],[99.359,1.875],[99.347,1.854],[99.35,1.835],[99.331,1.83],[99.318,1.841],[99.308,1.827],[99.256,1.824],[99.249,1.787],[99.256,1.753],[99.251,1.745],[99.257,1.741],[99.251,1.733],[99.259,1.725],[99.247,1.724],[99.239,1.704],[99.163,1.664],[99.143,1.64],[99.118,1.649],[99.078,1.699],[99.051,1.701],[99.052,1.708],[99.022,1.688],[99.0,1.651],[98.985,1.654],[98.966,1.685],[98.984,1.716],[98.992,1.756],[98.967,1.758],[98.95,1.746],[98.89,1.742],[98.882,1.748],[98.864,1.81],[98.845,1.815],[98.823,1.849],[98.787,1.859],[98.783,1.88],[98.796,1.89],[98.806,1.888],[98.808,1.908],[98.82,1.92],[98.813,1.944],[98.783,1.942],[98.743,1.958],[98.725,1.953],[98.705,1.972],[98.653,1.995],[98.671,2.005],[98.69,2.053],[98.716,2.076],[98.715,2.103],[98.732,2.104],[98.735,2.114],[98.725,2.119],[98.735,2.129],[98.756,2.131],[98.773,2.142],[98.77,2.148],[98.841,2.162],[98.821,2.175],[98.825,2.187],[98.811,2.212],[98.818,2.218],[98.842,2.212],[98.864,2.218],[98.886,2.205],[98.879,2.214],[98.884,2.219],[98.921,2.227],[98.945,2.264],[98.963,2.267],[98.961,2.298],[98.948,2.319],[98.935,2.318],[98.927,2.327],[98.921,2.321],[98.888,2.327],[98.846,2.343],[98.862,2.373],[98.86,2.396],[98.912,2.408],[98.941,2.396],[98.982,2.394]]]}},{"type":"Feature","properties":{"kode":"11.14","nama":"Aceh Jaya","prov":"Aceh","kota":false},"geometry":{"type":"Polygon","coordinates":[[[95.743,5.061],[95.762,5.056],[95.784,5.009],[95.846,4.955],[95.855,4.93],[95.882,4.915],[95.901,4.868],[95.954,4.833],[95.992,4.786],[95.995,4.756],[96.043,4.66],[96.026,4.614],[96.042,4.589],[96.038,4.576],[96.018,4.572],[96.013,4.551],[95.957,4.51],[95.926,4.442],[95.887,4.396],[95.876,4.37],[95.685,4.556],[95.6,4.626],[95.583,4.632],[95.576,4.624],[95.572,4.639],[95.582,4.64],[95.583,4.657],[95.562,4.667],[95.556,4.655],[95.54,4.657],[95.542,4.669],[95.511,4.708],[95.512,4.721],[95.493,4.751],[95.454,4.783],[95.45,4.804],[95.413,4.821],[95.423,4.827],[95.425,4.84],[95.396,4.875],[95.401,4.893],[95.371,4.939],[95.38,4.971],[95.369,4.996],[95.356,5.006],[95.365,5.013],[95.367,5.033],[95.333,5.051],[95.316,5.08],[95.32,5.093],[95.303,5.112],[95.31,5.116],[95.307,5.168],[95.332,5.18],[95.325,5.223],[95.349,5.234],[95.347,5.245],[95.367,5.254],[95.401,5.213],[95.421,5.225],[95.462,5.211],[95.486,5.212],[95.498,5.22],[95.532,5.217],[95.545,5.206],[95.588,5.209],[95.596,5.193],[95.616,5.189],[95.622,5.165],[95.644,5.144],[95.632,5.127],[95.641,5.109],[95.63,5.092],[95.639,5.074],[95.705,5.052],[95.743,5.061]]]}},{"type":"Feature","properties":{"kode":"18.07","nama":"Lampung Timur","prov":"Lampung","kota":false},"geometry":{"type":"Polygon","coordinates":[[[105.878,-4.682],[105.883,-4.704],[105.865,-4.752],[105.862,-4.829],[105.87,-4.872],[105.894,-4.909],[105.901,-4.938],[105.877,-4.957],[105.871,-4.973],[105.859,-5.04],[105.864,-5.255],[105.849,-5.286],[105.842,-5.282],[105.829,-5.299],[105.818,-5.336],[105.824,-5.504],[105.816,-5.531],[105.823,-5.539],[105.821,-5.57],[105.791,-5.599],[105.791,-5.614],[105.765,-5.619],[105.765,-5.606],[105.754,-5.605],[105.757,-5.594],[105.75,-5.589],[105.742,-5.6],[105.735,-5.592],[105.727,-5.595],[105.677,-5.574],[105.661,-5.556],[105.658,-5.495],[105.602,-5.487],[105.588,-5.476],[105.586,-5.455],[105.537,-5.453],[105.528,-5.468],[105.517,-5.461],[105.533,-5.425],[105.523,-5.373],[105.542,-5.34],[105.49,-5.309],[105.484,-5.288],[105.477,-5.286],[105.471,-5.304],[105.416,-5.304],[105.456,-5.276],[105.454,-5.247],[105.437,-5.248],[105.437,-5.237],[105.405,-5.211],[105.377,-5.209],[105.375,-5.218],[105.343,-5.234],[105.331,-5.231],[105.32,-5.21],[105.304,-5.221],[105.286,-5.214],[105.286,-5.202],[105.278,-5.197],[105.287,-5.171],[105.327,-5.168],[105.334,-5.146],[105.322,-5.132],[105.327,-5.121],[105.349,-5.109],[105.335,-5.091],[105.358,-5.072],[105.349,-5.062],[105.318,-5.076],[105.309,-5.072],[105.317,-5.054],[105.366,-5.026],[105.358,-5.022],[105.365,-5.019],[105.363,-5.011],[105.346,-5.004],[105.338,-5.012],[105.321,-5.005],[105.327,-4.986],[105.346,-4.964],[105.36,-4.966],[105.366,-4.955],[105.38,-4.967],[105.388,-4.959],[105.411,-4.962],[105.409,-4.936],[105.4,-4.922],[105.427,-4.891],[105.436,-4.885],[105.446,-4.901],[105.478,-4.888],[105.494,-4.899],[105.537,-4.89],[105.55,-4.898],[105.553,-4.878],[105.591,-4.882],[105.605,-4.852],[105.624,-4.86],[105.638,-4.851],[105.635,-4.832],[105.653,-4.813],[105.649,-4.796],[105.664,-4.783],[105.678,-4.782],[105.683,-4.746],[105.698,-4.74],[105.721,-4.735],[105.736,-4.746],[105.748,-4.731],[105.759,-4.732],[105.762,-4.738],[105.784,-4.74],[105.794,-4.754],[105.811,-4.752],[105.815,-4.743],[105.805,-4.724],[105.81,-4.706],[105.819,-4.707],[105.821,-4.699],[105.813,-4.677],[105.817,-4.65],[105.836,-4.619],[105.857,-4.633],[105.852,-4.674],[105.878,-4.682]]]}},{"type":"Feature","properties":{"kode":"63.01","nama":"Tanah Laut","prov":"Kalimantan Selatan","kota":false},"geometry":{"type":"Polygon","coordinates":[[[114.894,-3.545],[114.885,-3.557],[114.907,-3.562],[114.935,-3.613],[114.932,-3.623],[114.957,-3.626],[114.963,-3.637],[114.927,-3.704],[114.924,-3.722],[114.931,-3.729],[115.025,-3.693],[115.032,-3.702],[115.042,-3.702],[115.069,-3.68],[115.08,-3.682],[115.113,-3.638],[115.124,-3.64],[115.189,-3.607],[115.216,-3.604],[115.228,-3.597],[115.236,-3.578],[115.261,-3.562],[115.25,-3.591],[115.269,-3.65],[115.262,-3.667],[115.283,-3.7],[115.314,-3.697],[115.324,-3.705],[115.325,-3.755],[115.345,-3.767],[115.354,-3.813],[115.368,-3.818],[115.372,-3.828],[115.367,-3.85],[115.378,-3.858],[115.02,-4.007],[114.703,-4.172],[114.661,-4.178],[114.628,-4.169],[114.621,-4.159],[114.63,-4.147],[114.624,-4.066],[114.635,-4.061],[114.638,-4.029],[114.61,-3.887],[114.602,-3.807],[114.611,-3.743],[114.621,-3.721],[114.62,-3.673],[114.606,-3.625],[114.572,-3.572],[114.555,-3.557],[114.514,-3.543],[114.605,-3.535],[114.693,-3.513],[114.736,-3.51],[114.771,-3.523],[114.809,-3.524],[114.813,-3.54],[114.848,-3.554],[114.857,-3.568],[114.894,-3.545]]]}},{"type":"Feature","properties":{"kode":"13.12","nama":"Pasaman Barat","prov":"Sumatera Barat","kota":false},"geometry":{"type":"Polygon","coordinates":[[[99.827,0.459],[99.828,0.428],[99.82,0.416],[99.794,0.412],[99.768,0.421],[99.773,0.401],[99.749,0.401],[99.744,0.382],[99.777,0.359],[99.752,0.333],[99.757,0.317],[99.764,0.312],[99.787,0.321],[99.795,0.299],[99.833,0.308],[99.85,0.302],[99.847,0.317],[99.858,0.32],[99.875,0.319],[99.884,0.31],[99.916,0.314],[99.923,0.293],[99.965,0.289],[99.977,0.28],[99.98,0.287],[100.022,0.249],[100.042,0.253],[100.052,0.237],[100.061,0.239],[100.061,0.145],[100.042,0.152],[100.04,0.132],[100.022,0.108],[99.982,0.071],[99.998,0.037],[100.037,0.009],[100.028,0.005],[100.024,-0.024],[100.038,-0.044],[100.03,-0.061],[100.035,-0.07],[100.01,-0.07],[100.018,-0.09],[99.982,-0.141],[99.988,-0.147],[99.985,-0.142],[99.994,-0.142],[99.987,-0.159],[99.805,-0.182],[99.788,-0.182],[99.788,-0.173],[99.771,-0.176],[99.749,-0.146],[99.763,-0.079],[99.756,-0.051],[99.738,-0.028],[99.692,0.001],[99.618,0.066],[99.472,0.134],[99.398,0.151],[99.388,0.172],[99.393,0.184],[99.374,0.19],[99.377,0.206],[99.359,0.216],[99.36,0.229],[99.353,0.232],[99.314,0.238],[99.286,0.229],[99.267,0.222],[99.265,0.204],[99.243,0.217],[99.236,0.208],[99.234,0.215],[99.221,0.211],[99.209,0.217],[99.204,0.233],[99.192,0.236],[99.189,0.254],[99.178,0.25],[99.181,0.239],[99.167,0.228],[99.175,0.249],[99.196,0.272],[99.187,0.291],[99.19,0.308],[99.262,0.344],[99.317,0.334],[99.35,0.385],[99.366,0.431],[99.412,0.486],[99.431,0.475],[99.442,0.481],[99.476,0.526],[99.519,0.552],[99.512,0.539],[99.527,0.523],[99.573,0.509],[99.642,0.545],[99.665,0.516],[99.663,0.495],[99.678,0.471],[99.697,0.47],[99.718,0.451],[99.744,0.479],[99.779,0.482],[99.827,0.459]]]}},{"type":"Feature","properties":{"kode":"12.09","nama":"Asahan","prov":"Sumatera Utara","kota":false},"geometry":{"type":"Polygon","coordinates":[[[99.987,2.856],[99.694,2.596],[99.647,2.577],[99.617,2.573],[99.587,2.59],[99.57,2.585],[99.559,2.609],[99.542,2.615],[99.538,2.589],[99.505,2.586],[99.466,2.547],[99.448,2.567],[99.461,2.586],[99.457,2.604],[99.442,2.595],[99.439,2.574],[99.413,2.562],[99.427,2.598],[99.404,2.591],[99.385,2.564],[99.368,2.568],[99.349,2.56],[99.327,2.566],[99.307,2.554],[99.305,2.574],[99.257,2.539],[99.223,2.541],[99.199,2.531],[99.181,2.538],[99.171,2.559],[99.091,2.577],[99.078,2.597],[99.079,2.662],[99.126,2.693],[99.126,2.713],[99.207,2.77],[99.21,2.786],[99.248,2.812],[99.266,2.861],[99.333,2.894],[99.349,2.896],[99.361,2.882],[99.376,2.885],[99.399,2.915],[99.446,2.932],[99.455,2.955],[99.49,2.976],[99.498,2.984],[99.497,3.002],[99.517,3.013],[99.522,3.024],[99.545,3.038],[99.566,3.079],[99.568,3.062],[99.555,3.057],[99.549,3.029],[99.531,3.029],[99.53,3.022],[99.563,3.018],[99.554,3.028],[99.591,3.039],[99.595,3.065],[99.62,3.093],[99.593,3.106],[99.603,3.106],[99.616,3.121],[99.619,3.135],[99.702,3.118],[99.737,3.173],[99.757,3.168],[99.771,3.132],[99.858,3.035],[99.889,3.04],[99.916,2.992],[99.935,2.974],[99.981,2.949],[99.977,2.958],[99.99,2.961],[99.987,2.856]]]}},{"type":"Feature","properties":{"kode":"16.01","nama":"Ogan Komering Ulu","prov":"Sumatera Selatan","kota":false},"geometry":{"type":"Polygon","coordinates":[[[104.546,-3.796],[104.573,-3.826],[104.563,-3.831],[104.556,-3.851],[104.567,-3.863],[104.542,-3.873],[104.523,-3.893],[104.501,-3.894],[104.486,-3.921],[104.471,-3.93],[104.477,-3.957],[104.457,-3.952],[104.445,-3.958],[104.436,-3.98],[104.406,-3.984],[104.416,-3.993],[104.399,-4.004],[104.378,-4.011],[104.358,-4.008],[104.343,-4.047],[104.308,-4.075],[104.318,-4.094],[104.313,-4.113],[104.333,-4.181],[104.322,-4.208],[104.29,-4.212],[104.269,-4.242],[104.226,-4.25],[104.231,-4.275],[104.221,-4.304],[104.24,-4.332],[104.217,-4.4],[104.196,-4.395],[104.174,-4.414],[104.151,-4.406],[104.046,-4.458],[104.013,-4.448],[104.006,-4.463],[103.988,-4.463],[103.97,-4.453],[103.973,-4.434],[103.959,-4.399],[103.951,-4.397],[103.956,-4.381],[103.942,-4.352],[103.919,-4.345],[103.889,-4.303],[103.89,-4.286],[103.87,-4.285],[103.867,-4.27],[103.85,-4.249],[103.838,-4.248],[103.837,-4.238],[103.796,-4.237],[103.791,-4.228],[103.762,-4.247],[103.734,-4.251],[103.706,-4.276],[103.626,-4.273],[103.615,-4.263],[103.619,-4.225],[103.644,-4.218],[103.645,-4.201],[103.705,-4.184],[103.702,-4.087],[103.732,-4.088],[103.774,-4.074],[103.792,-4.045],[103.821,-4.03],[103.838,-4.009],[103.848,-4.01],[103.853,-3.999],[103.87,-3.991],[103.874,-3.976],[103.89,-3.969],[103.896,-3.928],[103.929,-3.916],[103.941,-3.899],[103.97,-3.889],[103.993,-3.92],[104.063,-3.903],[104.075,-3.909],[104.149,-3.887],[104.212,-3.852],[104.244,-3.822],[104.248,-3.781],[104.27,-3.773],[104.286,-3.756],[104.305,-3.774],[104.322,-3.773],[104.337,-3.76],[104.361,-3.771],[104.454,-3.745],[104.501,-3.785],[104.534,-3.789],[104.54,-3.799],[104.546,-3.796]]]}},{"type":"Feature","properties":{"kode":"95.04","nama":"Tolikara","prov":"Papua Pegunungan","kota":false},"geometry":{"type":"Polygon","coordinates":[[[138.59,-3.809],[138.594,-3.819],[138.531,-3.818],[138.51,-3.814],[138.49,-3.791],[138.484,-3.791],[138.482,-3.802],[138.472,-3.794],[138.435,-3.79],[138.42,-3.768],[138.419,-3.783],[138.375,-3.761],[138.381,-3.773],[138.37,-3.773],[138.362,-3.762],[138.339,-3.756],[138.343,-3.725],[138.316,-3.707],[138.28,-3.699],[138.289,-3.686],[138.281,-3.651],[138.255,-3.619],[138.262,-3.596],[138.256,-3.556],[138.272,-3.525],[138.267,-3.518],[138.272,-3.493],[138.257,-3.474],[138.231,-3.471],[138.23,-3.441],[138.209,-3.44],[138.206,-3.433],[138.179,-3.445],[138.17,-3.437],[138.15,-3.436],[138.114,-3.398],[138.114,-3.334],[138.125,-3.332],[138.135,-3.298],[138.103,-3.304],[138.11,-3.287],[138.106,-3.272],[138.079,-3.243],[138.087,-3.225],[138.076,-3.226],[138.062,-3.209],[138.072,-3.198],[138.075,-3.131],[138.17,-3.107],[138.236,-3.152],[138.231,-3.169],[138.217,-3.173],[138.186,-3.205],[138.159,-3.2],[138.131,-3.269],[138.147,-3.293],[138.158,-3.285],[138.154,-3.263],[138.177,-3.254],[138.178,-3.242],[138.189,-3.244],[138.201,-3.221],[138.213,-3.221],[138.227,-3.199],[138.292,-3.174],[138.35,-3.238],[138.361,-3.241],[138.365,-3.234],[138.38,-3.244],[138.413,-3.241],[138.431,-3.229],[138.441,-3.235],[138.435,-3.26],[138.462,-3.272],[138.474,-3.296],[138.465,-3.302],[138.47,-3.312],[138.5,-3.3],[138.526,-3.324],[138.566,-3.317],[138.6,-3.332],[138.627,-3.309],[138.638,-3.272],[138.649,-3.27],[138.675,-3.237],[138.703,-3.248],[138.679,-3.195],[138.703,-3.201],[138.716,-3.215],[138.755,-3.175],[138.77,-3.183],[138.779,-3.202],[138.785,-3.196],[138.775,-3.18],[138.824,-3.169],[138.825,-3.179],[138.807,-3.181],[138.8,-3.194],[138.806,-3.224],[138.827,-3.225],[138.836,-3.213],[138.851,-3.235],[138.878,-3.225],[138.89,-3.249],[138.908,-3.256],[138.902,-3.281],[138.845,-3.375],[138.766,-3.47],[138.76,-3.45],[138.676,-3.416],[138.65,-3.397],[138.597,-3.388],[138.615,-3.402],[138.641,-3.448],[138.661,-3.452],[138.691,-3.484],[138.702,-3.486],[138.715,-3.505],[138.707,-3.544],[138.722,-3.558],[138.727,-3.598],[138.751,-3.599],[138.759,-3.612],[138.744,-3.62],[138.742,-3.655],[138.724,-3.671],[138.699,-3.723],[138.648,-3.711],[138.639,-3.741],[138.609,-3.75],[138.617,-3.773],[138.597,-3.779],[138.576,-3.776],[138.596,-3.782],[138.621,-3.803],[138.59,-3.809]],[[138.59,-3.809],[138.576,-3.78],[138.571,-3.777],[138.561,-3.814],[138.59,-3.809]]]}},{"type":"Feature","properties":{"kode":"95.06","nama":"Yalimo","prov":"Papua Pegunungan","kota":false},"geometry":{"type":"Polygon","coordinates":[[[139.328,-4.092],[139.333,-4.124],[139.358,-4.125],[139.357,-4.135],[139.327,-4.138],[139.312,-4.129],[139.321,-4.139],[139.313,-4.149],[139.272,-4.17],[139.244,-4.151],[139.232,-4.169],[139.271,-4.171],[139.265,-4.184],[139.246,-4.205],[139.213,-4.191],[139.209,-4.161],[139.221,-4.154],[139.213,-4.139],[139.221,-4.127],[139.206,-4.091],[139.209,-4.079],[139.189,-4.061],[139.2,-4.05],[139.194,-4.037],[139.202,-3.998],[139.177,-3.988],[139.141,-3.954],[139.115,-3.946],[139.107,-3.935],[139.072,-3.934],[139.062,-3.916],[139.04,-3.946],[139.024,-3.952],[139.02,-3.969],[138.999,-3.965],[138.955,-3.916],[138.947,-3.893],[138.948,-3.862],[139.005,-3.866],[139.015,-3.861],[138.995,-3.845],[138.971,-3.849],[138.957,-3.838],[138.953,-3.833],[138.967,-3.825],[138.964,-3.812],[138.954,-3.81],[138.973,-3.805],[138.983,-3.816],[138.983,-3.828],[139.012,-3.835],[139.019,-3.853],[139.034,-3.859],[139.128,-3.806],[139.118,-3.762],[139.106,-3.746],[139.119,-3.737],[139.125,-3.735],[139.137,-3.757],[139.156,-3.763],[139.207,-3.741],[139.264,-3.772],[139.285,-3.774],[139.292,-3.756],[139.279,-3.747],[139.285,-3.724],[139.304,-3.733],[139.309,-3.727],[139.286,-3.717],[139.268,-3.724],[139.26,-3.719],[139.284,-3.694],[139.289,-3.667],[139.322,-3.629],[139.334,-3.655],[139.361,-3.633],[139.371,-3.608],[139.395,-3.612],[139.418,-3.6],[139.434,-3.574],[139.436,-3.51],[139.458,-3.487],[139.464,-3.46],[139.486,-3.471],[139.484,-3.481],[139.469,-3.489],[139.471,-3.52],[139.485,-3.518],[139.487,-3.491],[139.496,-3.487],[139.505,-3.498],[139.499,-3.516],[139.52,-3.525],[139.507,-3.546],[139.518,-3.556],[139.505,-3.564],[139.521,-3.589],[139.519,-3.612],[139.528,-3.633],[139.515,-3.649],[139.518,-3.658],[139.593,-3.705],[139.595,-3.727],[139.623,-3.706],[139.626,-3.664],[139.663,-3.664],[139.704,-3.637],[139.69,-3.596],[139.702,-3.581],[139.703,-3.559],[139.684,-3.55],[139.675,-3.532],[139.688,-3.53],[139.7,-3.543],[139.717,-3.522],[139.726,-3.544],[139.744,-3.545],[139.756,-3.51],[139.783,-3.522],[139.773,-3.531],[139.78,-3.546],[139.77,-3.562],[139.784,-3.57],[139.806,-3.567],[139.799,-3.592],[139.819,-3.578],[139.839,-3.588],[139.862,-3.585],[139.876,-3.601],[139.857,-3.608],[139.859,-3.614],[139.882,-3.608],[139.916,-3.651],[139.925,-3.644],[139.93,-3.624],[139.964,-3.612],[139.969,-3.62],[139.958,-3.639],[139.989,-3.658],[140.004,-3.689],[140.001,-3.701],[140.017,-3.703],[140.021,-3.68],[140.05,-3.673],[140.065,-3.649],[140.086,-3.682],[140.096,-3.678],[140.125,-3.696],[140.101,-3.708],[140.095,-3.725],[140.08,-3.719],[140.043,-3.724],[140.029,-3.711],[140.007,-3.737],[139.985,-3.742],[139.94,-3.694],[139.86,-3.689],[139.84,-3.711],[139.846,-3.721],[139.836,-3.737],[139.823,-3.732],[139.851,-3.757],[139.833,-3.797],[139.829,-3.786],[139.793,-3.772],[139.825,-3.75],[139.816,-3.737],[139.79,-3.757],[139.789,-3.772],[139.771,-3.774],[139.747,-3.798],[139.755,-3.801],[139.753,-3.82],[139.729,-3.832],[139.711,-3.884],[139.695,-3.888],[139.687,-3.91],[139.667,-3.929],[139.658,-3.979],[139.639,-3.987],[139.642,-4.001],[139.633,-4.018],[139.599,-3.996],[139.573,-4.001],[139.581,-4.015],[139.579,-4.038],[139.618,-4.063],[139.602,-4.079],[139.512,-4.055],[139.464,-4.11],[139.429,-4.075],[139.425,-4.086],[139.44,-4.101],[139.4,-4.114],[139.401,-4.103],[139.381,-4.101],[139.395,-4.078],[139.386,-4.064],[139.363,-4.069],[139.328,-4.092]],[[139.328,-4.092],[139.314,-4.085],[139.317,-4.096],[139.328,-4.092]]]}},{"type":"Feature","properties":{"kode":"72.05","nama":"Buol","prov":"Sulawesi Tengah","kota":false},"geometry":{"type":"Polygon","coordinates":[[[122.196,1.039],[122.176,1.037],[122.17,1.029],[122.159,1.032],[122.089,0.998],[122.069,1.005],[122.052,0.994],[122.017,0.955],[122.038,0.959],[122.036,0.932],[122.018,0.922],[122.016,0.909],[121.955,0.907],[121.94,0.926],[121.922,0.927],[121.888,0.978],[121.85,0.993],[121.849,0.98],[121.812,0.95],[121.739,0.93],[121.691,0.902],[121.674,0.904],[121.659,0.893],[121.645,0.895],[121.621,0.881],[121.612,0.883],[121.603,0.873],[121.574,0.871],[121.542,0.879],[121.533,0.853],[121.494,0.839],[121.477,0.838],[121.467,0.848],[121.421,0.844],[121.417,0.85],[121.402,0.844],[121.385,0.855],[121.349,0.852],[121.352,0.824],[121.365,0.803],[121.317,0.785],[121.289,0.799],[121.237,0.801],[121.218,0.791],[121.208,0.767],[121.192,0.767],[121.187,0.759],[121.182,0.745],[121.187,0.721],[121.165,0.679],[121.127,0.685],[121.092,0.702],[121.061,0.705],[121.055,0.694],[121.015,0.711],[120.976,0.691],[120.938,0.69],[120.88,0.71],[120.893,0.741],[120.914,0.737],[120.924,0.779],[120.941,0.783],[120.958,0.8],[120.98,0.796],[120.996,0.806],[121.0,0.826],[120.983,0.832],[121.008,0.861],[121.004,0.88],[121.029,1.0],[121.01,1.03],[121.043,1.046],[121.043,1.059],[121.058,1.075],[121.094,1.089],[121.107,1.117],[121.128,1.131],[121.132,1.179],[121.151,1.199],[121.158,1.219],[121.173,1.216],[121.177,1.269],[121.255,1.23],[121.29,1.24],[121.31,1.256],[121.344,1.26],[121.352,1.249],[121.405,1.262],[121.409,1.277],[121.43,1.29],[121.434,1.307],[121.451,1.312],[121.465,1.306],[121.47,1.265],[121.461,1.252],[121.42,1.245],[121.413,1.235],[121.434,1.223],[121.42,1.186],[121.433,1.162],[121.51,1.087],[121.559,1.062],[121.604,1.055],[121.612,1.062],[121.629,1.06],[121.647,1.053],[121.651,1.04],[121.652,1.061],[121.671,1.07],[121.687,1.07],[121.708,1.05],[121.708,1.039],[121.716,1.041],[121.703,1.071],[121.708,1.079],[121.73,1.075],[121.742,1.064],[121.743,1.072],[121.811,1.079],[121.826,1.092],[121.843,1.086],[121.848,1.094],[121.879,1.08],[121.891,1.091],[121.93,1.102],[121.935,1.078],[121.949,1.068],[121.952,1.043],[121.982,1.023],[122.043,1.047],[122.065,1.073],[122.064,1.065],[122.076,1.06],[122.108,1.068],[122.119,1.046],[122.131,1.054],[122.144,1.045],[122.154,1.049],[122.163,1.032],[122.173,1.046],[122.196,1.039]]]}},{"type":"Feature","properties":{"kode":"12.23","nama":"Labuhanbatu Utara","prov":"Sumatera Utara","kota":false},"geometry":{"type":"Polygon","coordinates":[[[100.06,2.734],[100.052,2.715],[100.064,2.697],[100.058,2.679],[100.06,2.633],[100.073,2.546],[100.055,2.514],[100.015,2.494],[100.016,2.486],[100.037,2.483],[100.014,2.446],[100.009,2.409],[99.983,2.408],[99.987,2.275],[100.02,2.277],[100.024,2.264],[100.023,2.255],[99.998,2.258],[99.99,2.199],[99.963,2.197],[99.962,2.208],[99.945,2.208],[99.93,2.191],[99.896,2.196],[99.866,2.191],[99.864,2.181],[99.771,2.188],[99.763,2.137],[99.731,2.117],[99.718,2.091],[99.683,2.081],[99.67,2.067],[99.616,2.039],[99.627,2.002],[99.622,1.995],[99.606,1.997],[99.583,2.022],[99.563,2.03],[99.547,2.059],[99.549,2.08],[99.531,2.093],[99.521,2.092],[99.512,2.123],[99.49,2.112],[99.459,2.125],[99.415,2.112],[99.388,2.136],[99.395,2.171],[99.424,2.215],[99.462,2.228],[99.479,2.242],[99.502,2.247],[99.523,2.242],[99.538,2.25],[99.536,2.256],[99.548,2.268],[99.55,2.307],[99.583,2.31],[99.585,2.327],[99.574,2.341],[99.561,2.334],[99.522,2.349],[99.524,2.459],[99.512,2.438],[99.518,2.425],[99.511,2.416],[99.519,2.4],[99.502,2.394],[99.419,2.46],[99.451,2.502],[99.453,2.541],[99.474,2.552],[99.499,2.583],[99.518,2.592],[99.538,2.589],[99.542,2.615],[99.559,2.609],[99.57,2.585],[99.587,2.59],[99.617,2.573],[99.647,2.577],[99.694,2.596],[99.987,2.856],[99.995,2.829],[99.985,2.758],[100.015,2.735],[100.032,2.742],[100.06,2.734]]]}},{"type":"Feature","properties":{"kode":"72.04","nama":"Toli Toli","prov":"Sulawesi Tengah","kota":false},"geometry":{"type":"MultiPolygon","coordinates":[[[[120.39,1.077],[120.399,1.071],[120.402,1.056],[120.397,1.022],[120.386,1.007],[120.374,1.011],[120.366,1.03],[120.373,1.064],[120.39,1.077]]],[[[121.177,1.269],[121.173,1.216],[121.158,1.219],[121.151,1.199],[121.132,1.179],[121.128,1.131],[121.107,1.117],[121.094,1.089],[121.058,1.075],[121.043,1.059],[121.043,1.046],[121.01,1.03],[121.029,1.0],[121.004,0.88],[121.008,0.861],[120.983,0.832],[121.0,0.826],[120.996,0.806],[120.98,0.796],[120.958,0.8],[120.941,0.783],[120.924,0.779],[120.914,0.737],[120.893,0.741],[120.882,0.705],[120.868,0.711],[120.813,0.675],[120.782,0.678],[120.754,0.662],[120.707,0.669],[120.675,0.646],[120.66,0.617],[120.642,0.612],[120.625,0.589],[120.615,0.589],[120.611,0.602],[120.6,0.595],[120.574,0.609],[120.547,0.595],[120.538,0.635],[120.496,0.636],[120.491,0.652],[120.462,0.668],[120.422,0.662],[120.357,0.678],[120.307,0.656],[120.283,0.631],[120.228,0.608],[120.193,0.616],[120.196,0.701],[120.152,0.724],[120.137,0.747],[120.183,0.759],[120.238,0.8],[120.246,0.834],[120.235,0.885],[120.241,0.921],[120.252,0.935],[120.247,0.957],[120.276,0.969],[120.285,0.986],[120.349,0.985],[120.34,0.898],[120.327,0.856],[120.36,0.837],[120.358,0.828],[120.365,0.83],[120.362,0.842],[120.373,0.867],[120.374,0.832],[120.399,0.791],[120.468,0.778],[120.496,0.794],[120.536,0.791],[120.555,0.773],[120.546,0.758],[120.594,0.75],[120.591,0.764],[120.576,0.776],[120.598,0.794],[120.597,0.805],[120.61,0.808],[120.612,0.822],[120.6,0.825],[120.597,0.838],[120.61,0.861],[120.603,0.87],[120.623,0.912],[120.638,0.919],[120.636,0.939],[120.668,0.949],[120.67,0.964],[120.679,0.951],[120.688,0.953],[120.694,0.963],[120.679,0.97],[120.697,0.987],[120.709,0.974],[120.721,0.975],[120.719,0.962],[120.749,1.002],[120.761,1.005],[120.777,1.024],[120.787,1.031],[120.809,1.028],[120.81,1.048],[120.796,1.054],[120.798,1.091],[120.777,1.107],[120.79,1.14],[120.79,1.163],[120.799,1.158],[120.827,1.182],[120.828,1.203],[120.81,1.218],[120.82,1.256],[120.808,1.266],[120.822,1.294],[120.812,1.298],[120.808,1.325],[120.839,1.312],[120.88,1.322],[120.903,1.356],[120.914,1.344],[120.898,1.334],[120.901,1.323],[120.891,1.326],[120.887,1.319],[120.903,1.305],[120.916,1.323],[120.927,1.318],[120.928,1.334],[120.942,1.35],[120.996,1.339],[121.0,1.331],[121.038,1.322],[121.039,1.314],[121.065,1.302],[121.078,1.319],[121.1,1.316],[121.177,1.269]]]]}},{"type":"Feature","properties":{"kode":"81.09","nama":"Buru Selatan","prov":"Maluku","kota":false},"geometry":{"type":"MultiPolygon","coordinates":[[[[127.205,-3.82],[127.238,-3.843],[127.237,-3.87],[127.244,-3.875],[127.227,-3.882],[127.224,-3.905],[127.207,-3.897],[127.208,-3.891],[127.164,-3.889],[127.142,-3.853],[127.163,-3.825],[127.205,-3.82]]],[[[126.124,-3.151],[126.107,-3.166],[126.099,-3.218],[126.102,-3.246],[126.111,-3.255],[126.104,-3.264],[126.122,-3.285],[126.148,-3.298],[126.191,-3.289],[126.212,-3.305],[126.241,-3.29],[126.246,-3.299],[126.273,-3.302],[126.308,-3.318],[126.33,-3.351],[126.396,-3.37],[126.433,-3.39],[126.461,-3.428],[126.478,-3.474],[126.514,-3.47],[126.549,-3.45],[126.596,-3.458],[126.597,-3.477],[126.618,-3.525],[126.632,-3.527],[126.643,-3.509],[126.68,-3.535],[126.694,-3.554],[126.692,-3.584],[126.705,-3.593],[126.726,-3.655],[126.749,-3.659],[126.749,-3.67],[126.795,-3.665],[126.802,-3.657],[126.8,-3.647],[126.811,-3.643],[126.82,-3.656],[126.847,-3.661],[126.912,-3.645],[126.931,-3.634],[126.956,-3.639],[126.976,-3.602],[127.002,-3.597],[127.037,-3.578],[127.062,-3.539],[127.104,-3.512],[127.122,-3.521],[127.153,-3.513],[127.192,-3.568],[127.19,-3.601],[127.221,-3.621],[127.24,-3.624],[127.238,-3.634],[127.224,-3.659],[127.191,-3.676],[127.138,-3.661],[127.117,-3.665],[127.093,-3.683],[127.051,-3.689],[126.96,-3.756],[126.956,-3.769],[126.904,-3.78],[126.892,-3.79],[126.868,-3.784],[126.811,-3.804],[126.736,-3.858],[126.736,-3.85],[126.721,-3.846],[126.688,-3.861],[126.634,-3.821],[126.62,-3.828],[126.599,-3.808],[126.59,-3.81],[126.564,-3.793],[126.522,-3.795],[126.513,-3.779],[126.5,-3.78],[126.485,-3.766],[126.456,-3.757],[126.456,-3.748],[126.443,-3.75],[126.414,-3.733],[126.395,-3.716],[126.4,-3.71],[126.386,-3.718],[126.372,-3.705],[126.349,-3.7],[126.331,-3.677],[126.281,-3.664],[126.266,-3.643],[126.233,-3.619],[126.197,-3.623],[126.181,-3.613],[126.167,-3.592],[126.166,-3.561],[126.152,-3.527],[126.125,-3.502],[126.072,-3.475],[126.046,-3.441],[126.04,-3.397],[126.007,-3.358],[126.018,-3.332],[126.007,-3.313],[126.015,-3.311],[126.005,-3.261],[126.019,-3.237],[126.012,-3.194],[126.017,-3.174],[126.065,-3.143],[126.094,-3.111],[126.109,-3.12],[126.111,-3.135],[126.124,-3.151]]]]}},{"type":"Feature","properties":{"kode":"32.03","nama":"Cianjur","prov":"Jawa Barat","kota":false},"geometry":{"type":"Polygon","coordinates":[[[107.302,-6.728],[107.29,-6.737],[107.284,-6.774],[107.314,-6.801],[107.33,-6.856],[107.349,-6.853],[107.349,-6.866],[107.34,-6.886],[107.323,-6.888],[107.283,-6.923],[107.255,-6.927],[107.19,-6.968],[107.185,-6.995],[107.195,-7.022],[107.183,-7.058],[107.253,-7.049],[107.286,-7.085],[107.303,-7.085],[107.32,-7.106],[107.304,-7.165],[107.275,-7.18],[107.272,-7.169],[107.251,-7.201],[107.291,-7.213],[107.306,-7.204],[107.305,-7.194],[107.32,-7.191],[107.331,-7.207],[107.343,-7.204],[107.356,-7.218],[107.353,-7.236],[107.379,-7.24],[107.381,-7.25],[107.395,-7.245],[107.421,-7.257],[107.446,-7.244],[107.477,-7.255],[107.455,-7.292],[107.466,-7.327],[107.485,-7.355],[107.475,-7.4],[107.431,-7.425],[107.42,-7.463],[107.426,-7.503],[107.395,-7.495],[107.356,-7.5],[107.24,-7.488],[107.075,-7.452],[106.883,-7.435],[106.794,-7.437],[106.789,-7.409],[106.783,-7.416],[106.776,-7.406],[106.806,-7.388],[106.823,-7.363],[106.858,-7.354],[106.86,-7.364],[106.868,-7.356],[106.877,-7.363],[106.876,-7.356],[106.893,-7.344],[106.909,-7.35],[106.915,-7.323],[106.935,-7.332],[106.941,-7.318],[106.951,-7.322],[106.967,-7.312],[106.976,-7.285],[106.97,-7.266],[106.96,-7.261],[106.979,-7.242],[106.983,-7.222],[106.968,-7.196],[106.975,-7.185],[106.958,-7.165],[106.967,-7.153],[106.964,-7.142],[106.948,-7.135],[106.936,-7.117],[106.958,-7.033],[106.982,-7.014],[106.996,-7.03],[107.039,-7.046],[107.059,-7.023],[107.032,-6.981],[107.041,-6.965],[107.064,-6.962],[107.049,-6.942],[107.048,-6.91],[107.032,-6.897],[107.032,-6.873],[107.025,-6.862],[106.996,-6.835],[106.993,-6.799],[106.964,-6.766],[106.987,-6.74],[106.987,-6.72],[107.001,-6.698],[107.004,-6.687],[106.992,-6.668],[107.051,-6.657],[107.069,-6.665],[107.123,-6.664],[107.135,-6.67],[107.15,-6.663],[107.153,-6.65],[107.169,-6.643],[107.212,-6.64],[107.227,-6.602],[107.263,-6.634],[107.265,-6.653],[107.251,-6.693],[107.272,-6.707],[107.288,-6.708],[107.302,-6.728]]]}},{"type":"Feature","properties":{"kode":"35.10","nama":"Banyuwangi","prov":"Jawa Timur","kota":false},"geometry":{"type":"Polygon","coordinates":[[[114.424,-7.936],[114.426,-8.012],[114.434,-8.031],[114.43,-8.065],[114.398,-8.123],[114.401,-8.151],[114.38,-8.204],[114.39,-8.234],[114.365,-8.283],[114.361,-8.336],[114.341,-8.417],[114.357,-8.472],[114.371,-8.479],[114.352,-8.53],[114.364,-8.537],[114.378,-8.527],[114.388,-8.481],[114.383,-8.449],[114.389,-8.448],[114.399,-8.462],[114.397,-8.495],[114.409,-8.509],[114.401,-8.543],[114.423,-8.605],[114.45,-8.639],[114.473,-8.617],[114.481,-8.618],[114.514,-8.65],[114.57,-8.661],[114.605,-8.717],[114.586,-8.764],[114.532,-8.78],[114.447,-8.753],[114.345,-8.742],[114.344,-8.734],[114.367,-8.722],[114.377,-8.705],[114.371,-8.672],[114.331,-8.631],[114.265,-8.604],[114.229,-8.602],[114.221,-8.645],[114.096,-8.615],[114.084,-8.629],[114.059,-8.627],[114.048,-8.646],[114.047,-8.637],[114.032,-8.63],[114.03,-8.599],[114.015,-8.59],[113.957,-8.614],[113.948,-8.6],[113.966,-8.596],[113.968,-8.579],[113.943,-8.558],[113.924,-8.563],[113.923,-8.574],[113.909,-8.579],[113.876,-8.557],[113.857,-8.559],[113.853,-8.55],[113.838,-8.554],[113.855,-8.517],[113.842,-8.495],[113.854,-8.431],[113.89,-8.41],[113.899,-8.434],[113.912,-8.441],[113.946,-8.403],[113.925,-8.386],[113.92,-8.358],[113.91,-8.347],[113.924,-8.335],[113.921,-8.308],[113.935,-8.27],[113.967,-8.232],[113.958,-8.207],[113.971,-8.19],[113.99,-8.183],[114.018,-8.146],[114.036,-8.141],[114.047,-8.125],[114.081,-8.126],[114.092,-8.116],[114.147,-8.101],[114.17,-8.108],[114.184,-8.121],[114.196,-8.103],[114.213,-8.1],[114.219,-8.075],[114.247,-8.054],[114.248,-8.043],[114.236,-8.031],[114.238,-8.007],[114.225,-7.983],[114.25,-7.939],[114.299,-7.886],[114.413,-7.94],[114.424,-7.936]]]}},{"type":"Feature","properties":{"kode":"14.10","nama":"Kepulauan Meranti","prov":"Riau","kota":false},"geometry":{"type":"MultiPolygon","coordinates":[[[[103.097,0.799],[103.109,0.794],[103.114,0.739],[103.101,0.719],[103.088,0.718],[103.076,0.743],[103.086,0.789],[103.097,0.799]]],[[[102.734,1.022],[102.749,1.008],[102.775,1.005],[102.801,0.978],[102.877,0.953],[102.913,0.925],[102.947,0.885],[103.046,0.825],[103.056,0.781],[103.049,0.721],[103.025,0.688],[102.99,0.693],[102.926,0.77],[102.857,0.794],[102.673,0.791],[102.593,0.767],[102.568,0.768],[102.451,0.816],[102.412,0.856],[102.411,0.892],[102.44,0.935],[102.488,0.931],[102.522,0.957],[102.556,0.97],[102.567,0.978],[102.589,1.001],[102.608,1.003],[102.645,0.991],[102.734,1.022]]],[[[102.535,1.13],[102.614,1.047],[102.602,1.026],[102.607,1.005],[102.591,1.004],[102.584,0.999],[102.556,0.971],[102.53,0.963],[102.501,0.945],[102.46,1.075],[102.48,1.123],[102.535,1.13]]],[[[102.771,1.159],[102.893,1.125],[102.982,1.09],[103.0,1.075],[103.153,0.895],[103.153,0.849],[103.121,0.831],[103.071,0.832],[103.043,0.86],[102.948,0.911],[102.918,0.946],[102.886,0.966],[102.81,0.991],[102.791,1.019],[102.763,1.025],[102.744,1.039],[102.727,1.04],[102.648,1.009],[102.627,1.009],[102.623,1.018],[102.656,1.033],[102.668,1.083],[102.689,1.12],[102.737,1.155],[102.771,1.159]]],[[[102.272,1.419],[102.292,1.412],[102.374,1.326],[102.485,1.238],[102.486,1.2],[102.463,1.155],[102.439,1.071],[102.468,1.011],[102.483,0.953],[102.477,0.941],[102.437,0.948],[102.418,0.921],[102.386,0.913],[102.285,0.996],[102.269,1.022],[102.237,1.101],[102.248,1.149],[102.246,1.195],[102.206,1.282],[102.228,1.33],[102.229,1.355],[102.21,1.401],[102.213,1.414],[102.272,1.419]]]]}},{"type":"Feature","properties":{"kode":"35.07","nama":"Malang","prov":"Jawa Timur","kota":false},"geometry":{"type":"Polygon","coordinates":[[[112.417,-7.764],[112.428,-7.771],[112.436,-7.765],[112.442,-7.776],[112.456,-7.779],[112.467,-7.768],[112.49,-7.766],[112.5,-7.816],[112.488,-7.878],[112.479,-7.886],[112.484,-7.925],[112.478,-7.934],[112.541,-7.926],[112.596,-7.903],[112.564,-7.88],[112.572,-7.817],[112.584,-7.769],[112.593,-7.765],[112.632,-7.798],[112.732,-7.819],[112.739,-7.838],[112.76,-7.854],[112.762,-7.876],[112.781,-7.874],[112.784,-7.9],[112.806,-7.926],[112.84,-7.939],[112.854,-7.934],[112.885,-7.952],[112.902,-7.947],[112.913,-7.957],[112.915,-7.951],[112.935,-7.956],[112.926,-7.966],[112.946,-7.98],[112.938,-7.999],[112.925,-8.001],[112.931,-8.012],[112.9,-8.062],[112.906,-8.082],[112.92,-8.088],[112.926,-8.11],[112.904,-8.192],[112.922,-8.239],[112.914,-8.282],[112.937,-8.31],[112.939,-8.338],[112.947,-8.343],[112.949,-8.357],[112.937,-8.382],[112.915,-8.394],[112.899,-8.381],[112.893,-8.389],[112.897,-8.402],[112.871,-8.408],[112.865,-8.396],[112.844,-8.4],[112.851,-8.388],[112.833,-8.369],[112.821,-8.372],[112.814,-8.399],[112.802,-8.398],[112.799,-8.404],[112.783,-8.397],[112.783,-8.386],[112.77,-8.387],[112.767,-8.406],[112.744,-8.419],[112.711,-8.417],[112.672,-8.445],[112.651,-8.448],[112.63,-8.428],[112.616,-8.433],[112.61,-8.421],[112.553,-8.402],[112.523,-8.403],[112.51,-8.395],[112.505,-8.404],[112.471,-8.393],[112.444,-8.398],[112.421,-8.381],[112.372,-8.375],[112.36,-8.348],[112.371,-8.313],[112.388,-8.285],[112.379,-8.238],[112.389,-8.233],[112.389,-8.215],[112.383,-8.191],[112.367,-8.184],[112.367,-8.175],[112.389,-8.162],[112.431,-8.159],[112.453,-8.145],[112.454,-8.062],[112.475,-8.014],[112.468,-7.999],[112.477,-7.964],[112.466,-7.957],[112.468,-7.947],[112.453,-7.927],[112.43,-7.931],[112.409,-7.949],[112.371,-7.957],[112.307,-7.929],[112.326,-7.871],[112.319,-7.863],[112.319,-7.839],[112.309,-7.839],[112.307,-7.83],[112.307,-7.801],[112.288,-7.771],[112.329,-7.777],[112.35,-7.762],[112.382,-7.785],[112.396,-7.785],[112.417,-7.764]]]}},{"type":"Feature","properties":{"kode":"13.02","nama":"Solok","prov":"Sumatera Barat","kota":false},"geometry":{"type":"Polygon","coordinates":[[[100.705,-0.571],[100.702,-0.611],[100.688,-0.632],[100.695,-0.651],[100.723,-0.663],[100.707,-0.671],[100.696,-0.724],[100.714,-0.736],[100.738,-0.725],[100.744,-0.737],[100.765,-0.743],[100.78,-0.765],[100.806,-0.768],[100.822,-0.78],[100.812,-0.795],[100.849,-0.784],[100.882,-0.81],[100.89,-0.828],[100.911,-0.812],[100.926,-0.808],[100.932,-0.814],[100.962,-0.804],[100.966,-0.813],[100.958,-0.816],[100.954,-0.832],[100.995,-0.854],[100.993,-0.871],[101.001,-0.878],[101.046,-0.886],[101.067,-0.95],[101.05,-0.968],[101.068,-0.99],[101.128,-0.977],[101.141,-0.962],[101.159,-0.956],[101.191,-0.951],[101.201,-0.957],[101.203,-0.974],[101.183,-1.006],[101.184,-1.03],[101.144,-1.04],[101.166,-1.056],[101.158,-1.071],[101.172,-1.087],[101.167,-1.109],[101.177,-1.135],[101.2,-1.163],[101.212,-1.165],[101.246,-1.214],[101.231,-1.249],[101.263,-1.263],[101.254,-1.29],[101.242,-1.295],[101.215,-1.282],[101.209,-1.293],[101.192,-1.281],[101.187,-1.295],[101.171,-1.304],[101.122,-1.293],[101.119,-1.299],[101.106,-1.294],[101.089,-1.3],[101.063,-1.279],[101.027,-1.275],[101.007,-1.259],[101.0,-1.306],[100.984,-1.313],[100.97,-1.297],[100.939,-1.284],[100.91,-1.29],[100.895,-1.303],[100.89,-1.329],[100.862,-1.301],[100.853,-1.296],[100.837,-1.305],[100.818,-1.279],[100.8,-1.279],[100.8,-1.257],[100.81,-1.244],[100.797,-1.224],[100.801,-1.203],[100.778,-1.164],[100.753,-1.161],[100.749,-1.121],[100.726,-1.095],[100.704,-1.094],[100.644,-1.121],[100.624,-1.101],[100.62,-1.061],[100.594,-1.075],[100.594,-1.068],[100.578,-1.068],[100.576,-1.057],[100.553,-1.032],[100.553,-0.989],[100.538,-0.959],[100.566,-0.903],[100.556,-0.861],[100.542,-0.86],[100.536,-0.848],[100.55,-0.825],[100.545,-0.815],[100.561,-0.819],[100.593,-0.807],[100.597,-0.798],[100.607,-0.807],[100.636,-0.795],[100.642,-0.805],[100.658,-0.809],[100.68,-0.806],[100.671,-0.771],[100.685,-0.762],[100.684,-0.748],[100.671,-0.741],[100.644,-0.745],[100.617,-0.78],[100.571,-0.787],[100.57,-0.794],[100.563,-0.792],[100.541,-0.809],[100.523,-0.789],[100.51,-0.795],[100.508,-0.753],[100.479,-0.752],[100.477,-0.733],[100.446,-0.716],[100.427,-0.658],[100.487,-0.659],[100.523,-0.642],[100.593,-0.596],[100.583,-0.585],[100.595,-0.561],[100.589,-0.555],[100.623,-0.558],[100.64,-0.539],[100.665,-0.532],[100.678,-0.537],[100.697,-0.55],[100.705,-0.571]]]}},{"type":"Feature","properties":{"kode":"19.03","nama":"Bangka Selatan","prov":"Kepulauan Bangka Belitung","kota":false},"geometry":{"type":"MultiPolygon","coordinates":[[[[106.799,-2.888],[106.833,-2.901],[106.841,-2.915],[106.894,-2.93],[106.911,-2.947],[106.879,-3.009],[106.887,-3.026],[106.883,-3.03],[106.856,-3.039],[106.849,-3.03],[106.822,-3.03],[106.709,-2.967],[106.73,-2.944],[106.732,-2.925],[106.788,-2.905],[106.799,-2.888]]],[[[107.056,-2.819],[107.062,-2.826],[107.059,-2.84],[107.068,-2.846],[107.071,-2.84],[107.093,-2.861],[107.084,-2.912],[107.056,-2.909],[107.02,-2.881],[107.056,-2.819]]],[[[106.663,-2.716],[106.601,-2.868],[106.592,-2.94],[106.607,-2.962],[106.629,-2.963],[106.634,-2.973],[106.675,-2.975],[106.692,-3.001],[106.742,-3.007],[106.729,-3.031],[106.743,-3.056],[106.732,-3.073],[106.736,-3.087],[106.721,-3.082],[106.705,-3.098],[106.685,-3.089],[106.657,-3.101],[106.651,-3.085],[106.627,-3.082],[106.609,-3.088],[106.595,-3.076],[106.584,-3.077],[106.558,-3.088],[106.55,-3.109],[106.536,-3.102],[106.514,-3.113],[106.491,-3.088],[106.499,-3.069],[106.487,-3.043],[106.442,-3.012],[106.438,-2.986],[106.422,-2.97],[106.336,-2.967],[106.321,-2.933],[106.288,-2.908],[106.233,-2.9],[106.221,-2.887],[106.182,-2.871],[106.141,-2.874],[106.121,-2.849],[106.094,-2.837],[106.032,-2.832],[105.98,-2.816],[105.95,-2.819],[105.953,-2.783],[105.919,-2.744],[105.903,-2.667],[105.887,-2.644],[105.899,-2.605],[105.892,-2.594],[105.926,-2.537],[105.971,-2.53],[105.993,-2.513],[105.985,-2.488],[105.995,-2.461],[106.02,-2.44],[106.03,-2.441],[106.03,-2.465],[106.023,-2.47],[106.031,-2.512],[106.052,-2.515],[106.052,-2.501],[106.06,-2.492],[106.07,-2.5],[106.103,-2.489],[106.144,-2.505],[106.15,-2.521],[106.188,-2.559],[106.237,-2.583],[106.289,-2.57],[106.31,-2.548],[106.371,-2.554],[106.391,-2.567],[106.421,-2.57],[106.427,-2.562],[106.449,-2.569],[106.456,-2.564],[106.458,-2.573],[106.448,-2.584],[106.454,-2.608],[106.461,-2.624],[106.472,-2.625],[106.48,-2.615],[106.488,-2.62],[106.487,-2.667],[106.495,-2.67],[106.508,-2.651],[106.564,-2.653],[106.561,-2.663],[106.582,-2.685],[106.633,-2.695],[106.645,-2.719],[106.663,-2.716]]]]}},{"type":"Feature","properties":{"kode":"18.08","nama":"Way Kanan","prov":"Lampung","kota":false},"geometry":{"type":"Polygon","coordinates":[[[104.946,-4.192],[104.944,-4.208],[104.953,-4.224],[104.942,-4.232],[104.954,-4.249],[104.986,-4.257],[104.996,-4.288],[104.996,-4.322],[104.989,-4.33],[105.003,-4.353],[104.982,-4.351],[104.981,-4.385],[105.01,-4.388],[105.034,-4.411],[105.05,-4.404],[105.07,-4.436],[105.017,-4.466],[105.008,-4.464],[105.01,-4.449],[104.986,-4.446],[104.966,-4.46],[104.967,-4.475],[104.957,-4.484],[104.95,-4.488],[104.945,-4.48],[104.933,-4.488],[104.926,-4.515],[104.898,-4.524],[104.863,-4.509],[104.819,-4.504],[104.793,-4.515],[104.783,-4.532],[104.731,-4.537],[104.73,-4.555],[104.702,-4.553],[104.7,-4.567],[104.708,-4.571],[104.696,-4.583],[104.699,-4.598],[104.645,-4.633],[104.638,-4.657],[104.609,-4.681],[104.611,-4.69],[104.634,-4.706],[104.624,-4.739],[104.635,-4.742],[104.634,-4.762],[104.645,-4.781],[104.621,-4.797],[104.622,-4.822],[104.609,-4.832],[104.603,-4.824],[104.549,-4.832],[104.555,-4.849],[104.544,-4.859],[104.534,-4.893],[104.527,-4.894],[104.51,-4.943],[104.481,-4.933],[104.445,-4.944],[104.437,-4.934],[104.442,-4.921],[104.422,-4.903],[104.412,-4.864],[104.353,-4.874],[104.34,-4.867],[104.36,-4.842],[104.364,-4.822],[104.341,-4.823],[104.326,-4.807],[104.304,-4.765],[104.307,-4.705],[104.29,-4.704],[104.288,-4.69],[104.295,-4.646],[104.325,-4.627],[104.341,-4.602],[104.335,-4.557],[104.323,-4.556],[104.311,-4.513],[104.329,-4.512],[104.322,-4.458],[104.349,-4.398],[104.379,-4.373],[104.384,-4.348],[104.413,-4.337],[104.435,-4.316],[104.435,-4.306],[104.45,-4.298],[104.461,-4.312],[104.472,-4.312],[104.483,-4.293],[104.492,-4.297],[104.508,-4.28],[104.524,-4.278],[104.525,-4.264],[104.585,-4.243],[104.621,-4.214],[104.626,-4.219],[104.623,-4.241],[104.632,-4.245],[104.653,-4.245],[104.679,-4.257],[104.693,-4.25],[104.706,-4.259],[104.763,-4.246],[104.793,-4.267],[104.815,-4.242],[104.876,-4.234],[104.876,-4.221],[104.903,-4.21],[104.906,-4.201],[104.946,-4.192]]]}},{"type":"Feature","properties":{"kode":"11.15","nama":"Nagan Raya","prov":"Aceh","kota":false},"geometry":{"type":"Polygon","coordinates":[[[96.794,4.28],[96.799,4.265],[96.79,4.239],[96.791,4.2],[96.75,4.161],[96.716,4.101],[96.724,4.094],[96.719,4.079],[96.727,4.051],[96.727,4.038],[96.713,4.021],[96.718,4.01],[96.706,4.005],[96.698,3.987],[96.679,3.986],[96.631,3.962],[96.618,3.93],[96.621,3.913],[96.607,3.91],[96.596,3.887],[96.586,3.837],[96.613,3.81],[96.62,3.79],[96.606,3.773],[96.62,3.759],[96.62,3.737],[96.534,3.731],[96.502,3.746],[96.448,3.791],[96.384,3.849],[96.281,4.003],[96.19,4.107],[96.2,4.115],[96.215,4.111],[96.234,4.12],[96.243,4.13],[96.234,4.133],[96.238,4.144],[96.258,4.137],[96.258,4.147],[96.268,4.144],[96.275,4.152],[96.271,4.169],[96.279,4.184],[96.268,4.199],[96.273,4.207],[96.267,4.226],[96.255,4.238],[96.259,4.274],[96.273,4.286],[96.279,4.308],[96.311,4.337],[96.308,4.351],[96.321,4.359],[96.32,4.368],[96.339,4.374],[96.343,4.381],[96.332,4.384],[96.333,4.391],[96.364,4.393],[96.372,4.418],[96.438,4.425],[96.482,4.461],[96.484,4.501],[96.459,4.502],[96.443,4.528],[96.492,4.548],[96.49,4.625],[96.503,4.632],[96.572,4.578],[96.61,4.563],[96.636,4.562],[96.654,4.548],[96.656,4.53],[96.619,4.531],[96.606,4.514],[96.607,4.503],[96.611,4.499],[96.622,4.514],[96.659,4.502],[96.689,4.47],[96.654,4.449],[96.628,4.406],[96.682,4.393],[96.672,4.382],[96.675,4.37],[96.719,4.354],[96.714,4.336],[96.719,4.326],[96.758,4.295],[96.794,4.28]]]}},{"type":"Feature","properties":{"kode":"63.09","nama":"Tabalong","prov":"Kalimantan Selatan","kota":false},"geometry":{"type":"Polygon","coordinates":[[[115.695,-2.041],[115.688,-2.077],[115.67,-2.09],[115.656,-2.116],[115.64,-2.13],[115.617,-2.116],[115.62,-2.125],[115.567,-2.162],[115.551,-2.187],[115.492,-2.211],[115.475,-2.242],[115.478,-2.255],[115.458,-2.272],[115.442,-2.27],[115.405,-2.298],[115.36,-2.296],[115.348,-2.308],[115.357,-2.313],[115.356,-2.341],[115.301,-2.341],[115.286,-2.347],[115.283,-2.36],[115.214,-2.34],[115.154,-2.303],[115.126,-2.295],[115.254,-2.209],[115.264,-2.222],[115.29,-2.224],[115.302,-2.181],[115.299,-2.142],[115.336,-2.096],[115.355,-2.095],[115.355,-2.065],[115.364,-2.044],[115.378,-2.051],[115.395,-2.046],[115.408,-2.056],[115.397,-2.039],[115.397,-2.013],[115.416,-2.013],[115.42,-1.974],[115.428,-1.972],[115.441,-1.942],[115.433,-1.947],[115.435,-1.939],[115.421,-1.934],[115.431,-1.924],[115.418,-1.915],[115.42,-1.901],[115.405,-1.895],[115.404,-1.886],[115.385,-1.894],[115.321,-1.892],[115.316,-1.852],[115.302,-1.827],[115.311,-1.827],[115.312,-1.796],[115.334,-1.748],[115.334,-1.716],[115.344,-1.703],[115.347,-1.675],[115.374,-1.653],[115.358,-1.592],[115.391,-1.52],[115.435,-1.496],[115.431,-1.457],[115.441,-1.45],[115.454,-1.462],[115.471,-1.43],[115.488,-1.449],[115.513,-1.452],[115.524,-1.43],[115.557,-1.398],[115.563,-1.4],[115.577,-1.381],[115.615,-1.367],[115.626,-1.35],[115.641,-1.351],[115.667,-1.335],[115.716,-1.336],[115.759,-1.313],[115.707,-1.413],[115.695,-1.416],[115.688,-1.447],[115.665,-1.461],[115.635,-1.464],[115.622,-1.479],[115.617,-1.5],[115.627,-1.503],[115.621,-1.51],[115.651,-1.515],[115.631,-1.534],[115.636,-1.548],[115.629,-1.562],[115.64,-1.562],[115.631,-1.579],[115.64,-1.586],[115.636,-1.604],[115.67,-1.63],[115.677,-1.657],[115.665,-1.707],[115.707,-1.733],[115.69,-1.751],[115.69,-1.78],[115.68,-1.793],[115.689,-1.804],[115.709,-1.79],[115.728,-1.797],[115.722,-1.832],[115.732,-1.86],[115.723,-1.921],[115.694,-1.977],[115.711,-1.98],[115.719,-1.997],[115.713,-2.023],[115.695,-2.041]]]}},{"type":"Feature","properties":{"kode":"65.04","nama":"Tana Tidung","prov":"Kalimantan Utara","kota":false},"geometry":{"type":"MultiPolygon","coordinates":[[[[117.367,3.441],[117.438,3.418],[117.444,3.399],[117.434,3.348],[117.417,3.34],[117.422,3.371],[117.416,3.39],[117.397,3.408],[117.369,3.417],[117.367,3.441]]],[[[117.248,3.588],[117.276,3.586],[117.287,3.568],[117.306,3.56],[117.371,3.563],[117.407,3.538],[117.438,3.529],[117.435,3.509],[117.444,3.504],[117.456,3.51],[117.48,3.494],[117.505,3.497],[117.518,3.482],[117.487,3.45],[117.486,3.433],[117.445,3.457],[117.323,3.491],[117.293,3.484],[117.231,3.497],[117.201,3.539],[117.22,3.572],[117.248,3.588]]],[[[117.389,3.614],[117.456,3.583],[117.46,3.569],[117.436,3.562],[117.418,3.584],[117.391,3.59],[117.303,3.579],[117.292,3.597],[117.389,3.614]]],[[[117.482,3.637],[117.486,3.634],[117.506,3.634],[117.517,3.638],[117.515,3.622],[117.496,3.598],[117.43,3.624],[117.436,3.641],[117.456,3.634],[117.466,3.637],[117.477,3.646],[117.482,3.637]]],[[[117.493,3.699],[117.491,3.678],[117.467,3.671],[117.459,3.679],[117.428,3.678],[117.449,3.699],[117.482,3.709],[117.493,3.699]]],[[[117.427,3.693],[117.425,3.674],[117.429,3.671],[117.457,3.675],[117.469,3.667],[117.485,3.674],[117.496,3.64],[117.484,3.637],[117.48,3.646],[117.475,3.648],[117.457,3.635],[117.437,3.642],[117.432,3.639],[117.428,3.625],[117.386,3.641],[117.323,3.624],[117.258,3.618],[117.16,3.644],[117.076,3.636],[117.016,3.596],[117.0,3.598],[117.0,3.588],[117.016,3.586],[117.075,3.611],[117.103,3.61],[117.135,3.621],[117.219,3.61],[117.228,3.595],[117.204,3.563],[117.194,3.535],[117.212,3.5],[117.255,3.471],[117.322,3.462],[117.301,3.451],[117.306,3.449],[117.355,3.449],[117.37,3.412],[117.397,3.404],[117.414,3.388],[117.415,3.337],[117.409,3.326],[117.39,3.325],[117.392,3.342],[117.373,3.355],[117.369,3.372],[117.337,3.372],[117.329,3.378],[117.325,3.404],[117.312,3.413],[117.304,3.41],[117.299,3.424],[117.289,3.428],[117.278,3.404],[117.283,3.394],[117.245,3.314],[117.226,3.337],[117.186,3.336],[117.186,3.347],[117.173,3.358],[117.136,3.345],[117.114,3.349],[117.111,3.362],[117.098,3.363],[117.091,3.39],[117.067,3.392],[117.063,3.403],[117.049,3.407],[117.003,3.391],[116.967,3.404],[116.924,3.385],[116.913,3.384],[116.9,3.397],[116.819,3.387],[116.785,3.371],[116.774,3.383],[116.761,3.385],[116.744,3.382],[116.735,3.37],[116.705,3.371],[116.696,3.399],[116.71,3.424],[116.697,3.433],[116.702,3.451],[116.69,3.499],[116.676,3.517],[116.677,3.533],[116.694,3.55],[116.712,3.55],[116.697,3.559],[116.698,3.572],[116.719,3.599],[116.738,3.606],[116.716,3.631],[116.716,3.644],[116.737,3.656],[116.743,3.681],[116.761,3.695],[116.832,3.693],[116.881,3.732],[116.944,3.75],[116.968,3.737],[117.043,3.735],[117.138,3.754],[117.182,3.749],[117.215,3.768],[117.237,3.762],[117.234,3.748],[117.25,3.73],[117.261,3.733],[117.291,3.719],[117.387,3.71],[117.407,3.695],[117.427,3.693]]],[[[117.661,3.785],[117.686,3.767],[117.815,3.721],[117.826,3.704],[117.768,3.681],[117.761,3.657],[117.734,3.631],[117.717,3.636],[117.718,3.629],[117.661,3.615],[117.591,3.628],[117.564,3.641],[117.52,3.674],[117.483,3.728],[117.485,3.744],[117.477,3.756],[117.488,3.769],[117.503,3.765],[117.525,3.774],[117.53,3.767],[117.558,3.784],[117.576,3.78],[117.599,3.795],[117.601,3.774],[117.628,3.779],[117.647,3.771],[117.661,3.785]]]]}},{"type":"Feature","properties":{"kode":"15.01","nama":"Kerinci","prov":"Jambi","kota":false},"geometry":{"type":"Polygon","coordinates":[[[101.427,-1.677],[101.445,-1.711],[101.618,-1.874],[101.636,-1.898],[101.641,-1.925],[101.667,-1.973],[101.696,-1.988],[101.698,-1.997],[101.73,-2.001],[101.727,-2.021],[101.751,-2.038],[101.76,-2.074],[101.793,-2.105],[101.783,-2.139],[101.801,-2.144],[101.825,-2.178],[101.837,-2.182],[101.829,-2.189],[101.813,-2.177],[101.799,-2.192],[101.784,-2.195],[101.774,-2.221],[101.779,-2.228],[101.741,-2.261],[101.711,-2.318],[101.677,-2.329],[101.659,-2.347],[101.652,-2.34],[101.638,-2.35],[101.614,-2.333],[101.6,-2.333],[101.587,-2.349],[101.588,-2.36],[101.555,-2.352],[101.553,-2.405],[101.562,-2.428],[101.557,-2.452],[101.404,-2.356],[101.379,-2.355],[101.371,-2.349],[101.387,-2.336],[101.355,-2.328],[101.293,-2.289],[101.281,-2.263],[101.28,-2.251],[101.37,-2.191],[101.369,-2.174],[101.392,-2.181],[101.412,-2.166],[101.409,-2.119],[101.418,-2.105],[101.445,-2.103],[101.454,-2.093],[101.443,-2.067],[101.445,-2.045],[101.429,-2.027],[101.289,-2.026],[101.272,-2.032],[101.24,-2.067],[101.138,-1.899],[101.132,-1.685],[101.169,-1.711],[101.191,-1.676],[101.197,-1.71],[101.216,-1.725],[101.226,-1.718],[101.242,-1.721],[101.265,-1.696],[101.307,-1.701],[101.331,-1.695],[101.337,-1.681],[101.373,-1.675],[101.391,-1.69],[101.413,-1.673],[101.427,-1.677]]]}},{"type":"Feature","properties":{"kode":"16.08","nama":"Ogan Komering Ulu Timur","prov":"Sumatera Selatan","kota":false},"geometry":{"type":"Polygon","coordinates":[[[104.773,-3.709],[104.778,-3.73],[104.802,-3.735],[104.8,-3.757],[104.835,-3.748],[104.869,-3.791],[104.877,-3.811],[104.872,-3.838],[104.877,-3.861],[104.861,-3.874],[104.849,-3.911],[104.887,-3.91],[104.897,-3.926],[104.855,-3.952],[104.866,-3.958],[104.892,-3.943],[104.928,-3.945],[104.925,-3.975],[104.912,-4.005],[104.873,-4.021],[104.853,-4.036],[104.846,-4.054],[104.828,-4.064],[104.834,-4.101],[104.805,-4.111],[104.79,-4.127],[104.785,-4.171],[104.777,-4.174],[104.758,-4.215],[104.746,-4.223],[104.748,-4.248],[104.706,-4.259],[104.693,-4.25],[104.679,-4.257],[104.653,-4.245],[104.632,-4.245],[104.623,-4.241],[104.626,-4.219],[104.621,-4.214],[104.585,-4.243],[104.525,-4.264],[104.524,-4.278],[104.508,-4.28],[104.492,-4.297],[104.483,-4.293],[104.472,-4.312],[104.461,-4.312],[104.45,-4.298],[104.435,-4.306],[104.435,-4.316],[104.413,-4.337],[104.384,-4.348],[104.379,-4.373],[104.349,-4.398],[104.322,-4.458],[104.329,-4.512],[104.311,-4.513],[104.323,-4.556],[104.335,-4.557],[104.341,-4.602],[104.325,-4.627],[104.299,-4.644],[104.281,-4.625],[104.277,-4.579],[104.248,-4.53],[104.244,-4.512],[104.224,-4.491],[104.212,-4.442],[104.196,-4.439],[104.151,-4.406],[104.174,-4.414],[104.196,-4.395],[104.217,-4.4],[104.24,-4.332],[104.221,-4.304],[104.231,-4.275],[104.226,-4.25],[104.261,-4.246],[104.29,-4.212],[104.322,-4.208],[104.333,-4.176],[104.308,-4.075],[104.343,-4.047],[104.358,-4.008],[104.378,-4.011],[104.399,-4.004],[104.416,-3.993],[104.406,-3.984],[104.436,-3.98],[104.445,-3.958],[104.457,-3.952],[104.477,-3.957],[104.471,-3.93],[104.486,-3.921],[104.501,-3.894],[104.523,-3.893],[104.542,-3.873],[104.567,-3.863],[104.556,-3.851],[104.563,-3.831],[104.573,-3.826],[104.556,-3.803],[104.608,-3.722],[104.621,-3.713],[104.635,-3.655],[104.664,-3.647],[104.661,-3.634],[104.652,-3.635],[104.654,-3.628],[104.668,-3.634],[104.668,-3.627],[104.677,-3.626],[104.675,-3.632],[104.687,-3.637],[104.7,-3.618],[104.706,-3.622],[104.695,-3.656],[104.722,-3.679],[104.753,-3.686],[104.76,-3.705],[104.773,-3.709]]]}},{"type":"Feature","properties":{"kode":"82.03","nama":"Halmahera Utara","prov":"Maluku Utara","kota":false},"geometry":{"type":"MultiPolygon","coordinates":[[[[127.688,0.878],[127.682,0.854],[127.647,0.868],[127.638,0.88],[127.65,0.9],[127.634,0.914],[127.617,0.949],[127.604,0.951],[127.602,0.965],[127.627,0.989],[127.639,0.992],[127.649,1.026],[127.647,1.038],[127.606,1.044],[127.602,1.07],[127.615,1.082],[127.604,1.108],[127.626,1.117],[127.62,1.14],[127.628,1.16],[127.644,1.171],[127.636,1.22],[127.624,1.239],[127.632,1.25],[127.642,1.246],[127.647,1.252],[127.649,1.271],[127.636,1.273],[127.644,1.299],[127.637,1.305],[127.644,1.316],[127.641,1.328],[127.657,1.332],[127.662,1.365],[127.675,1.375],[127.657,1.411],[127.66,1.423],[127.683,1.443],[127.671,1.462],[127.686,1.48],[127.7,1.479],[127.711,1.489],[127.712,1.51],[127.73,1.539],[127.732,1.624],[127.718,1.642],[127.703,1.706],[127.722,1.778],[127.717,1.79],[127.734,1.797],[127.749,1.846],[127.748,1.868],[127.761,1.876],[127.761,1.889],[127.774,1.903],[127.791,1.911],[127.768,1.959],[127.76,1.961],[127.749,1.946],[127.745,1.968],[127.785,2.008],[127.788,2.024],[127.837,2.09],[127.9,2.134],[127.911,2.157],[127.927,2.161],[127.933,2.18],[127.96,2.197],[127.956,2.221],[127.978,2.207],[127.98,2.181],[128.019,2.196],[128.063,2.199],[128.069,2.19],[128.064,2.172],[128.031,2.122],[127.954,2.038],[127.948,2.024],[127.952,1.992],[127.929,1.979],[127.919,1.961],[127.889,1.954],[127.851,1.925],[127.852,1.87],[127.842,1.849],[127.846,1.822],[127.857,1.822],[127.863,1.805],[127.87,1.81],[127.899,1.798],[127.928,1.81],[127.954,1.792],[127.963,1.77],[127.992,1.762],[128.011,1.738],[128.022,1.704],[128.021,1.689],[127.994,1.669],[128.0,1.624],[127.989,1.624],[127.988,1.614],[128.003,1.596],[128.026,1.585],[128.027,1.593],[128.037,1.581],[128.033,1.556],[128.024,1.548],[128.035,1.532],[128.01,1.424],[128.024,1.404],[127.995,1.393],[127.987,1.364],[127.994,1.332],[128.01,1.312],[127.977,1.306],[127.972,1.276],[127.952,1.26],[127.945,1.242],[127.919,1.227],[127.902,1.173],[127.903,1.15],[127.854,1.155],[127.825,1.147],[127.802,1.107],[127.793,1.109],[127.758,1.069],[127.734,1.062],[127.709,1.042],[127.672,1.035],[127.651,1.022],[127.647,1.0],[127.641,0.993],[127.637,0.991],[127.635,0.991],[127.629,0.984],[127.626,0.971],[127.63,0.943],[127.64,0.941],[127.631,0.922],[127.64,0.912],[127.65,0.917],[127.665,0.881],[127.652,0.876],[127.67,0.865],[127.679,0.867],[127.667,0.874],[127.669,0.88],[127.688,0.878]]],[[[127.778,2.294],[127.778,2.276],[127.825,2.27],[127.823,2.241],[127.793,2.218],[127.773,2.22],[127.769,2.255],[127.757,2.263],[127.778,2.294]]]]}},{"type":"Feature","properties":{"kode":"95.05","nama":"Mamberamo Tengah","prov":"Papua Pegunungan","kota":false},"geometry":{"type":"Polygon","coordinates":[[[139.065,-3.276],[139.094,-3.29],[139.095,-3.307],[139.083,-3.304],[139.072,-3.289],[139.069,-3.298],[139.073,-3.324],[139.084,-3.335],[139.106,-3.336],[139.107,-3.376],[139.121,-3.382],[139.121,-3.361],[139.13,-3.354],[139.147,-3.373],[139.14,-3.426],[139.165,-3.433],[139.181,-3.427],[139.207,-3.449],[139.256,-3.418],[139.269,-3.419],[139.269,-3.427],[139.251,-3.432],[139.25,-3.453],[139.269,-3.442],[139.278,-3.465],[139.306,-3.474],[139.317,-3.454],[139.331,-3.446],[139.331,-3.475],[139.342,-3.484],[139.379,-3.467],[139.368,-3.449],[139.374,-3.436],[139.417,-3.443],[139.441,-3.464],[139.464,-3.46],[139.458,-3.487],[139.436,-3.51],[139.434,-3.574],[139.418,-3.6],[139.395,-3.612],[139.371,-3.608],[139.361,-3.633],[139.334,-3.655],[139.322,-3.629],[139.289,-3.667],[139.284,-3.694],[139.26,-3.719],[139.268,-3.724],[139.286,-3.717],[139.309,-3.727],[139.304,-3.733],[139.285,-3.724],[139.279,-3.747],[139.292,-3.756],[139.289,-3.771],[139.264,-3.772],[139.207,-3.741],[139.156,-3.763],[139.137,-3.757],[139.125,-3.735],[139.119,-3.737],[139.106,-3.746],[139.129,-3.801],[139.118,-3.816],[139.034,-3.859],[139.019,-3.853],[139.012,-3.835],[138.983,-3.828],[138.983,-3.816],[138.973,-3.805],[138.956,-3.804],[138.967,-3.825],[138.953,-3.833],[138.957,-3.838],[138.971,-3.849],[138.995,-3.845],[139.015,-3.861],[139.005,-3.866],[138.948,-3.862],[138.949,-3.879],[138.929,-3.868],[138.905,-3.868],[138.898,-3.84],[138.906,-3.813],[138.882,-3.792],[138.789,-3.809],[138.778,-3.797],[138.75,-3.789],[138.739,-3.794],[138.724,-3.776],[138.673,-3.779],[138.667,-3.753],[138.621,-3.769],[138.609,-3.75],[138.639,-3.741],[138.648,-3.711],[138.699,-3.723],[138.724,-3.671],[138.742,-3.655],[138.744,-3.62],[138.759,-3.612],[138.751,-3.599],[138.727,-3.598],[138.722,-3.558],[138.707,-3.544],[138.715,-3.505],[138.702,-3.486],[138.691,-3.484],[138.661,-3.452],[138.641,-3.448],[138.615,-3.402],[138.597,-3.388],[138.65,-3.397],[138.676,-3.416],[138.76,-3.45],[138.766,-3.47],[138.845,-3.375],[138.902,-3.281],[138.908,-3.256],[138.919,-3.278],[138.898,-3.292],[138.878,-3.329],[138.876,-3.34],[138.888,-3.357],[138.874,-3.425],[138.893,-3.403],[138.925,-3.389],[138.931,-3.364],[138.964,-3.346],[138.966,-3.329],[138.993,-3.318],[138.999,-3.301],[139.017,-3.302],[139.03,-3.285],[139.046,-3.294],[139.053,-3.28],[139.065,-3.276]]]}},{"type":"Feature","properties":{"kode":"13.07","nama":"Lima Puluh Kota","prov":"Sumatera Barat","kota":false},"geometry":{"type":"Polygon","coordinates":[[[100.437,0.414],[100.461,0.412],[100.461,0.401],[100.434,0.379],[100.431,0.356],[100.449,0.346],[100.467,0.315],[100.492,0.305],[100.511,0.318],[100.53,0.318],[100.536,0.304],[100.559,0.305],[100.585,0.274],[100.59,0.251],[100.626,0.234],[100.626,0.221],[100.671,0.195],[100.671,0.186],[100.686,0.19],[100.701,0.249],[100.713,0.24],[100.763,0.235],[100.769,0.249],[100.802,0.258],[100.811,0.252],[100.815,0.261],[100.843,0.223],[100.839,0.213],[100.85,0.172],[100.842,0.146],[100.834,0.14],[100.82,0.145],[100.814,0.134],[100.788,0.127],[100.786,0.106],[100.774,0.102],[100.8,0.05],[100.827,0.056],[100.833,0.069],[100.863,0.042],[100.845,0.034],[100.843,-0.003],[100.824,-0.02],[100.829,-0.028],[100.817,-0.034],[100.815,-0.044],[100.807,-0.042],[100.806,-0.02],[100.781,-0.03],[100.768,-0.021],[100.758,-0.044],[100.742,-0.039],[100.736,-0.049],[100.749,-0.056],[100.755,-0.086],[100.76,-0.12],[100.753,-0.132],[100.766,-0.148],[100.773,-0.179],[100.784,-0.186],[100.774,-0.213],[100.802,-0.243],[100.815,-0.278],[100.843,-0.29],[100.845,-0.316],[100.835,-0.322],[100.848,-0.343],[100.839,-0.352],[100.811,-0.355],[100.778,-0.348],[100.773,-0.356],[100.78,-0.367],[100.757,-0.371],[100.678,-0.324],[100.663,-0.33],[100.664,-0.351],[100.619,-0.352],[100.584,-0.339],[100.567,-0.323],[100.58,-0.288],[100.562,-0.28],[100.545,-0.284],[100.537,-0.279],[100.543,-0.263],[100.528,-0.245],[100.514,-0.247],[100.456,-0.214],[100.445,-0.204],[100.444,-0.186],[100.411,-0.177],[100.404,-0.161],[100.379,-0.148],[100.374,-0.124],[100.38,-0.113],[100.343,-0.093],[100.325,-0.054],[100.301,-0.037],[100.265,-0.032],[100.267,-0.02],[100.349,0.034],[100.35,0.045],[100.338,0.044],[100.329,0.053],[100.316,0.085],[100.324,0.097],[100.321,0.12],[100.329,0.152],[100.353,0.171],[100.353,0.179],[100.347,0.205],[100.338,0.204],[100.334,0.255],[100.316,0.274],[100.32,0.287],[100.308,0.302],[100.323,0.319],[100.332,0.353],[100.302,0.386],[100.301,0.396],[100.323,0.4],[100.346,0.381],[100.368,0.395],[100.376,0.39],[100.389,0.407],[100.419,0.423],[100.437,0.414]]]}},{"type":"Feature","properties":{"kode":"35.09","nama":"Jember","prov":"Jawa Timur","kota":false},"geometry":{"type":"MultiPolygon","coordinates":[[[[113.296,-8.444],[113.315,-8.452],[113.332,-8.448],[113.342,-8.458],[113.353,-8.449],[113.373,-8.457],[113.39,-8.454],[113.407,-8.471],[113.42,-8.47],[113.4,-8.496],[113.307,-8.509],[113.269,-8.497],[113.265,-8.489],[113.271,-8.467],[113.291,-8.458],[113.296,-8.444]]],[[[114.047,-8.125],[113.958,-8.207],[113.967,-8.232],[113.935,-8.27],[113.921,-8.308],[113.924,-8.335],[113.91,-8.347],[113.92,-8.358],[113.925,-8.386],[113.946,-8.403],[113.912,-8.441],[113.899,-8.434],[113.89,-8.41],[113.854,-8.431],[113.842,-8.495],[113.855,-8.517],[113.838,-8.554],[113.833,-8.527],[113.816,-8.556],[113.808,-8.556],[113.815,-8.54],[113.806,-8.509],[113.812,-8.499],[113.796,-8.489],[113.758,-8.503],[113.761,-8.515],[113.735,-8.526],[113.732,-8.515],[113.714,-8.52],[113.722,-8.496],[113.718,-8.485],[113.703,-8.482],[113.69,-8.505],[113.685,-8.492],[113.669,-8.498],[113.647,-8.494],[113.648,-8.48],[113.637,-8.47],[113.643,-8.463],[113.639,-8.455],[113.627,-8.455],[113.626,-8.448],[113.599,-8.435],[113.587,-8.443],[113.567,-8.425],[113.535,-8.43],[113.495,-8.413],[113.486,-8.416],[113.475,-8.385],[113.466,-8.381],[113.432,-8.379],[113.388,-8.4],[113.353,-8.344],[113.303,-8.307],[113.32,-8.265],[113.313,-8.229],[113.333,-8.208],[113.353,-8.204],[113.368,-8.185],[113.367,-8.168],[113.379,-8.158],[113.364,-8.104],[113.367,-8.085],[113.349,-8.055],[113.361,-8.028],[113.379,-8.021],[113.391,-7.997],[113.465,-8.027],[113.476,-8.025],[113.48,-7.997],[113.533,-8.009],[113.559,-7.995],[113.563,-7.983],[113.591,-7.983],[113.595,-7.976],[113.613,-7.991],[113.629,-7.976],[113.67,-7.968],[113.672,-7.986],[113.687,-8.011],[113.71,-8.011],[113.726,-8.024],[113.747,-8.061],[113.772,-8.038],[113.802,-8.058],[113.812,-8.046],[113.854,-8.044],[113.858,-8.039],[113.846,-8.022],[113.857,-8.018],[113.869,-8.032],[113.885,-8.03],[113.887,-8.017],[113.895,-8.016],[114.003,-8.074],[114.028,-8.113],[114.04,-8.114],[114.047,-8.125]]]]}},{"type":"Feature","properties":{"kode":"36.02","nama":"Lebak","prov":"Banten","kota":false},"geometry":{"type":"Polygon","coordinates":[[[106.401,-6.33],[106.414,-6.346],[106.429,-6.351],[106.435,-6.394],[106.451,-6.414],[106.45,-6.434],[106.44,-6.45],[106.404,-6.454],[106.412,-6.468],[106.404,-6.517],[106.43,-6.58],[106.429,-6.68],[106.467,-6.751],[106.498,-6.752],[106.526,-6.768],[106.498,-6.791],[106.456,-6.805],[106.436,-6.824],[106.431,-6.862],[106.393,-6.9],[106.4,-6.924],[106.39,-6.942],[106.395,-6.982],[106.379,-6.995],[106.372,-6.99],[106.358,-6.998],[106.335,-6.987],[106.307,-6.994],[106.303,-6.981],[106.271,-6.977],[106.24,-6.955],[106.246,-6.949],[106.238,-6.931],[106.106,-6.883],[106.065,-6.838],[106.034,-6.823],[105.982,-6.813],[105.921,-6.816],[105.896,-6.825],[105.897,-6.84],[105.881,-6.845],[105.883,-6.823],[105.866,-6.788],[105.869,-6.775],[105.884,-6.761],[105.893,-6.721],[105.918,-6.719],[105.938,-6.664],[105.946,-6.66],[105.943,-6.63],[105.932,-6.623],[105.934,-6.6],[105.966,-6.554],[105.983,-6.542],[105.975,-6.517],[105.984,-6.517],[105.984,-6.505],[106.024,-6.445],[106.025,-6.428],[106.036,-6.428],[106.043,-6.411],[106.056,-6.414],[106.055,-6.407],[106.064,-6.405],[106.091,-6.424],[106.109,-6.427],[106.118,-6.42],[106.113,-6.399],[106.132,-6.378],[106.126,-6.358],[106.13,-6.327],[106.152,-6.323],[106.157,-6.297],[106.214,-6.293],[106.222,-6.312],[106.234,-6.302],[106.244,-6.305],[106.245,-6.297],[106.257,-6.299],[106.26,-6.311],[106.273,-6.3],[106.308,-6.32],[106.32,-6.335],[106.401,-6.33]]]}},{"type":"Feature","properties":{"kode":"62.08","nama":"Sukamara","prov":"Kalimantan Tengah","kota":false},"geometry":{"type":"Polygon","coordinates":[[[111.39,-2.267],[111.374,-2.284],[111.369,-2.275],[111.348,-2.286],[111.353,-2.3],[111.347,-2.306],[111.317,-2.305],[111.316,-2.333],[111.275,-2.336],[111.266,-2.347],[111.265,-2.373],[111.284,-2.373],[111.284,-2.4],[111.296,-2.408],[111.275,-2.43],[111.287,-2.517],[111.255,-2.5],[111.218,-2.505],[111.225,-2.562],[111.289,-2.585],[111.308,-2.584],[111.344,-2.626],[111.4,-2.653],[111.362,-2.76],[111.382,-2.76],[111.383,-2.817],[111.38,-2.877],[111.362,-2.909],[111.331,-2.912],[111.113,-3.027],[111.04,-3.054],[110.978,-3.066],[110.951,-3.063],[110.915,-3.045],[110.816,-2.981],[110.771,-2.978],[110.733,-2.996],[110.756,-2.942],[110.794,-2.912],[110.827,-2.905],[110.851,-2.885],[110.862,-2.889],[110.894,-2.87],[110.962,-2.86],[110.995,-2.831],[111.009,-2.797],[111.101,-2.769],[111.149,-2.74],[111.17,-2.707],[111.176,-2.688],[111.16,-2.661],[111.156,-2.637],[111.132,-2.599],[111.127,-2.562],[111.143,-2.561],[111.147,-2.542],[111.118,-2.531],[111.099,-2.467],[111.101,-2.45],[111.114,-2.446],[111.117,-2.432],[111.107,-2.412],[111.116,-2.373],[111.106,-2.373],[111.107,-2.352],[111.116,-2.328],[111.103,-2.303],[111.07,-2.281],[111.056,-2.253],[111.042,-2.251],[111.039,-2.237],[111.025,-2.226],[111.031,-2.205],[111.041,-2.198],[111.037,-2.168],[111.05,-2.161],[111.07,-2.115],[111.058,-2.059],[111.087,-2.046],[111.105,-2.028],[111.157,-2.018],[111.158,-2.03],[111.172,-2.036],[111.205,-2.038],[111.195,-2.057],[111.204,-2.064],[111.25,-2.063],[111.268,-2.073],[111.269,-2.084],[111.26,-2.085],[111.268,-2.102],[111.265,-2.14],[111.294,-2.149],[111.356,-2.152],[111.367,-2.192],[111.358,-2.215],[111.389,-2.215],[111.39,-2.267]]]}},{"type":"Feature","properties":{"kode":"92.12","nama":"Pegunungan Arfak","prov":"Papua Barat","kota":false},"geometry":{"type":"Polygon","coordinates":[[[134.044,-1.241],[134.037,-1.256],[134.052,-1.262],[134.055,-1.278],[134.081,-1.282],[134.083,-1.295],[134.073,-1.307],[134.085,-1.331],[134.069,-1.341],[134.063,-1.357],[134.045,-1.356],[134.044,-1.362],[134.046,-1.375],[134.075,-1.395],[134.08,-1.416],[134.05,-1.404],[134.038,-1.412],[134.079,-1.419],[134.076,-1.443],[134.01,-1.431],[134.005,-1.451],[134.012,-1.464],[133.974,-1.472],[133.972,-1.486],[133.958,-1.49],[133.952,-1.51],[133.94,-1.508],[133.933,-1.518],[133.939,-1.537],[133.918,-1.536],[133.904,-1.525],[133.888,-1.531],[133.881,-1.52],[133.85,-1.506],[133.853,-1.527],[133.844,-1.558],[133.816,-1.544],[133.786,-1.514],[133.774,-1.528],[133.748,-1.528],[133.748,-1.514],[133.732,-1.51],[133.683,-1.529],[133.672,-1.51],[133.693,-1.484],[133.702,-1.447],[133.698,-1.409],[133.685,-1.39],[133.675,-1.396],[133.672,-1.459],[133.655,-1.494],[133.575,-1.513],[133.556,-1.497],[133.518,-1.509],[133.488,-1.5],[133.464,-1.471],[133.461,-1.455],[133.469,-1.414],[133.462,-1.395],[133.475,-1.378],[133.474,-1.337],[133.419,-1.332],[133.339,-1.299],[133.323,-1.283],[133.303,-1.282],[133.276,-1.256],[133.238,-1.252],[133.232,-1.236],[133.247,-1.223],[133.233,-1.196],[133.252,-1.183],[133.264,-1.193],[133.342,-1.207],[133.364,-1.223],[133.393,-1.201],[133.406,-1.204],[133.413,-1.188],[133.432,-1.178],[133.424,-1.149],[133.439,-1.122],[133.431,-1.094],[133.437,-1.08],[133.433,-1.062],[133.445,-1.032],[133.443,-0.999],[133.459,-0.959],[133.477,-0.952],[133.488,-0.96],[133.483,-1.007],[133.488,-1.024],[133.502,-1.041],[133.507,-1.035],[133.532,-1.037],[133.529,-1.062],[133.578,-1.066],[133.591,-1.075],[133.601,-1.059],[133.633,-1.051],[133.645,-1.038],[133.657,-1.056],[133.67,-1.047],[133.688,-1.072],[133.697,-1.07],[133.71,-1.122],[133.746,-1.112],[133.767,-1.116],[133.772,-1.131],[133.778,-1.131],[133.789,-1.074],[133.806,-1.061],[133.838,-1.062],[133.855,-1.084],[133.861,-1.06],[133.872,-1.054],[133.869,-1.031],[133.892,-1.024],[133.897,-1.003],[133.904,-1.014],[133.897,-1.043],[133.903,-1.087],[133.901,-1.096],[133.887,-1.101],[133.9,-1.11],[133.91,-1.15],[133.919,-1.165],[133.934,-1.17],[133.943,-1.191],[133.963,-1.184],[133.975,-1.199],[133.996,-1.202],[134.006,-1.226],[134.02,-1.231],[134.017,-1.239],[134.044,-1.241]]]}},{"type":"Feature","properties":{"kode":"71.01","nama":"Bolaang Mongondow","prov":"Sulawesi Utara","kota":false},"geometry":{"type":"Polygon","coordinates":[[[124.436,0.786],[124.418,0.769],[124.357,0.755],[124.346,0.768],[124.321,0.775],[124.304,0.762],[124.305,0.754],[124.27,0.743],[124.266,0.756],[124.256,0.75],[124.252,0.707],[124.27,0.714],[124.288,0.699],[124.293,0.66],[124.319,0.667],[124.342,0.648],[124.338,0.615],[124.321,0.584],[124.299,0.563],[124.31,0.568],[124.32,0.546],[124.3,0.543],[124.294,0.532],[124.281,0.534],[124.275,0.527],[124.256,0.527],[124.254,0.544],[124.239,0.542],[124.248,0.515],[124.233,0.51],[124.218,0.537],[124.178,0.525],[124.181,0.539],[124.161,0.562],[124.138,0.558],[124.13,0.544],[124.116,0.539],[124.113,0.527],[124.074,0.514],[124.063,0.519],[124.048,0.511],[124.046,0.497],[124.033,0.493],[124.025,0.478],[123.99,0.464],[123.969,0.466],[123.93,0.431],[123.86,0.459],[123.826,0.444],[123.792,0.441],[123.777,0.455],[123.737,0.466],[123.713,0.467],[123.698,0.457],[123.69,0.486],[123.71,0.505],[123.72,0.526],[123.714,0.563],[123.709,0.571],[123.682,0.563],[123.662,0.566],[123.643,0.574],[123.634,0.588],[123.635,0.601],[123.657,0.615],[123.693,0.612],[123.708,0.62],[123.726,0.637],[123.741,0.68],[123.719,0.726],[123.702,0.735],[123.711,0.759],[123.689,0.794],[123.727,0.864],[123.736,0.866],[123.737,0.85],[123.751,0.832],[123.766,0.838],[123.763,0.847],[123.782,0.832],[123.798,0.833],[123.804,0.841],[123.795,0.855],[123.828,0.84],[123.852,0.845],[123.875,0.839],[123.913,0.851],[123.935,0.836],[123.959,0.837],[123.961,0.846],[123.93,0.858],[124.073,0.921],[124.137,0.928],[124.176,0.959],[124.187,0.98],[124.245,1.001],[124.28,1.0],[124.298,1.011],[124.305,1.002],[124.323,1.003],[124.334,0.988],[124.355,0.987],[124.375,0.957],[124.367,0.922],[124.377,0.913],[124.38,0.87],[124.406,0.858],[124.435,0.831],[124.433,0.817],[124.419,0.807],[124.436,0.786]]]}},{"type":"Feature","properties":{"kode":"74.06","nama":"Bombana","prov":"Sulawesi Tenggara","kota":false},"geometry":{"type":"MultiPolygon","coordinates":[[[[122.049,-5.414],[121.942,-5.412],[121.933,-5.429],[121.922,-5.42],[121.923,-5.402],[121.906,-5.406],[121.875,-5.386],[121.824,-5.313],[121.823,-5.294],[121.794,-5.273],[121.813,-5.227],[121.808,-5.207],[121.832,-5.203],[121.838,-5.192],[121.822,-5.182],[121.823,-5.169],[121.842,-5.146],[121.86,-5.16],[121.875,-5.15],[121.883,-5.153],[121.867,-5.131],[121.84,-5.115],[121.85,-5.098],[121.869,-5.117],[121.875,-5.107],[121.858,-5.105],[121.85,-5.095],[121.885,-5.059],[121.899,-5.059],[121.896,-5.089],[121.938,-5.11],[121.933,-5.084],[121.939,-5.074],[121.946,-5.065],[121.967,-5.063],[121.984,-5.09],[121.975,-5.119],[121.984,-5.126],[121.991,-5.158],[122.01,-5.168],[122.023,-5.15],[122.033,-5.148],[122.058,-5.186],[122.055,-5.195],[122.067,-5.234],[122.036,-5.243],[122.051,-5.267],[122.05,-5.318],[122.04,-5.324],[122.033,-5.348],[122.04,-5.355],[122.038,-5.37],[122.046,-5.369],[122.049,-5.414]]],[[[122.108,-4.508],[122.106,-4.541],[122.091,-4.542],[122.085,-4.55],[122.064,-4.608],[122.03,-4.656],[122.032,-4.718],[122.046,-4.769],[122.111,-4.815],[122.045,-4.866],[122.043,-4.875],[122.026,-4.871],[122.023,-4.893],[122.006,-4.899],[122.006,-4.885],[121.984,-4.901],[121.973,-4.891],[121.894,-4.88],[121.835,-4.852],[121.816,-4.834],[121.792,-4.835],[121.786,-4.844],[121.739,-4.837],[121.71,-4.855],[121.684,-4.851],[121.664,-4.811],[121.647,-4.807],[121.64,-4.812],[121.632,-4.805],[121.628,-4.777],[121.616,-4.795],[121.55,-4.773],[121.521,-4.739],[121.507,-4.737],[121.508,-4.714],[121.5,-4.713],[121.491,-4.692],[121.472,-4.689],[121.467,-4.682],[121.471,-4.591],[121.51,-4.586],[121.535,-4.572],[121.592,-4.577],[121.615,-4.571],[121.62,-4.561],[121.65,-4.568],[121.657,-4.605],[121.67,-4.615],[121.71,-4.527],[121.723,-4.521],[121.72,-4.501],[121.749,-4.482],[121.754,-4.467],[121.782,-4.455],[121.803,-4.421],[121.882,-4.377],[122.002,-4.431],[122.051,-4.473],[122.053,-4.488],[122.084,-4.494],[122.108,-4.508]]]]}},{"type":"Feature","properties":{"kode":"13.11","nama":"Solok Selatan","prov":"Sumatera Barat","kota":false},"geometry":{"type":"Polygon","coordinates":[[[101.427,-1.677],[101.413,-1.673],[101.391,-1.69],[101.373,-1.675],[101.337,-1.681],[101.331,-1.695],[101.307,-1.701],[101.265,-1.696],[101.242,-1.721],[101.226,-1.718],[101.216,-1.725],[101.197,-1.71],[101.191,-1.676],[101.169,-1.711],[101.122,-1.675],[101.065,-1.658],[101.06,-1.639],[101.065,-1.635],[101.018,-1.607],[101.013,-1.588],[101.02,-1.565],[100.979,-1.519],[100.976,-1.483],[100.941,-1.469],[100.935,-1.46],[100.937,-1.425],[100.918,-1.402],[100.895,-1.395],[100.897,-1.378],[100.906,-1.371],[100.89,-1.339],[100.895,-1.303],[100.91,-1.29],[100.939,-1.284],[100.97,-1.297],[100.984,-1.313],[101.0,-1.306],[101.007,-1.259],[101.027,-1.275],[101.063,-1.279],[101.089,-1.3],[101.106,-1.294],[101.119,-1.299],[101.122,-1.293],[101.171,-1.304],[101.187,-1.295],[101.192,-1.281],[101.209,-1.293],[101.215,-1.282],[101.242,-1.295],[101.254,-1.29],[101.263,-1.263],[101.231,-1.249],[101.246,-1.214],[101.212,-1.165],[101.2,-1.163],[101.177,-1.135],[101.167,-1.103],[101.198,-1.107],[101.232,-1.151],[101.258,-1.143],[101.263,-1.167],[101.293,-1.174],[101.299,-1.144],[101.351,-1.131],[101.342,-1.102],[101.34,-1.077],[101.349,-1.06],[101.343,-1.047],[101.36,-1.041],[101.376,-1.048],[101.404,-1.038],[101.432,-1.005],[101.454,-1.011],[101.46,-1.031],[101.441,-1.057],[101.441,-1.087],[101.413,-1.124],[101.403,-1.16],[101.421,-1.195],[101.45,-1.212],[101.447,-1.241],[101.468,-1.259],[101.469,-1.281],[101.524,-1.303],[101.515,-1.338],[101.542,-1.334],[101.551,-1.325],[101.587,-1.325],[101.597,-1.349],[101.647,-1.367],[101.672,-1.389],[101.626,-1.413],[101.609,-1.437],[101.582,-1.448],[101.561,-1.444],[101.557,-1.462],[101.527,-1.485],[101.541,-1.514],[101.528,-1.525],[101.51,-1.573],[101.487,-1.58],[101.441,-1.627],[101.431,-1.642],[101.427,-1.677]]]}},{"type":"Feature","properties":{"kode":"64.09","nama":"Penajam Paser Utara","prov":"Kalimantan Timur","kota":false},"geometry":{"type":"Polygon","coordinates":[[[116.874,-1.009],[116.824,-1.022],[116.801,-1.051],[116.785,-1.043],[116.775,-1.049],[116.765,-1.072],[116.741,-1.073],[116.74,-1.051],[116.756,-1.03],[116.755,-1.01],[116.748,-1.005],[116.736,-1.022],[116.738,-1.037],[116.725,-1.033],[116.722,-1.039],[116.726,-1.075],[116.719,-1.093],[116.707,-1.091],[116.702,-1.119],[116.707,-1.13],[116.712,-1.137],[116.72,-1.132],[116.75,-1.157],[116.751,-1.176],[116.767,-1.187],[116.742,-1.208],[116.742,-1.218],[116.778,-1.244],[116.761,-1.291],[116.763,-1.326],[116.756,-1.329],[116.765,-1.344],[116.762,-1.362],[116.61,-1.416],[116.545,-1.458],[116.53,-1.509],[116.55,-1.537],[116.552,-1.561],[116.529,-1.564],[116.521,-1.573],[116.485,-1.568],[116.478,-1.596],[116.44,-1.59],[116.44,-1.58],[116.404,-1.579],[116.405,-1.558],[116.37,-1.56],[116.369,-1.541],[116.359,-1.541],[116.359,-1.532],[116.373,-1.53],[116.379,-1.499],[116.364,-1.472],[116.356,-1.392],[116.335,-1.334],[116.335,-1.284],[116.344,-1.245],[116.378,-1.199],[116.371,-1.144],[116.376,-1.132],[116.454,-1.044],[116.44,-0.959],[116.48,-0.945],[116.47,-0.917],[116.461,-0.917],[116.454,-0.903],[116.454,-0.877],[116.468,-0.862],[116.487,-0.864],[116.506,-0.856],[116.517,-0.846],[116.515,-0.826],[116.532,-0.826],[116.537,-0.815],[116.555,-0.81],[116.564,-0.813],[116.572,-0.831],[116.568,-0.86],[116.592,-0.866],[116.589,-0.873],[116.6,-0.882],[116.628,-0.876],[116.648,-0.847],[116.651,-0.825],[116.684,-0.798],[116.711,-0.807],[116.726,-0.8],[116.734,-0.805],[116.735,-0.826],[116.747,-0.824],[116.763,-0.804],[116.772,-0.806],[116.772,-0.826],[116.79,-0.823],[116.807,-0.806],[116.825,-0.81],[116.831,-0.824],[116.866,-0.834],[116.884,-0.851],[116.895,-0.867],[116.886,-0.889],[116.904,-0.895],[116.924,-0.88],[116.945,-0.88],[116.945,-0.907],[116.932,-0.918],[116.938,-0.927],[116.931,-0.952],[116.901,-0.985],[116.874,-0.99],[116.874,-1.009]]]}},{"type":"Feature","properties":{"kode":"11.07","nama":"Pidie","prov":"Aceh","kota":false},"geometry":{"type":"Polygon","coordinates":[[[96.105,5.284],[96.063,5.294],[96.051,5.28],[96.045,5.266],[96.056,5.259],[96.037,5.237],[96.054,5.202],[96.048,5.199],[96.052,5.184],[96.043,5.172],[96.034,5.174],[96.02,5.146],[96.041,5.132],[96.058,5.109],[96.092,5.091],[96.113,5.091],[96.126,5.078],[96.148,5.079],[96.167,5.068],[96.194,5.075],[96.207,5.04],[96.191,4.995],[96.212,4.959],[96.244,4.939],[96.263,4.914],[96.289,4.91],[96.325,4.917],[96.347,4.944],[96.365,4.942],[96.379,4.93],[96.403,4.941],[96.445,4.931],[96.464,4.914],[96.47,4.894],[96.468,4.872],[96.458,4.863],[96.467,4.847],[96.477,4.845],[96.472,4.763],[96.399,4.76],[96.328,4.769],[96.307,4.763],[96.282,4.78],[96.274,4.747],[96.262,4.735],[96.26,4.712],[96.243,4.712],[96.168,4.75],[96.159,4.711],[96.14,4.7],[96.133,4.675],[96.105,4.675],[96.111,4.69],[96.103,4.723],[96.107,4.75],[96.0,4.75],[95.995,4.756],[95.992,4.786],[95.971,4.813],[95.901,4.868],[95.882,4.915],[95.855,4.93],[95.846,4.955],[95.784,5.009],[95.762,5.056],[95.743,5.061],[95.821,5.085],[95.841,5.136],[95.833,5.165],[95.789,5.218],[95.775,5.253],[95.787,5.263],[95.791,5.281],[95.765,5.29],[95.758,5.303],[95.766,5.312],[95.749,5.317],[95.749,5.358],[95.758,5.362],[95.758,5.389],[95.768,5.404],[95.753,5.416],[95.759,5.431],[95.78,5.441],[95.777,5.455],[95.763,5.448],[95.764,5.468],[95.726,5.5],[95.737,5.511],[95.725,5.523],[95.729,5.542],[95.745,5.569],[95.885,5.506],[95.894,5.483],[95.89,5.463],[95.935,5.406],[96.049,5.327],[96.071,5.299],[96.105,5.284]]]}},{"type":"Feature","properties":{"kode":"13.03","nama":"Sijunjung","prov":"Sumatera Barat","kota":false},"geometry":{"type":"Polygon","coordinates":[[[101.041,-0.376],[101.028,-0.399],[101.041,-0.423],[101.039,-0.448],[101.064,-0.485],[101.067,-0.503],[101.086,-0.509],[101.109,-0.501],[101.142,-0.529],[101.182,-0.545],[101.199,-0.581],[101.223,-0.587],[101.255,-0.625],[101.305,-0.628],[101.323,-0.649],[101.339,-0.651],[101.346,-0.66],[101.357,-0.657],[101.361,-0.663],[101.348,-0.683],[101.371,-0.702],[101.396,-0.705],[101.406,-0.718],[101.395,-0.744],[101.427,-0.741],[101.449,-0.765],[101.495,-0.792],[101.506,-0.808],[101.53,-0.81],[101.548,-0.821],[101.521,-0.848],[101.505,-0.839],[101.494,-0.845],[101.477,-0.834],[101.454,-0.834],[101.454,-0.858],[101.426,-0.898],[101.415,-0.9],[101.42,-0.927],[101.396,-0.94],[101.403,-0.969],[101.398,-0.974],[101.376,-0.973],[101.353,-0.955],[101.326,-0.967],[101.311,-0.951],[101.275,-0.956],[101.258,-0.933],[101.233,-0.932],[101.21,-0.922],[101.211,-0.941],[101.198,-0.952],[101.159,-0.956],[101.141,-0.962],[101.128,-0.977],[101.068,-0.99],[101.05,-0.968],[101.067,-0.95],[101.046,-0.886],[101.001,-0.878],[100.993,-0.871],[100.995,-0.854],[100.954,-0.832],[100.958,-0.816],[100.966,-0.813],[100.962,-0.804],[100.932,-0.814],[100.926,-0.808],[100.911,-0.812],[100.89,-0.828],[100.882,-0.81],[100.849,-0.784],[100.81,-0.793],[100.822,-0.78],[100.81,-0.773],[100.812,-0.736],[100.8,-0.718],[100.804,-0.707],[100.789,-0.669],[100.809,-0.623],[100.799,-0.599],[100.813,-0.583],[100.804,-0.567],[100.822,-0.516],[100.819,-0.505],[100.832,-0.495],[100.822,-0.487],[100.84,-0.481],[100.835,-0.468],[100.849,-0.427],[100.829,-0.4],[100.837,-0.393],[100.825,-0.353],[100.845,-0.348],[100.862,-0.332],[100.876,-0.344],[100.89,-0.342],[100.901,-0.325],[100.932,-0.316],[100.978,-0.314],[100.992,-0.316],[101.032,-0.345],[101.041,-0.376]]]}},{"type":"Feature","properties":{"kode":"62.13","nama":"Barito Timur","prov":"Kalimantan Tengah","kota":false},"geometry":{"type":"Polygon","coordinates":[[[115.254,-2.209],[115.107,-2.306],[115.089,-2.349],[115.074,-2.351],[115.001,-2.396],[114.98,-2.369],[114.919,-2.24],[114.945,-2.22],[114.917,-2.225],[114.932,-2.188],[114.914,-2.169],[114.933,-2.118],[114.925,-2.089],[114.94,-2.0],[114.934,-1.989],[114.941,-1.984],[114.937,-1.843],[114.96,-1.852],[114.971,-1.796],[115.032,-1.694],[115.025,-1.688],[115.059,-1.651],[115.069,-1.649],[115.082,-1.679],[115.157,-1.641],[115.314,-1.645],[115.332,-1.609],[115.362,-1.62],[115.374,-1.653],[115.347,-1.675],[115.344,-1.703],[115.334,-1.716],[115.334,-1.748],[115.312,-1.796],[115.311,-1.827],[115.302,-1.827],[115.316,-1.852],[115.321,-1.892],[115.385,-1.894],[115.404,-1.886],[115.405,-1.895],[115.42,-1.901],[115.418,-1.915],[115.431,-1.924],[115.421,-1.934],[115.435,-1.939],[115.433,-1.947],[115.441,-1.942],[115.428,-1.972],[115.42,-1.974],[115.416,-2.013],[115.397,-2.013],[115.397,-2.039],[115.408,-2.056],[115.395,-2.046],[115.378,-2.051],[115.364,-2.044],[115.355,-2.065],[115.355,-2.095],[115.336,-2.096],[115.299,-2.142],[115.302,-2.181],[115.29,-2.224],[115.264,-2.222],[115.254,-2.209]]]}},{"type":"Feature","properties":{"kode":"32.05","nama":"Garut","prov":"Jawa Barat","kota":false},"geometry":{"type":"Polygon","coordinates":[[[108.126,-7.037],[108.136,-7.06],[108.118,-7.079],[108.123,-7.113],[108.111,-7.102],[108.099,-7.103],[108.068,-7.13],[108.087,-7.163],[108.079,-7.17],[108.063,-7.22],[107.99,-7.245],[107.974,-7.27],[107.922,-7.29],[107.928,-7.312],[107.94,-7.316],[107.945,-7.329],[107.929,-7.339],[107.93,-7.348],[107.905,-7.363],[107.941,-7.393],[107.939,-7.404],[107.951,-7.422],[107.945,-7.442],[107.953,-7.46],[107.943,-7.504],[107.946,-7.545],[107.935,-7.557],[107.942,-7.574],[107.917,-7.604],[107.925,-7.617],[107.921,-7.637],[107.93,-7.657],[107.923,-7.666],[107.93,-7.689],[107.907,-7.737],[107.847,-7.737],[107.837,-7.728],[107.832,-7.703],[107.811,-7.69],[107.719,-7.666],[107.694,-7.669],[107.685,-7.663],[107.689,-7.655],[107.675,-7.628],[107.627,-7.599],[107.606,-7.574],[107.496,-7.534],[107.482,-7.538],[107.469,-7.517],[107.423,-7.505],[107.42,-7.463],[107.431,-7.425],[107.475,-7.4],[107.485,-7.355],[107.466,-7.327],[107.455,-7.292],[107.477,-7.255],[107.492,-7.258],[107.501,-7.25],[107.525,-7.256],[107.534,-7.248],[107.546,-7.258],[107.557,-7.252],[107.582,-7.277],[107.599,-7.283],[107.605,-7.308],[107.612,-7.31],[107.655,-7.291],[107.666,-7.301],[107.695,-7.283],[107.716,-7.299],[107.727,-7.298],[107.731,-7.295],[107.722,-7.289],[107.737,-7.276],[107.738,-7.264],[107.71,-7.248],[107.706,-7.238],[107.725,-7.211],[107.721,-7.198],[107.736,-7.174],[107.765,-7.156],[107.788,-7.162],[107.807,-7.143],[107.811,-7.098],[107.834,-7.09],[107.835,-7.069],[107.849,-7.059],[107.892,-7.051],[107.924,-7.053],[107.933,-7.044],[107.936,-7.036],[107.91,-7.036],[107.906,-6.99],[107.889,-6.982],[107.916,-6.968],[107.915,-6.946],[107.93,-6.955],[107.967,-6.959],[107.986,-6.979],[108.016,-6.98],[108.042,-6.996],[108.082,-6.987],[108.1,-7.019],[108.126,-7.037]]]}},{"type":"Feature","properties":{"kode":"32.01","nama":"Bogor","prov":"Jawa Barat","kota":false},"geometry":{"type":"Polygon","coordinates":[[[106.991,-6.363],[107.01,-6.402],[107.019,-6.4],[107.031,-6.411],[107.052,-6.394],[107.062,-6.399],[107.055,-6.405],[107.059,-6.432],[107.129,-6.472],[107.133,-6.464],[107.174,-6.486],[107.165,-6.511],[107.179,-6.552],[107.193,-6.578],[107.221,-6.591],[107.227,-6.602],[107.212,-6.64],[107.169,-6.643],[107.153,-6.65],[107.15,-6.663],[107.135,-6.67],[107.123,-6.664],[107.069,-6.665],[107.051,-6.657],[106.992,-6.668],[107.004,-6.687],[106.987,-6.72],[106.983,-6.747],[106.968,-6.754],[106.965,-6.771],[106.947,-6.761],[106.913,-6.788],[106.814,-6.769],[106.793,-6.752],[106.778,-6.755],[106.742,-6.716],[106.725,-6.718],[106.694,-6.745],[106.683,-6.746],[106.674,-6.733],[106.659,-6.732],[106.654,-6.749],[106.633,-6.755],[106.587,-6.742],[106.578,-6.718],[106.546,-6.753],[106.525,-6.762],[106.498,-6.752],[106.467,-6.751],[106.429,-6.68],[106.43,-6.58],[106.404,-6.517],[106.412,-6.468],[106.404,-6.454],[106.44,-6.45],[106.45,-6.434],[106.451,-6.414],[106.435,-6.394],[106.427,-6.348],[106.468,-6.304],[106.484,-6.323],[106.476,-6.351],[106.526,-6.349],[106.529,-6.338],[106.513,-6.325],[106.526,-6.326],[106.573,-6.338],[106.588,-6.356],[106.604,-6.362],[106.719,-6.359],[106.738,-6.439],[106.795,-6.442],[106.794,-6.451],[106.823,-6.444],[106.824,-6.462],[106.852,-6.436],[106.855,-6.456],[106.882,-6.456],[106.895,-6.425],[106.915,-6.413],[106.922,-6.389],[106.937,-6.382],[106.962,-6.333],[106.966,-6.303],[106.981,-6.316],[106.97,-6.349],[106.981,-6.364],[106.991,-6.363]]]}},{"type":"Feature","properties":{"kode":"18.05","nama":"Tulang Bawang","prov":"Lampung","kota":false},"geometry":{"type":"Polygon","coordinates":[[[105.898,-4.683],[105.852,-4.674],[105.857,-4.633],[105.836,-4.619],[105.827,-4.64],[105.809,-4.654],[105.781,-4.633],[105.778,-4.606],[105.792,-4.589],[105.805,-4.586],[105.794,-4.581],[105.799,-4.56],[105.791,-4.55],[105.782,-4.556],[105.771,-4.553],[105.774,-4.533],[105.76,-4.532],[105.749,-4.521],[105.738,-4.535],[105.713,-4.531],[105.706,-4.518],[105.694,-4.513],[105.697,-4.495],[105.68,-4.485],[105.669,-4.501],[105.647,-4.509],[105.643,-4.481],[105.627,-4.489],[105.62,-4.518],[105.602,-4.522],[105.597,-4.514],[105.587,-4.516],[105.584,-4.532],[105.577,-4.535],[105.573,-4.521],[105.561,-4.517],[105.534,-4.52],[105.535,-4.509],[105.51,-4.492],[105.497,-4.495],[105.493,-4.484],[105.478,-4.497],[105.452,-4.493],[105.446,-4.502],[105.419,-4.508],[105.412,-4.519],[105.402,-4.512],[105.382,-4.517],[105.354,-4.539],[105.353,-4.551],[105.347,-4.549],[105.328,-4.573],[105.312,-4.58],[105.297,-4.613],[105.24,-4.641],[105.212,-4.635],[105.216,-4.601],[105.191,-4.592],[105.18,-4.565],[105.171,-4.563],[105.175,-4.546],[105.159,-4.545],[105.164,-4.531],[105.178,-4.523],[105.184,-4.473],[105.205,-4.461],[105.203,-4.429],[105.213,-4.428],[105.213,-4.416],[105.225,-4.417],[105.241,-4.399],[105.254,-4.4],[105.245,-4.386],[105.219,-4.393],[105.208,-4.383],[105.201,-4.353],[105.238,-4.367],[105.225,-4.337],[105.232,-4.327],[105.221,-4.33],[105.223,-4.344],[105.195,-4.355],[105.201,-4.324],[105.178,-4.297],[105.16,-4.301],[105.156,-4.268],[105.189,-4.269],[105.19,-4.239],[105.22,-4.225],[105.216,-4.215],[105.227,-4.21],[105.222,-4.196],[105.276,-4.184],[105.312,-4.157],[105.363,-4.159],[105.366,-4.13],[105.388,-4.131],[105.39,-4.141],[105.401,-4.138],[105.4,-4.12],[105.425,-4.122],[105.422,-4.162],[105.434,-4.166],[105.467,-4.162],[105.467,-4.135],[105.5,-4.135],[105.507,-4.166],[105.53,-4.166],[105.605,-4.196],[105.606,-4.219],[105.617,-4.223],[105.653,-4.218],[105.652,-4.196],[105.683,-4.189],[105.72,-4.186],[105.722,-4.198],[105.755,-4.195],[105.755,-4.144],[105.77,-4.129],[105.77,-4.113],[105.809,-4.124],[105.82,-4.146],[105.826,-4.196],[105.814,-4.3],[105.82,-4.337],[105.826,-4.352],[105.858,-4.378],[105.852,-4.411],[105.865,-4.411],[105.89,-4.438],[105.913,-4.439],[105.899,-4.499],[105.906,-4.549],[105.888,-4.57],[105.883,-4.6],[105.89,-4.628],[105.915,-4.642],[105.898,-4.683]]]}},{"type":"Feature","properties":{"kode":"53.15","nama":"Manggarai Barat","prov":"Nusa Tenggara Timur","kota":false},"geometry":{"type":"MultiPolygon","coordinates":[[[[119.601,-8.631],[119.602,-8.66],[119.565,-8.659],[119.555,-8.675],[119.563,-8.687],[119.557,-8.689],[119.554,-8.678],[119.536,-8.668],[119.563,-8.651],[119.57,-8.655],[119.576,-8.638],[119.601,-8.631]]],[[[119.635,-8.605],[119.662,-8.613],[119.659,-8.657],[119.672,-8.686],[119.679,-8.675],[119.685,-8.684],[119.708,-8.67],[119.704,-8.653],[119.687,-8.639],[119.714,-8.651],[119.718,-8.622],[119.739,-8.621],[119.745,-8.628],[119.753,-8.618],[119.794,-8.615],[119.805,-8.625],[119.796,-8.658],[119.768,-8.659],[119.756,-8.667],[119.744,-8.697],[119.727,-8.7],[119.724,-8.684],[119.711,-8.681],[119.709,-8.697],[119.69,-8.723],[119.696,-8.732],[119.722,-8.74],[119.728,-8.751],[119.72,-8.761],[119.725,-8.775],[119.713,-8.782],[119.716,-8.793],[119.695,-8.809],[119.676,-8.806],[119.675,-8.788],[119.66,-8.774],[119.644,-8.775],[119.622,-8.796],[119.604,-8.754],[119.613,-8.746],[119.608,-8.738],[119.628,-8.741],[119.618,-8.723],[119.633,-8.72],[119.621,-8.718],[119.618,-8.708],[119.636,-8.699],[119.66,-8.704],[119.655,-8.683],[119.631,-8.689],[119.627,-8.68],[119.64,-8.674],[119.642,-8.661],[119.614,-8.61],[119.635,-8.605]]],[[[119.457,-8.429],[119.471,-8.452],[119.47,-8.48],[119.484,-8.486],[119.488,-8.48],[119.507,-8.494],[119.526,-8.484],[119.532,-8.497],[119.544,-8.491],[119.554,-8.497],[119.563,-8.484],[119.571,-8.49],[119.572,-8.506],[119.567,-8.528],[119.559,-8.514],[119.55,-8.536],[119.56,-8.553],[119.566,-8.598],[119.52,-8.599],[119.523,-8.578],[119.505,-8.569],[119.484,-8.599],[119.469,-8.608],[119.453,-8.606],[119.463,-8.627],[119.482,-8.624],[119.492,-8.612],[119.493,-8.62],[119.474,-8.642],[119.476,-8.652],[119.456,-8.648],[119.433,-8.676],[119.435,-8.684],[119.447,-8.69],[119.446,-8.7],[119.456,-8.703],[119.446,-8.723],[119.456,-8.726],[119.448,-8.736],[119.453,-8.746],[119.47,-8.738],[119.444,-8.751],[119.405,-8.722],[119.377,-8.735],[119.38,-8.71],[119.404,-8.688],[119.41,-8.647],[119.397,-8.634],[119.398,-8.623],[119.375,-8.633],[119.375,-8.627],[119.383,-8.623],[119.388,-8.598],[119.377,-8.589],[119.389,-8.561],[119.419,-8.554],[119.421,-8.531],[119.436,-8.527],[119.419,-8.5],[119.449,-8.49],[119.427,-8.472],[119.421,-8.451],[119.425,-8.442],[119.45,-8.452],[119.45,-8.43],[119.457,-8.429]]],[[[120.287,-8.282],[120.291,-8.302],[120.283,-8.326],[120.29,-8.365],[120.282,-8.416],[120.3,-8.456],[120.326,-8.437],[120.334,-8.44],[120.345,-8.427],[120.369,-8.431],[120.389,-8.425],[120.399,-8.444],[120.372,-8.514],[120.357,-8.526],[120.36,-8.569],[120.343,-8.571],[120.332,-8.558],[120.317,-8.566],[120.318,-8.583],[120.285,-8.597],[120.281,-8.625],[120.29,-8.637],[120.28,-8.648],[120.306,-8.68],[120.325,-8.688],[120.33,-8.703],[120.326,-8.718],[120.314,-8.724],[120.294,-8.756],[120.274,-8.759],[120.281,-8.789],[120.24,-8.803],[120.233,-8.812],[120.24,-8.83],[120.233,-8.844],[120.214,-8.837],[120.171,-8.792],[120.152,-8.786],[120.101,-8.793],[120.016,-8.819],[119.969,-8.826],[119.945,-8.82],[119.925,-8.833],[119.923,-8.844],[119.91,-8.839],[119.919,-8.866],[119.889,-8.858],[119.894,-8.842],[119.884,-8.84],[119.883,-8.809],[119.837,-8.801],[119.801,-8.763],[119.809,-8.755],[119.802,-8.75],[119.806,-8.73],[119.799,-8.727],[119.803,-8.71],[119.796,-8.702],[119.8,-8.679],[119.811,-8.668],[119.811,-8.605],[119.798,-8.599],[119.807,-8.587],[119.804,-8.573],[119.827,-8.556],[119.833,-8.54],[119.872,-8.52],[119.879,-8.498],[119.875,-8.49],[119.881,-8.48],[119.871,-8.458],[119.861,-8.453],[119.861,-8.432],[119.879,-8.427],[119.886,-8.444],[119.877,-8.458],[119.9,-8.465],[119.908,-8.476],[119.939,-8.455],[119.95,-8.456],[119.972,-8.429],[119.973,-8.443],[120.0,-8.46],[120.016,-8.436],[120.002,-8.43],[119.998,-8.417],[120.018,-8.409],[120.012,-8.402],[120.022,-8.382],[120.043,-8.387],[120.04,-8.398],[120.074,-8.377],[120.049,-8.399],[120.05,-8.405],[120.085,-8.387],[120.077,-8.41],[120.081,-8.415],[120.095,-8.408],[120.096,-8.415],[120.083,-8.425],[120.084,-8.435],[120.11,-8.441],[120.126,-8.418],[120.116,-8.407],[120.12,-8.359],[120.147,-8.367],[120.147,-8.38],[120.157,-8.373],[120.162,-8.377],[120.163,-8.362],[120.172,-8.348],[120.185,-8.348],[120.183,-8.338],[120.201,-8.305],[120.216,-8.31],[120.239,-8.302],[120.261,-8.283],[120.287,-8.282]]]]}},{"type":"Feature","properties":{"kode":"12.22","nama":"Labuhanbatu Selatan","prov":"Sumatera Utara","kota":false},"geometry":{"type":"Polygon","coordinates":[[[100.319,1.448],[100.318,1.502],[100.308,1.514],[100.255,1.538],[100.209,1.57],[100.206,1.581],[100.168,1.599],[100.165,1.621],[100.145,1.631],[100.139,1.651],[100.126,1.659],[100.096,1.704],[100.07,1.724],[100.046,1.722],[100.055,1.73],[100.049,1.754],[99.992,1.663],[99.962,1.68],[99.936,1.684],[99.913,1.715],[99.898,1.714],[99.848,1.637],[99.829,1.65],[99.816,1.673],[99.772,1.696],[99.764,1.71],[99.703,1.76],[99.692,1.806],[99.678,1.823],[99.688,1.831],[99.71,1.827],[99.737,1.834],[99.863,1.796],[99.865,1.813],[99.883,1.827],[99.868,1.862],[99.871,1.9],[99.881,1.907],[99.888,1.936],[99.883,1.968],[99.912,1.985],[99.913,1.966],[99.953,1.968],[99.944,1.945],[99.96,1.927],[99.967,1.931],[99.956,1.948],[99.963,1.958],[99.971,1.957],[99.963,1.948],[99.998,1.948],[99.998,1.936],[100.037,1.936],[100.06,1.987],[100.029,2.0],[100.039,2.017],[100.049,2.019],[100.036,2.076],[100.045,2.079],[100.052,2.096],[100.078,2.094],[100.101,2.108],[100.108,2.134],[100.124,2.128],[100.125,2.171],[100.157,2.169],[100.157,2.194],[100.205,2.194],[100.211,2.214],[100.238,2.22],[100.36,2.219],[100.347,2.243],[100.363,2.248],[100.373,2.224],[100.373,2.193],[100.344,2.137],[100.321,2.049],[100.318,1.902],[100.31,1.884],[100.289,1.875],[100.28,1.812],[100.289,1.799],[100.387,1.777],[100.386,1.754],[100.369,1.746],[100.368,1.736],[100.353,1.734],[100.368,1.684],[100.417,1.665],[100.409,1.625],[100.421,1.608],[100.406,1.568],[100.416,1.535],[100.434,1.52],[100.422,1.485],[100.377,1.45],[100.349,1.454],[100.319,1.448]]]}},{"type":"Feature","properties":{"kode":"76.03","nama":"Mamasa","prov":"Sulawesi Barat","kota":false},"geometry":{"type":"Polygon","coordinates":[[[119.584,-2.748],[119.578,-2.754],[119.586,-2.764],[119.576,-2.771],[119.568,-2.798],[119.579,-2.837],[119.566,-2.88],[119.55,-2.898],[119.577,-2.95],[119.565,-2.994],[119.595,-3.063],[119.62,-3.08],[119.635,-3.128],[119.61,-3.119],[119.573,-3.131],[119.57,-3.145],[119.536,-3.139],[119.514,-3.173],[119.486,-3.189],[119.47,-3.191],[119.462,-3.181],[119.445,-3.191],[119.435,-3.171],[119.394,-3.199],[119.37,-3.199],[119.404,-3.247],[119.42,-3.248],[119.433,-3.264],[119.442,-3.338],[119.419,-3.334],[119.396,-3.31],[119.369,-3.307],[119.337,-3.289],[119.335,-3.271],[119.302,-3.265],[119.311,-3.239],[119.287,-3.213],[119.29,-3.198],[119.261,-3.173],[119.257,-3.158],[119.269,-3.137],[119.262,-3.12],[119.274,-3.093],[119.268,-3.074],[119.249,-3.075],[119.222,-3.084],[119.207,-3.102],[119.18,-3.102],[119.149,-3.117],[119.131,-3.097],[119.112,-3.092],[119.098,-3.105],[119.074,-3.112],[119.057,-3.054],[119.076,-3.038],[119.081,-3.015],[119.069,-2.989],[119.026,-2.96],[119.034,-2.925],[119.046,-2.924],[119.055,-2.908],[119.035,-2.909],[119.022,-2.898],[119.025,-2.889],[119.013,-2.869],[119.023,-2.852],[119.025,-2.805],[119.013,-2.774],[119.028,-2.741],[119.045,-2.737],[119.062,-2.704],[119.081,-2.697],[119.109,-2.664],[119.139,-2.654],[119.136,-2.682],[119.143,-2.685],[119.15,-2.671],[119.189,-2.658],[119.206,-2.674],[119.218,-2.704],[119.237,-2.714],[119.299,-2.709],[119.322,-2.693],[119.344,-2.692],[119.346,-2.703],[119.37,-2.711],[119.364,-2.72],[119.38,-2.744],[119.401,-2.754],[119.4,-2.763],[119.424,-2.761],[119.435,-2.772],[119.472,-2.747],[119.482,-2.75],[119.493,-2.741],[119.517,-2.738],[119.525,-2.743],[119.553,-2.729],[119.57,-2.733],[119.57,-2.74],[119.584,-2.748]]]}},{"type":"Feature","properties":{"kode":"19.01","nama":"Bangka","prov":"Kepulauan Bangka Belitung","kota":false},"geometry":{"type":"Polygon","coordinates":[[[106.158,-2.088],[106.147,-2.083],[106.13,-2.097],[106.141,-2.072],[106.129,-2.057],[106.111,-2.071],[106.106,-2.066],[106.108,-2.078],[106.07,-2.075],[106.06,-2.067],[106.045,-2.074],[106.041,-2.093],[106.048,-2.103],[106.04,-2.113],[106.09,-2.133],[106.089,-2.144],[106.069,-2.162],[106.043,-2.164],[106.033,-2.183],[106.037,-2.194],[106.021,-2.213],[106.024,-2.232],[105.999,-2.238],[105.98,-2.228],[105.959,-2.245],[105.924,-2.212],[105.926,-2.227],[105.913,-2.247],[105.915,-2.27],[105.901,-2.278],[105.88,-2.324],[105.835,-2.349],[105.819,-2.347],[105.825,-2.308],[105.787,-2.249],[105.793,-2.182],[105.785,-2.166],[105.74,-2.133],[105.722,-2.048],[105.739,-2.054],[105.772,-2.049],[105.782,-2.026],[105.781,-1.998],[105.808,-1.992],[105.764,-1.976],[105.709,-1.977],[105.715,-1.964],[105.707,-1.946],[105.705,-1.9],[105.725,-1.88],[105.743,-1.883],[105.75,-1.873],[105.752,-1.835],[105.741,-1.829],[105.76,-1.817],[105.748,-1.777],[105.776,-1.768],[105.784,-1.806],[105.809,-1.814],[105.829,-1.806],[105.795,-1.78],[105.788,-1.756],[105.755,-1.728],[105.74,-1.687],[105.758,-1.676],[105.763,-1.651],[105.753,-1.637],[105.733,-1.631],[105.741,-1.61],[105.72,-1.579],[105.72,-1.542],[105.704,-1.528],[105.817,-1.531],[105.881,-1.518],[105.888,-1.511],[105.883,-1.502],[105.916,-1.502],[105.921,-1.516],[105.91,-1.532],[105.924,-1.548],[105.949,-1.558],[105.969,-1.556],[105.972,-1.549],[106.048,-1.601],[106.053,-1.616],[106.032,-1.615],[106.021,-1.639],[106.031,-1.686],[106.062,-1.718],[106.073,-1.748],[106.094,-1.757],[106.09,-1.767],[106.105,-1.792],[106.126,-1.801],[106.12,-1.814],[106.126,-1.839],[106.113,-1.842],[106.115,-1.848],[106.133,-1.85],[106.148,-1.866],[106.169,-1.873],[106.186,-1.896],[106.184,-1.908],[106.161,-1.93],[106.157,-1.98],[106.151,-1.98],[106.164,-2.07],[106.158,-2.088]]]}},{"type":"Feature","properties":{"kode":"18.06","nama":"Tanggamus","prov":"Lampung","kota":false},"geometry":{"type":"MultiPolygon","coordinates":[[[[104.785,-5.761],[104.853,-5.802],[104.855,-5.846],[104.814,-5.826],[104.804,-5.802],[104.781,-5.779],[104.785,-5.761]]],[[[104.548,-5.094],[104.594,-5.132],[104.608,-5.138],[104.652,-5.133],[104.679,-5.155],[104.701,-5.155],[104.721,-5.125],[104.751,-5.118],[104.759,-5.133],[104.788,-5.145],[104.793,-5.157],[104.772,-5.184],[104.786,-5.209],[104.78,-5.236],[104.79,-5.239],[104.787,-5.25],[104.804,-5.273],[104.811,-5.301],[104.855,-5.336],[104.869,-5.338],[104.868,-5.378],[104.885,-5.387],[104.906,-5.417],[104.901,-5.422],[104.912,-5.429],[104.887,-5.435],[104.916,-5.448],[104.9,-5.512],[104.891,-5.508],[104.898,-5.534],[104.891,-5.55],[104.915,-5.571],[104.993,-5.582],[105.031,-5.621],[105.05,-5.62],[105.074,-5.646],[105.081,-5.713],[105.097,-5.706],[105.11,-5.75],[105.135,-5.77],[105.146,-5.79],[105.195,-5.795],[105.196,-5.801],[105.149,-5.809],[105.115,-5.775],[105.097,-5.794],[105.091,-5.792],[105.108,-5.775],[105.089,-5.775],[105.088,-5.757],[105.071,-5.753],[105.065,-5.765],[105.048,-5.747],[105.027,-5.752],[105.031,-5.729],[105.02,-5.724],[105.011,-5.733],[105.009,-5.725],[104.99,-5.724],[104.986,-5.712],[104.97,-5.712],[104.972,-5.699],[104.965,-5.693],[104.959,-5.71],[104.94,-5.704],[104.934,-5.694],[104.913,-5.686],[104.903,-5.658],[104.897,-5.665],[104.877,-5.659],[104.828,-5.621],[104.778,-5.606],[104.748,-5.566],[104.728,-5.558],[104.709,-5.522],[104.663,-5.518],[104.604,-5.496],[104.559,-5.514],[104.533,-5.546],[104.548,-5.559],[104.567,-5.604],[104.642,-5.69],[104.654,-5.72],[104.644,-5.743],[104.711,-5.833],[104.698,-5.88],[104.713,-5.891],[104.733,-5.929],[104.683,-5.934],[104.675,-5.926],[104.674,-5.935],[104.659,-5.936],[104.665,-5.915],[104.658,-5.913],[104.66,-5.899],[104.644,-5.877],[104.634,-5.843],[104.642,-5.826],[104.654,-5.823],[104.642,-5.809],[104.618,-5.801],[104.589,-5.755],[104.614,-5.745],[104.628,-5.693],[104.59,-5.654],[104.568,-5.62],[104.534,-5.617],[104.516,-5.601],[104.508,-5.612],[104.5,-5.601],[104.489,-5.603],[104.494,-5.582],[104.483,-5.578],[104.49,-5.569],[104.487,-5.559],[104.481,-5.562],[104.478,-5.539],[104.453,-5.52],[104.443,-5.523],[104.431,-5.507],[104.416,-5.477],[104.419,-5.452],[104.385,-5.424],[104.334,-5.361],[104.315,-5.354],[104.333,-5.326],[104.348,-5.341],[104.374,-5.329],[104.36,-5.303],[104.4,-5.302],[104.389,-5.283],[104.364,-5.281],[104.38,-5.238],[104.374,-5.199],[104.501,-5.125],[104.514,-5.136],[104.534,-5.096],[104.548,-5.094]]]]}},{"type":"Feature","properties":{"kode":"82.08","nama":"Pulau Taliabu","prov":"Maluku Utara","kota":false},"geometry":{"type":"MultiPolygon","coordinates":[[[[124.334,-1.966],[124.338,-1.975],[124.352,-1.968],[124.371,-1.977],[124.375,-1.991],[124.363,-2.044],[124.347,-2.025],[124.315,-2.011],[124.315,-1.998],[124.305,-2.008],[124.308,-1.987],[124.316,-1.988],[124.311,-1.976],[124.334,-1.966]]],[[[124.527,-1.635],[124.523,-1.664],[124.541,-1.643],[124.557,-1.638],[124.578,-1.647],[124.629,-1.639],[124.715,-1.654],[124.751,-1.671],[124.778,-1.665],[124.787,-1.678],[124.81,-1.687],[124.803,-1.675],[124.839,-1.684],[124.869,-1.681],[124.898,-1.709],[124.906,-1.702],[124.93,-1.706],[124.939,-1.697],[124.947,-1.706],[124.956,-1.696],[124.978,-1.708],[124.977,-1.716],[125.001,-1.716],[124.999,-1.727],[125.017,-1.721],[125.023,-1.729],[125.014,-1.746],[125.016,-1.756],[125.037,-1.76],[125.046,-1.772],[125.058,-1.768],[125.061,-1.745],[125.068,-1.773],[125.079,-1.76],[125.103,-1.761],[125.109,-1.75],[125.099,-1.752],[125.097,-1.745],[125.111,-1.731],[125.102,-1.731],[125.108,-1.692],[125.128,-1.683],[125.142,-1.692],[125.142,-1.71],[125.165,-1.697],[125.174,-1.699],[125.184,-1.704],[125.181,-1.715],[125.192,-1.712],[125.203,-1.724],[125.181,-1.778],[125.187,-1.788],[125.209,-1.794],[125.23,-1.762],[125.222,-1.738],[125.233,-1.739],[125.242,-1.725],[125.257,-1.724],[125.293,-1.732],[125.295,-1.767],[125.27,-1.79],[125.28,-1.794],[125.299,-1.778],[125.321,-1.784],[125.314,-1.847],[125.327,-1.884],[125.308,-1.892],[125.24,-1.882],[125.234,-1.873],[125.188,-1.885],[125.149,-1.874],[125.127,-1.877],[125.103,-1.899],[125.082,-1.889],[125.044,-1.887],[125.014,-1.899],[125.02,-1.929],[125.009,-1.943],[124.996,-1.933],[124.976,-1.937],[124.957,-1.927],[124.888,-1.924],[124.862,-1.892],[124.77,-1.918],[124.755,-1.933],[124.7,-1.955],[124.681,-1.975],[124.524,-2.018],[124.513,-2.013],[124.48,-2.022],[124.415,-2.023],[124.405,-2.031],[124.392,-2.019],[124.398,-1.991],[124.383,-1.949],[124.359,-1.927],[124.337,-1.891],[124.348,-1.789],[124.372,-1.741],[124.363,-1.702],[124.379,-1.677],[124.401,-1.66],[124.439,-1.665],[124.491,-1.658],[124.51,-1.649],[124.513,-1.635],[124.527,-1.635]]]]}},{"type":"Feature","properties":{"kode":"74.01","nama":"Kolaka","prov":"Sulawesi Tenggara","kota":false},"geometry":{"type":"MultiPolygon","coordinates":[[[[121.427,-4.085],[121.415,-4.112],[121.44,-4.117],[121.459,-4.103],[121.47,-4.11],[121.455,-4.12],[121.457,-4.138],[121.44,-4.127],[121.429,-4.13],[121.442,-4.167],[121.428,-4.168],[121.419,-4.155],[121.395,-4.161],[121.404,-4.136],[121.384,-4.113],[121.389,-4.105],[121.404,-4.114],[121.418,-4.086],[121.427,-4.085]]],[[[121.64,-3.91],[121.657,-3.91],[121.672,-3.932],[121.655,-3.978],[121.68,-3.989],[121.698,-4.013],[121.727,-4.028],[121.732,-4.038],[121.725,-4.053],[121.756,-4.043],[121.784,-4.053],[121.779,-4.115],[121.764,-4.136],[121.773,-4.145],[121.78,-4.183],[121.741,-4.201],[121.746,-4.239],[121.735,-4.257],[121.772,-4.297],[121.739,-4.289],[121.702,-4.292],[121.727,-4.357],[121.801,-4.397],[121.811,-4.416],[121.793,-4.432],[121.782,-4.455],[121.754,-4.467],[121.749,-4.482],[121.72,-4.501],[121.723,-4.521],[121.71,-4.527],[121.67,-4.615],[121.657,-4.605],[121.65,-4.568],[121.62,-4.561],[121.615,-4.571],[121.592,-4.577],[121.535,-4.572],[121.51,-4.586],[121.471,-4.591],[121.477,-4.549],[121.496,-4.51],[121.525,-4.403],[121.517,-4.359],[121.534,-4.283],[121.526,-4.25],[121.535,-4.24],[121.547,-4.248],[121.54,-4.255],[121.549,-4.267],[121.567,-4.261],[121.58,-4.245],[121.587,-4.201],[121.599,-4.188],[121.591,-4.182],[121.608,-4.181],[121.608,-4.163],[121.617,-4.151],[121.606,-4.103],[121.609,-4.066],[121.591,-4.062],[121.588,-4.051],[121.563,-4.038],[121.555,-4.045],[121.508,-4.019],[121.454,-4.008],[121.452,-4.024],[121.418,-4.0],[121.37,-4.002],[121.349,-3.991],[121.318,-3.943],[121.313,-3.913],[121.3,-3.889],[121.28,-3.884],[121.268,-3.91],[121.252,-3.916],[121.244,-3.909],[121.262,-3.88],[121.239,-3.868],[121.26,-3.854],[121.249,-3.833],[121.215,-3.822],[121.189,-3.83],[121.169,-3.825],[121.151,-3.787],[121.103,-3.745],[121.133,-3.709],[121.253,-3.657],[121.259,-3.672],[121.288,-3.686],[121.325,-3.699],[121.335,-3.695],[121.342,-3.683],[121.336,-3.669],[121.36,-3.636],[121.371,-3.628],[121.388,-3.639],[121.417,-3.628],[121.427,-3.663],[121.418,-3.692],[121.422,-3.708],[121.45,-3.708],[121.459,-3.719],[121.486,-3.724],[121.543,-3.768],[121.559,-3.795],[121.578,-3.798],[121.596,-3.819],[121.608,-3.82],[121.606,-3.877],[121.64,-3.91]]]]}},{"type":"Feature","properties":{"kode":"18.13","nama":"Pesisir Barat","prov":"Lampung","kota":false},"geometry":{"type":"Polygon","coordinates":[[[103.856,-4.892],[103.812,-4.892],[103.832,-4.943],[103.858,-4.945],[103.864,-4.958],[103.892,-4.972],[103.933,-4.976],[103.973,-4.969],[103.972,-4.982],[104.005,-5.006],[104.018,-5.039],[104.019,-5.066],[104.003,-5.098],[104.024,-5.092],[104.063,-5.099],[104.081,-5.119],[104.085,-5.143],[104.117,-5.172],[104.223,-5.218],[104.291,-5.332],[104.315,-5.354],[104.334,-5.361],[104.385,-5.424],[104.419,-5.452],[104.416,-5.477],[104.431,-5.507],[104.443,-5.523],[104.453,-5.52],[104.478,-5.539],[104.481,-5.562],[104.487,-5.559],[104.49,-5.569],[104.483,-5.578],[104.494,-5.582],[104.488,-5.601],[104.5,-5.601],[104.508,-5.612],[104.522,-5.602],[104.534,-5.617],[104.568,-5.62],[104.59,-5.654],[104.628,-5.693],[104.614,-5.745],[104.589,-5.755],[104.618,-5.801],[104.642,-5.809],[104.654,-5.823],[104.642,-5.826],[104.634,-5.843],[104.644,-5.877],[104.66,-5.899],[104.658,-5.913],[104.665,-5.915],[104.659,-5.936],[104.584,-5.943],[104.557,-5.926],[104.555,-5.913],[104.567,-5.915],[104.575,-5.904],[104.562,-5.864],[104.451,-5.762],[104.421,-5.725],[104.416,-5.707],[104.38,-5.68],[104.303,-5.642],[104.298,-5.631],[104.315,-5.629],[104.319,-5.608],[104.299,-5.576],[104.274,-5.553],[104.214,-5.526],[104.213,-5.509],[104.19,-5.49],[104.12,-5.457],[104.108,-5.429],[104.071,-5.408],[104.056,-5.376],[104.026,-5.357],[104.031,-5.347],[104.026,-5.333],[103.994,-5.317],[104.008,-5.286],[103.987,-5.258],[103.935,-5.235],[103.907,-5.233],[103.903,-5.212],[103.931,-5.191],[103.936,-5.172],[103.927,-5.145],[103.91,-5.126],[103.868,-5.111],[103.844,-5.083],[103.839,-5.066],[103.792,-5.044],[103.787,-5.034],[103.77,-5.03],[103.757,-5.045],[103.747,-5.042],[103.74,-5.023],[103.749,-5.016],[103.748,-4.995],[103.711,-4.963],[103.686,-4.962],[103.669,-4.989],[103.652,-4.987],[103.659,-4.962],[103.64,-4.933],[103.596,-4.922],[103.594,-4.913],[103.604,-4.89],[103.625,-4.89],[103.638,-4.87],[103.65,-4.87],[103.669,-4.849],[103.705,-4.832],[103.731,-4.799],[103.767,-4.795],[103.79,-4.779],[103.799,-4.791],[103.826,-4.802],[103.825,-4.823],[103.845,-4.823],[103.866,-4.848],[103.865,-4.883],[103.856,-4.892]]]}},{"type":"Feature","properties":{"kode":"53.05","nama":"Alor","prov":"Nusa Tenggara Timur","kota":false},"geometry":{"type":"MultiPolygon","coordinates":[[[[123.83,-8.368],[123.837,-8.41],[123.826,-8.413],[123.809,-8.403],[123.807,-8.373],[123.815,-8.366],[123.83,-8.368]]],[[[123.955,-8.35],[123.93,-8.383],[123.9,-8.37],[123.902,-8.361],[123.913,-8.356],[123.955,-8.35]]],[[[124.338,-8.276],[124.37,-8.283],[124.374,-8.306],[124.358,-8.326],[124.329,-8.324],[124.315,-8.298],[124.338,-8.276]]],[[[124.278,-8.176],[124.316,-8.179],[124.329,-8.203],[124.323,-8.233],[124.299,-8.268],[124.309,-8.311],[124.302,-8.33],[124.249,-8.359],[124.209,-8.416],[124.212,-8.461],[124.188,-8.489],[124.172,-8.489],[124.17,-8.509],[124.146,-8.534],[124.123,-8.545],[124.065,-8.551],[124.056,-8.544],[124.054,-8.522],[124.066,-8.492],[124.055,-8.477],[124.054,-8.454],[124.033,-8.435],[124.034,-8.421],[123.988,-8.419],[123.937,-8.461],[123.915,-8.441],[123.947,-8.404],[123.944,-8.39],[123.964,-8.35],[124.059,-8.293],[124.085,-8.313],[124.085,-8.349],[124.097,-8.362],[124.091,-8.374],[124.107,-8.379],[124.105,-8.389],[124.12,-8.382],[124.119,-8.373],[124.106,-8.373],[124.105,-8.36],[124.162,-8.316],[124.168,-8.291],[124.178,-8.28],[124.204,-8.272],[124.231,-8.213],[124.251,-8.192],[124.278,-8.176]]],[[[124.53,-8.123],[124.604,-8.126],[124.594,-8.14],[124.591,-8.185],[124.609,-8.197],[124.667,-8.162],[124.724,-8.156],[124.751,-8.146],[124.783,-8.148],[124.814,-8.164],[124.874,-8.168],[124.919,-8.165],[124.958,-8.141],[124.967,-8.15],[125.007,-8.158],[125.04,-8.146],[125.095,-8.148],[125.112,-8.194],[125.141,-8.238],[125.128,-8.285],[125.136,-8.325],[125.124,-8.338],[125.06,-8.356],[124.89,-8.364],[124.787,-8.402],[124.717,-8.402],[124.657,-8.391],[124.592,-8.432],[124.547,-8.442],[124.53,-8.425],[124.505,-8.418],[124.419,-8.46],[124.418,-8.438],[124.371,-8.443],[124.353,-8.437],[124.338,-8.42],[124.341,-8.398],[124.4,-8.327],[124.408,-8.297],[124.431,-8.289],[124.475,-8.255],[124.499,-8.253],[124.506,-8.26],[124.562,-8.222],[124.558,-8.214],[124.54,-8.225],[124.533,-8.218],[124.504,-8.221],[124.498,-8.232],[124.405,-8.275],[124.407,-8.254],[124.397,-8.23],[124.402,-8.215],[124.446,-8.156],[124.479,-8.129],[124.504,-8.133],[124.53,-8.123]]]]}},{"type":"Feature","properties":{"kode":"74.08","nama":"Kolaka Utara","prov":"Sulawesi Tenggara","kota":false},"geometry":{"type":"Polygon","coordinates":[[[121.361,-2.988],[121.37,-3.01],[121.363,-3.056],[121.385,-3.078],[121.388,-3.097],[121.412,-3.11],[121.416,-3.141],[121.442,-3.17],[121.431,-3.275],[121.385,-3.25],[121.338,-3.249],[121.263,-3.225],[121.23,-3.227],[121.221,-3.254],[121.186,-3.275],[121.17,-3.296],[121.16,-3.293],[121.154,-3.33],[121.158,-3.338],[121.134,-3.366],[121.136,-3.387],[121.123,-3.411],[121.155,-3.439],[121.145,-3.459],[121.124,-3.468],[121.121,-3.488],[121.15,-3.505],[121.156,-3.535],[121.236,-3.603],[121.253,-3.657],[121.133,-3.709],[121.103,-3.745],[121.083,-3.714],[121.008,-3.677],[120.986,-3.647],[120.945,-3.62],[120.934,-3.595],[120.906,-3.576],[120.907,-3.559],[120.88,-3.529],[120.865,-3.436],[120.897,-3.401],[120.895,-3.387],[120.921,-3.353],[120.938,-3.335],[120.957,-3.33],[120.956,-3.296],[120.972,-3.265],[121.02,-3.244],[121.04,-3.203],[121.069,-3.206],[121.056,-3.184],[121.06,-3.136],[121.051,-3.109],[121.045,-3.108],[121.056,-3.097],[121.06,-3.068],[121.043,-3.037],[121.059,-3.024],[121.073,-3.033],[121.078,-3.008],[121.088,-3.015],[121.09,-2.999],[121.077,-2.995],[121.065,-2.969],[121.068,-2.961],[121.082,-2.972],[121.083,-2.947],[121.089,-2.946],[121.09,-2.923],[121.072,-2.891],[121.078,-2.865],[121.066,-2.854],[121.064,-2.877],[121.046,-2.865],[121.037,-2.808],[121.035,-2.831],[121.027,-2.832],[121.03,-2.846],[121.005,-2.836],[120.992,-2.84],[121.01,-2.866],[120.992,-2.848],[120.99,-2.84],[120.992,-2.834],[121.019,-2.82],[121.034,-2.791],[121.068,-2.787],[121.082,-2.773],[121.094,-2.776],[121.102,-2.79],[121.13,-2.795],[121.149,-2.809],[121.165,-2.847],[121.187,-2.842],[121.198,-2.855],[121.21,-2.854],[121.213,-2.87],[121.226,-2.87],[121.251,-2.906],[121.297,-2.927],[121.3,-2.943],[121.317,-2.962],[121.361,-2.988]]]}},{"type":"Feature","properties":{"kode":"13.10","nama":"Dharmasraya","prov":"Sumatera Barat","kota":false},"geometry":{"type":"Polygon","coordinates":[[[101.824,-0.978],[101.815,-1.002],[101.822,-1.008],[101.822,-1.059],[101.831,-1.111],[101.846,-1.112],[101.845,-1.103],[101.854,-1.1],[101.866,-1.112],[101.879,-1.094],[101.893,-1.106],[101.885,-1.113],[101.884,-1.135],[101.817,-1.217],[101.727,-1.235],[101.718,-1.26],[101.692,-1.28],[101.693,-1.309],[101.689,-1.324],[101.674,-1.327],[101.675,-1.347],[101.697,-1.349],[101.718,-1.339],[101.728,-1.365],[101.695,-1.396],[101.694,-1.408],[101.719,-1.436],[101.704,-1.449],[101.691,-1.49],[101.68,-1.498],[101.656,-1.498],[101.656,-1.512],[101.642,-1.513],[101.642,-1.52],[101.623,-1.527],[101.619,-1.545],[101.588,-1.577],[101.567,-1.581],[101.523,-1.636],[101.486,-1.649],[101.477,-1.677],[101.438,-1.696],[101.427,-1.677],[101.431,-1.642],[101.473,-1.592],[101.51,-1.573],[101.528,-1.525],[101.541,-1.514],[101.527,-1.485],[101.557,-1.462],[101.561,-1.444],[101.582,-1.448],[101.609,-1.437],[101.626,-1.413],[101.672,-1.389],[101.647,-1.367],[101.597,-1.349],[101.587,-1.325],[101.551,-1.325],[101.542,-1.334],[101.515,-1.338],[101.524,-1.303],[101.469,-1.281],[101.468,-1.259],[101.447,-1.241],[101.45,-1.212],[101.436,-1.208],[101.411,-1.184],[101.403,-1.151],[101.441,-1.087],[101.441,-1.057],[101.46,-1.031],[101.454,-1.011],[101.423,-1.008],[101.417,-1.028],[101.376,-1.048],[101.347,-1.042],[101.349,-1.06],[101.34,-1.077],[101.351,-1.131],[101.299,-1.144],[101.293,-1.174],[101.278,-1.174],[101.263,-1.167],[101.258,-1.143],[101.232,-1.151],[101.198,-1.107],[101.167,-1.103],[101.174,-1.097],[101.158,-1.071],[101.166,-1.056],[101.144,-1.04],[101.184,-1.03],[101.183,-1.006],[101.204,-0.968],[101.191,-0.951],[101.208,-0.946],[101.21,-0.922],[101.218,-0.921],[101.233,-0.932],[101.258,-0.933],[101.275,-0.956],[101.311,-0.951],[101.326,-0.967],[101.353,-0.955],[101.376,-0.973],[101.398,-0.974],[101.403,-0.969],[101.396,-0.94],[101.42,-0.927],[101.415,-0.9],[101.426,-0.898],[101.454,-0.858],[101.454,-0.834],[101.477,-0.834],[101.494,-0.845],[101.505,-0.839],[101.521,-0.848],[101.548,-0.821],[101.588,-0.847],[101.632,-0.837],[101.648,-0.824],[101.676,-0.845],[101.711,-0.859],[101.713,-0.87],[101.736,-0.876],[101.734,-0.896],[101.715,-0.909],[101.699,-0.938],[101.724,-0.951],[101.739,-0.948],[101.754,-0.975],[101.803,-0.964],[101.824,-0.978]]]}},{"type":"Feature","properties":{"kode":"73.17","nama":"Luwu","prov":"Sulawesi Selatan","kota":false},"geometry":{"type":"MultiPolygon","coordinates":[[[[120.086,-3.031],[120.108,-3.035],[120.107,-3.051],[120.124,-3.07],[120.141,-3.066],[120.148,-3.073],[120.16,-3.072],[120.161,-3.058],[120.178,-3.054],[120.21,-3.067],[120.23,-3.043],[120.253,-3.051],[120.262,-3.081],[120.259,-3.131],[120.252,-3.142],[120.256,-3.161],[120.382,-3.203],[120.389,-3.251],[120.408,-3.261],[120.415,-3.25],[120.421,-3.265],[120.399,-3.289],[120.408,-3.301],[120.398,-3.312],[120.404,-3.432],[120.39,-3.446],[120.391,-3.488],[120.38,-3.499],[120.387,-3.522],[120.401,-3.53],[120.401,-3.55],[120.418,-3.574],[120.421,-3.614],[120.409,-3.667],[120.356,-3.652],[120.334,-3.655],[120.308,-3.641],[120.293,-3.643],[120.272,-3.612],[120.234,-3.584],[120.201,-3.583],[120.18,-3.543],[120.177,-3.508],[120.155,-3.518],[120.155,-3.524],[120.112,-3.509],[120.097,-3.488],[120.1,-3.477],[120.075,-3.446],[120.06,-3.406],[120.04,-3.409],[120.025,-3.385],[120.038,-3.378],[120.044,-3.35],[120.029,-3.322],[120.025,-3.283],[119.982,-3.25],[119.98,-3.224],[119.992,-3.206],[119.984,-3.19],[120.009,-3.169],[120.017,-3.139],[120.023,-3.109],[120.016,-3.095],[120.027,-3.071],[120.008,-3.053],[120.011,-3.048],[120.025,-3.055],[120.034,-3.045],[120.046,-3.047],[120.086,-3.031]]],[[[120.287,-2.91],[120.279,-2.929],[120.256,-2.946],[120.213,-2.956],[120.216,-2.896],[120.174,-2.883],[120.122,-2.912],[120.093,-2.919],[120.087,-2.93],[120.049,-2.953],[120.053,-2.932],[120.005,-2.902],[120.007,-2.894],[119.984,-2.852],[119.989,-2.845],[119.942,-2.779],[119.913,-2.78],[119.886,-2.763],[119.894,-2.736],[119.907,-2.722],[119.924,-2.727],[119.941,-2.706],[119.966,-2.696],[120.047,-2.7],[120.061,-2.689],[120.082,-2.695],[120.11,-2.663],[120.115,-2.673],[120.139,-2.682],[120.134,-2.704],[120.174,-2.742],[120.176,-2.762],[120.192,-2.765],[120.245,-2.821],[120.259,-2.823],[120.256,-2.838],[120.277,-2.868],[120.267,-2.894],[120.287,-2.91]]]]}},{"type":"Feature","properties":{"kode":"76.01","nama":"Pasangkayu","prov":"Sulawesi Barat","kota":false},"geometry":{"type":"Polygon","coordinates":[[[119.561,-0.85],[119.572,-0.881],[119.559,-0.906],[119.568,-0.921],[119.554,-0.931],[119.561,-0.979],[119.557,-1.01],[119.578,-1.03],[119.574,-1.053],[119.582,-1.072],[119.573,-1.078],[119.575,-1.085],[119.59,-1.09],[119.593,-1.125],[119.581,-1.162],[119.592,-1.183],[119.536,-1.179],[119.523,-1.196],[119.535,-1.198],[119.53,-1.234],[119.466,-1.301],[119.489,-1.306],[119.504,-1.297],[119.513,-1.301],[119.511,-1.312],[119.462,-1.319],[119.453,-1.335],[119.427,-1.339],[119.427,-1.347],[119.439,-1.378],[119.463,-1.397],[119.479,-1.401],[119.497,-1.392],[119.509,-1.414],[119.52,-1.411],[119.523,-1.425],[119.508,-1.445],[119.511,-1.451],[119.545,-1.422],[119.547,-1.436],[119.574,-1.42],[119.583,-1.426],[119.582,-1.409],[119.59,-1.41],[119.593,-1.396],[119.603,-1.403],[119.621,-1.397],[119.628,-1.405],[119.643,-1.405],[119.673,-1.431],[119.672,-1.443],[119.683,-1.441],[119.687,-1.45],[119.697,-1.45],[119.667,-1.525],[119.672,-1.546],[119.701,-1.565],[119.715,-1.593],[119.734,-1.605],[119.728,-1.638],[119.757,-1.658],[119.764,-1.679],[119.78,-1.689],[119.778,-1.703],[119.796,-1.709],[119.795,-1.74],[119.811,-1.743],[119.825,-1.768],[119.844,-1.776],[119.868,-1.771],[119.871,-1.78],[119.851,-1.787],[119.837,-1.804],[119.811,-1.792],[119.776,-1.811],[119.742,-1.808],[119.709,-1.832],[119.679,-1.825],[119.656,-1.842],[119.629,-1.82],[119.593,-1.81],[119.578,-1.818],[119.531,-1.794],[119.512,-1.793],[119.45,-1.753],[119.438,-1.729],[119.386,-1.758],[119.377,-1.753],[119.371,-1.758],[119.343,-1.789],[119.338,-1.819],[119.311,-1.798],[119.315,-1.768],[119.302,-1.71],[119.282,-1.689],[119.284,-1.661],[119.295,-1.659],[119.291,-1.647],[119.311,-1.63],[119.303,-1.612],[119.316,-1.608],[119.326,-1.59],[119.327,-1.573],[119.288,-1.45],[119.291,-1.393],[119.333,-1.348],[119.324,-1.306],[119.303,-1.274],[119.337,-1.193],[119.34,-1.169],[119.367,-1.172],[119.4,-1.128],[119.41,-1.13],[119.44,-1.104],[119.461,-1.074],[119.481,-1.001],[119.499,-0.984],[119.522,-0.935],[119.527,-0.899],[119.561,-0.85]]]}},{"type":"Feature","properties":{"kode":"11.06","nama":"Aceh Besar","prov":"Aceh","kota":false},"geometry":{"type":"MultiPolygon","coordinates":[[[[95.745,5.569],[95.729,5.542],[95.725,5.523],[95.737,5.511],[95.726,5.5],[95.764,5.468],[95.763,5.448],[95.777,5.455],[95.78,5.441],[95.759,5.431],[95.753,5.416],[95.768,5.404],[95.758,5.389],[95.758,5.362],[95.749,5.358],[95.749,5.317],[95.766,5.312],[95.758,5.303],[95.765,5.29],[95.791,5.281],[95.787,5.263],[95.775,5.253],[95.789,5.218],[95.833,5.165],[95.84,5.141],[95.821,5.085],[95.747,5.065],[95.73,5.053],[95.648,5.067],[95.63,5.092],[95.641,5.109],[95.632,5.127],[95.644,5.144],[95.622,5.165],[95.616,5.189],[95.596,5.193],[95.588,5.209],[95.545,5.206],[95.532,5.217],[95.498,5.22],[95.486,5.212],[95.462,5.211],[95.421,5.225],[95.401,5.213],[95.367,5.254],[95.347,5.245],[95.349,5.234],[95.325,5.223],[95.332,5.18],[95.307,5.168],[95.284,5.197],[95.269,5.199],[95.247,5.223],[95.253,5.239],[95.233,5.259],[95.247,5.268],[95.239,5.282],[95.219,5.271],[95.214,5.276],[95.216,5.311],[95.239,5.326],[95.226,5.345],[95.229,5.358],[95.236,5.343],[95.242,5.343],[95.253,5.382],[95.247,5.414],[95.233,5.434],[95.242,5.446],[95.24,5.469],[95.225,5.486],[95.226,5.499],[95.21,5.503],[95.194,5.527],[95.228,5.576],[95.24,5.57],[95.236,5.55],[95.281,5.548],[95.28,5.536],[95.29,5.528],[95.32,5.517],[95.36,5.542],[95.353,5.563],[95.359,5.572],[95.368,5.562],[95.378,5.569],[95.369,5.589],[95.355,5.584],[95.35,5.595],[95.432,5.657],[95.465,5.645],[95.496,5.605],[95.515,5.595],[95.531,5.6],[95.529,5.612],[95.582,5.617],[95.611,5.628],[95.688,5.584],[95.745,5.569]]],[[[95.141,5.66],[95.157,5.66],[95.158,5.641],[95.188,5.611],[95.157,5.595],[95.145,5.594],[95.138,5.607],[95.128,5.594],[95.119,5.614],[95.145,5.635],[95.141,5.66]]],[[[95.037,5.751],[95.067,5.747],[95.064,5.734],[95.073,5.723],[95.104,5.713],[95.112,5.701],[95.106,5.696],[95.132,5.686],[95.139,5.664],[95.118,5.672],[95.077,5.669],[95.078,5.658],[95.055,5.648],[95.07,5.664],[95.065,5.672],[95.051,5.671],[95.059,5.679],[95.057,5.69],[95.04,5.704],[95.06,5.713],[95.059,5.721],[95.047,5.724],[95.047,5.736],[95.017,5.719],[95.011,5.724],[95.037,5.751]]]]}},{"type":"Feature","properties":{"kode":"19.05","nama":"Bangka Barat","prov":"Kepulauan Bangka Belitung","kota":false},"geometry":{"type":"Polygon","coordinates":[[[105.745,-1.783],[105.757,-1.793],[105.751,-1.802],[105.76,-1.817],[105.741,-1.829],[105.752,-1.835],[105.75,-1.873],[105.743,-1.883],[105.725,-1.88],[105.722,-1.889],[105.706,-1.894],[105.707,-1.946],[105.715,-1.964],[105.709,-1.977],[105.764,-1.976],[105.808,-1.992],[105.781,-1.998],[105.782,-2.026],[105.772,-2.049],[105.739,-2.054],[105.722,-2.048],[105.74,-2.133],[105.715,-2.125],[105.66,-2.127],[105.647,-2.117],[105.592,-2.123],[105.577,-2.098],[105.56,-2.086],[105.566,-2.071],[105.525,-2.089],[105.513,-2.084],[105.49,-2.093],[105.439,-2.133],[105.419,-2.119],[105.385,-2.131],[105.357,-2.12],[105.328,-2.128],[105.301,-2.154],[105.29,-2.149],[105.259,-2.087],[105.243,-2.072],[105.226,-2.065],[105.195,-2.074],[105.155,-2.071],[105.131,-2.086],[105.125,-2.075],[105.121,-2.037],[105.109,-2.023],[105.133,-1.974],[105.125,-1.96],[105.152,-1.949],[105.163,-1.929],[105.264,-1.897],[105.317,-1.865],[105.357,-1.836],[105.387,-1.801],[105.4,-1.75],[105.389,-1.746],[105.39,-1.735],[105.376,-1.721],[105.329,-1.7],[105.366,-1.679],[105.342,-1.668],[105.344,-1.652],[105.385,-1.642],[105.394,-1.607],[105.424,-1.606],[105.458,-1.567],[105.5,-1.561],[105.535,-1.565],[105.554,-1.557],[105.568,-1.532],[105.605,-1.53],[105.603,-1.556],[105.64,-1.642],[105.663,-1.654],[105.716,-1.646],[105.696,-1.678],[105.661,-1.714],[105.653,-1.713],[105.655,-1.745],[105.695,-1.781],[105.745,-1.783]]]}},{"type":"Feature","properties":{"kode":"62.71","nama":"Kota Palangkaraya","prov":"Kalimantan Tengah","kota":true},"geometry":{"type":"Polygon","coordinates":[[[113.798,-1.604],[113.832,-1.806],[113.826,-2.011],[113.933,-2.15],[113.929,-2.158],[114.009,-2.162],[114.108,-2.188],[114.085,-2.269],[114.067,-2.272],[114.057,-2.296],[114.042,-2.311],[114.025,-2.403],[113.994,-2.395],[113.963,-2.402],[113.762,-2.402],[113.69,-2.243],[113.7,-2.157],[113.695,-2.087],[113.563,-1.917],[113.567,-1.908],[113.557,-1.903],[113.489,-1.786],[113.476,-1.681],[113.502,-1.645],[113.531,-1.655],[113.564,-1.653],[113.616,-1.626],[113.648,-1.585],[113.73,-1.591],[113.749,-1.606],[113.798,-1.604]]]}},{"type":"Feature","properties":{"kode":"11.05","nama":"Aceh Barat","prov":"Aceh","kota":false},"geometry":{"type":"Polygon","coordinates":[[[96.26,4.712],[96.257,4.707],[96.27,4.698],[96.362,4.67],[96.379,4.676],[96.406,4.67],[96.451,4.622],[96.484,4.631],[96.494,4.615],[96.49,4.587],[96.496,4.56],[96.492,4.548],[96.443,4.528],[96.459,4.502],[96.484,4.501],[96.482,4.461],[96.438,4.425],[96.372,4.418],[96.364,4.393],[96.333,4.391],[96.332,4.384],[96.343,4.381],[96.339,4.374],[96.32,4.368],[96.321,4.359],[96.308,4.351],[96.311,4.337],[96.279,4.308],[96.273,4.286],[96.259,4.274],[96.255,4.238],[96.267,4.226],[96.273,4.207],[96.268,4.199],[96.279,4.184],[96.271,4.169],[96.275,4.152],[96.268,4.144],[96.258,4.147],[96.258,4.137],[96.238,4.144],[96.234,4.133],[96.243,4.13],[96.234,4.12],[96.215,4.111],[96.2,4.115],[96.19,4.107],[96.145,4.142],[96.128,4.131],[96.055,4.207],[96.041,4.209],[96.023,4.197],[96.012,4.221],[95.876,4.37],[95.887,4.396],[95.926,4.442],[95.957,4.51],[96.013,4.551],[96.018,4.572],[96.038,4.576],[96.042,4.589],[96.026,4.614],[96.043,4.66],[96.0,4.75],[96.107,4.75],[96.103,4.723],[96.111,4.69],[96.105,4.675],[96.133,4.675],[96.14,4.7],[96.159,4.711],[96.168,4.75],[96.243,4.712],[96.26,4.712]]]}},{"type":"Feature","properties":{"kode":"12.10","nama":"Labuhanbatu","prov":"Sumatera Utara","kota":false},"geometry":{"type":"Polygon","coordinates":[[[100.322,2.548],[100.299,2.443],[100.307,2.375],[100.363,2.248],[100.347,2.243],[100.36,2.219],[100.238,2.22],[100.211,2.214],[100.205,2.194],[100.157,2.194],[100.157,2.169],[100.125,2.171],[100.124,2.128],[100.108,2.134],[100.101,2.108],[100.078,2.094],[100.052,2.096],[100.045,2.079],[100.036,2.076],[100.049,2.019],[100.039,2.017],[100.029,2.0],[100.06,1.987],[100.037,1.936],[99.998,1.936],[99.998,1.948],[99.963,1.948],[99.971,1.957],[99.963,1.958],[99.956,1.948],[99.967,1.931],[99.96,1.927],[99.944,1.945],[99.953,1.968],[99.913,1.966],[99.912,1.985],[99.898,1.98],[99.883,1.968],[99.888,1.936],[99.881,1.907],[99.871,1.9],[99.868,1.862],[99.878,1.849],[99.882,1.821],[99.865,1.813],[99.863,1.796],[99.843,1.798],[99.835,1.806],[99.84,1.821],[99.83,1.826],[99.848,1.835],[99.833,1.859],[99.835,1.906],[99.829,1.91],[99.846,1.92],[99.831,1.954],[99.854,1.969],[99.852,1.993],[99.84,1.992],[99.852,2.001],[99.791,2.024],[99.765,2.004],[99.742,2.002],[99.734,1.977],[99.709,1.963],[99.704,1.945],[99.708,1.97],[99.692,1.972],[99.684,1.982],[99.695,2.027],[99.678,2.037],[99.656,2.027],[99.631,2.048],[99.683,2.081],[99.718,2.091],[99.731,2.117],[99.763,2.137],[99.771,2.188],[99.864,2.181],[99.866,2.191],[99.896,2.196],[99.93,2.191],[99.945,2.208],[99.962,2.208],[99.963,2.197],[99.99,2.199],[99.998,2.258],[100.023,2.255],[100.024,2.264],[100.02,2.277],[99.987,2.275],[99.983,2.408],[100.009,2.409],[100.014,2.446],[100.037,2.483],[100.016,2.486],[100.015,2.494],[100.055,2.514],[100.073,2.546],[100.06,2.633],[100.058,2.679],[100.064,2.697],[100.052,2.715],[100.06,2.734],[100.089,2.71],[100.138,2.688],[100.176,2.711],[100.22,2.704],[100.234,2.643],[100.273,2.61],[100.278,2.588],[100.322,2.548]]]}},{"type":"Feature","properties":{"kode":"36.01","nama":"Pandeglang","prov":"Banten","kota":false},"geometry":{"type":"MultiPolygon","coordinates":[[[[105.261,-6.521],[105.268,-6.529],[105.252,-6.553],[105.259,-6.605],[105.243,-6.636],[105.23,-6.643],[105.215,-6.639],[105.183,-6.679],[105.17,-6.663],[105.191,-6.64],[105.195,-6.62],[105.175,-6.6],[105.182,-6.583],[105.176,-6.578],[105.157,-6.579],[105.132,-6.605],[105.128,-6.623],[105.108,-6.61],[105.101,-6.62],[105.1,-6.613],[105.121,-6.59],[105.165,-6.552],[105.187,-6.54],[105.214,-6.546],[105.222,-6.53],[105.239,-6.534],[105.261,-6.521]]],[[[106.172,-6.291],[106.157,-6.297],[106.152,-6.323],[106.13,-6.327],[106.126,-6.358],[106.132,-6.378],[106.113,-6.399],[106.118,-6.42],[106.109,-6.427],[106.091,-6.424],[106.064,-6.405],[106.055,-6.407],[106.056,-6.414],[106.043,-6.411],[106.036,-6.428],[106.025,-6.428],[106.024,-6.445],[105.984,-6.505],[105.984,-6.517],[105.975,-6.517],[105.983,-6.542],[105.966,-6.554],[105.934,-6.6],[105.932,-6.623],[105.943,-6.63],[105.946,-6.66],[105.938,-6.664],[105.918,-6.719],[105.893,-6.721],[105.884,-6.761],[105.869,-6.775],[105.866,-6.788],[105.878,-6.804],[105.873,-6.809],[105.883,-6.837],[105.84,-6.835],[105.776,-6.85],[105.709,-6.836],[105.67,-6.837],[105.561,-6.858],[105.538,-6.874],[105.505,-6.862],[105.476,-6.863],[105.441,-6.837],[105.42,-6.841],[105.422,-6.852],[105.414,-6.854],[105.409,-6.831],[105.327,-6.803],[105.295,-6.805],[105.267,-6.844],[105.241,-6.836],[105.237,-6.792],[105.213,-6.762],[105.213,-6.746],[105.23,-6.756],[105.265,-6.76],[105.279,-6.735],[105.33,-6.696],[105.327,-6.668],[105.369,-6.647],[105.401,-6.718],[105.402,-6.727],[105.393,-6.726],[105.388,-6.739],[105.435,-6.775],[105.435,-6.799],[105.442,-6.799],[105.435,-6.807],[105.448,-6.826],[105.468,-6.828],[105.478,-6.82],[105.482,-6.806],[105.501,-6.789],[105.502,-6.771],[105.512,-6.757],[105.507,-6.73],[105.555,-6.697],[105.562,-6.681],[105.572,-6.68],[105.571,-6.657],[105.594,-6.651],[105.618,-6.617],[105.626,-6.585],[105.617,-6.575],[105.616,-6.559],[105.65,-6.481],[105.665,-6.482],[105.669,-6.471],[105.679,-6.478],[105.675,-6.511],[105.715,-6.533],[105.772,-6.515],[105.797,-6.49],[105.825,-6.426],[105.82,-6.36],[105.828,-6.319],[105.84,-6.314],[105.841,-6.3],[105.826,-6.287],[105.827,-6.248],[105.841,-6.24],[105.877,-6.24],[105.88,-6.227],[105.888,-6.224],[105.898,-6.244],[105.914,-6.248],[105.93,-6.281],[105.934,-6.24],[105.947,-6.237],[105.949,-6.248],[105.977,-6.246],[105.982,-6.266],[105.995,-6.273],[106.027,-6.275],[106.066,-6.263],[106.092,-6.229],[106.109,-6.252],[106.178,-6.254],[106.172,-6.291]]]]}},{"type":"Feature","properties":{"kode":"92.02","nama":"Manokwari","prov":"Papua Barat","kota":false},"geometry":{"type":"Polygon","coordinates":[[[134.185,-1.198],[134.177,-1.213],[134.149,-1.225],[134.102,-1.224],[134.093,-1.212],[134.077,-1.229],[134.04,-1.242],[134.017,-1.239],[134.02,-1.231],[134.006,-1.226],[133.996,-1.202],[133.975,-1.199],[133.963,-1.184],[133.943,-1.191],[133.934,-1.17],[133.919,-1.165],[133.91,-1.15],[133.9,-1.11],[133.887,-1.101],[133.901,-1.096],[133.903,-1.087],[133.897,-1.043],[133.904,-1.014],[133.897,-1.003],[133.892,-1.024],[133.869,-1.031],[133.872,-1.054],[133.861,-1.06],[133.855,-1.084],[133.838,-1.062],[133.806,-1.061],[133.789,-1.074],[133.778,-1.131],[133.767,-1.116],[133.746,-1.112],[133.71,-1.122],[133.697,-1.07],[133.688,-1.072],[133.67,-1.047],[133.657,-1.056],[133.645,-1.038],[133.633,-1.051],[133.601,-1.059],[133.591,-1.075],[133.578,-1.066],[133.529,-1.062],[133.532,-1.037],[133.507,-1.035],[133.502,-1.041],[133.488,-1.024],[133.483,-1.007],[133.488,-0.96],[133.477,-0.952],[133.456,-0.963],[133.451,-0.95],[133.467,-0.943],[133.471,-0.929],[133.469,-0.901],[133.441,-0.863],[133.437,-0.806],[133.426,-0.8],[133.472,-0.8],[133.469,-0.775],[133.493,-0.762],[133.486,-0.741],[133.545,-0.747],[133.569,-0.738],[133.571,-0.722],[133.614,-0.737],[133.655,-0.736],[133.718,-0.752],[133.738,-0.738],[133.733,-0.72],[133.753,-0.719],[133.768,-0.73],[133.796,-0.726],[133.804,-0.744],[133.817,-0.749],[133.831,-0.735],[133.862,-0.73],[133.871,-0.715],[133.904,-0.727],[133.918,-0.72],[133.929,-0.733],[133.945,-0.714],[133.971,-0.72],[133.986,-0.733],[133.982,-0.742],[133.991,-0.76],[134.009,-0.777],[134.039,-0.802],[134.083,-0.815],[134.126,-0.863],[134.136,-0.864],[134.12,-0.88],[134.11,-0.87],[134.088,-0.878],[134.067,-0.866],[134.069,-0.875],[134.051,-0.869],[134.052,-0.896],[134.041,-0.9],[134.039,-0.91],[134.043,-0.928],[134.022,-0.931],[134.009,-0.956],[134.019,-0.976],[134.07,-1.032],[134.071,-1.071],[134.097,-1.103],[134.106,-1.133],[134.156,-1.181],[134.185,-1.198]]]}},{"type":"Feature","properties":{"kode":"76.06","nama":"Mamuju Tengah","prov":"Sulawesi Barat","kota":false},"geometry":{"type":"Polygon","coordinates":[[[119.871,-1.78],[119.859,-1.807],[119.859,-1.826],[119.875,-1.861],[119.864,-1.875],[119.854,-1.875],[119.848,-1.904],[119.859,-1.911],[119.861,-1.929],[119.871,-1.938],[119.846,-2.012],[119.847,-2.023],[119.87,-2.018],[119.852,-2.041],[119.828,-2.047],[119.818,-2.059],[119.818,-2.094],[119.804,-2.112],[119.793,-2.108],[119.777,-2.119],[119.735,-2.125],[119.711,-2.143],[119.659,-2.136],[119.613,-2.151],[119.581,-2.146],[119.542,-2.116],[119.527,-2.125],[119.502,-2.12],[119.472,-2.139],[119.468,-2.16],[119.442,-2.177],[119.432,-2.194],[119.41,-2.187],[119.373,-2.194],[119.354,-2.209],[119.35,-2.202],[119.33,-2.205],[119.309,-2.227],[119.294,-2.227],[119.289,-2.22],[119.274,-2.244],[119.252,-2.249],[119.199,-2.314],[119.13,-2.298],[119.131,-2.275],[119.153,-2.238],[119.145,-2.2],[119.167,-2.16],[119.188,-2.151],[119.189,-2.122],[119.199,-2.109],[119.192,-2.096],[119.21,-2.027],[119.223,-2.013],[119.212,-1.997],[119.286,-1.954],[119.293,-1.953],[119.296,-1.96],[119.318,-1.954],[119.321,-1.963],[119.332,-1.962],[119.341,-1.935],[119.334,-1.927],[119.336,-1.915],[119.354,-1.897],[119.35,-1.871],[119.363,-1.853],[119.354,-1.819],[119.341,-1.819],[119.343,-1.789],[119.377,-1.753],[119.386,-1.758],[119.438,-1.729],[119.45,-1.753],[119.512,-1.793],[119.531,-1.794],[119.578,-1.818],[119.593,-1.81],[119.629,-1.82],[119.656,-1.842],[119.679,-1.825],[119.709,-1.832],[119.742,-1.808],[119.776,-1.811],[119.811,-1.792],[119.837,-1.804],[119.851,-1.787],[119.871,-1.78]]]}},{"type":"Feature","properties":{"kode":"32.06","nama":"Tasikmalaya","prov":"Jawa Barat","kota":false},"geometry":{"type":"Polygon","coordinates":[[[108.138,-7.039],[108.156,-7.067],[108.193,-7.071],[108.209,-7.088],[108.22,-7.088],[108.216,-7.131],[108.203,-7.14],[108.192,-7.173],[108.199,-7.225],[108.189,-7.255],[108.193,-7.269],[108.178,-7.274],[108.175,-7.287],[108.154,-7.292],[108.161,-7.321],[108.153,-7.335],[108.166,-7.344],[108.172,-7.386],[108.183,-7.393],[108.179,-7.406],[108.193,-7.438],[108.188,-7.447],[108.198,-7.45],[108.211,-7.436],[108.269,-7.425],[108.276,-7.417],[108.273,-7.391],[108.282,-7.384],[108.265,-7.376],[108.285,-7.363],[108.287,-7.347],[108.309,-7.337],[108.324,-7.34],[108.342,-7.356],[108.393,-7.359],[108.415,-7.377],[108.4,-7.389],[108.396,-7.408],[108.405,-7.422],[108.421,-7.423],[108.425,-7.484],[108.441,-7.49],[108.427,-7.501],[108.417,-7.491],[108.412,-7.498],[108.4,-7.479],[108.372,-7.479],[108.352,-7.498],[108.34,-7.495],[108.334,-7.508],[108.334,-7.551],[108.355,-7.568],[108.361,-7.601],[108.355,-7.637],[108.366,-7.661],[108.352,-7.683],[108.317,-7.693],[108.331,-7.716],[108.313,-7.724],[108.324,-7.758],[108.324,-7.796],[108.341,-7.802],[108.341,-7.817],[108.145,-7.786],[107.994,-7.743],[107.91,-7.731],[107.93,-7.689],[107.923,-7.666],[107.93,-7.657],[107.921,-7.637],[107.925,-7.617],[107.917,-7.604],[107.942,-7.574],[107.935,-7.557],[107.946,-7.545],[107.943,-7.504],[107.953,-7.46],[107.945,-7.442],[107.951,-7.422],[107.939,-7.404],[107.941,-7.393],[107.905,-7.363],[107.93,-7.348],[107.929,-7.339],[107.945,-7.329],[107.94,-7.316],[107.928,-7.312],[107.922,-7.29],[107.974,-7.27],[107.99,-7.245],[108.063,-7.22],[108.079,-7.17],[108.087,-7.163],[108.068,-7.13],[108.099,-7.103],[108.111,-7.102],[108.123,-7.113],[108.118,-7.079],[108.136,-7.06],[108.126,-7.037],[108.138,-7.039]]]}},{"type":"Feature","properties":{"kode":"11.08","nama":"Aceh Utara","prov":"Aceh","kota":false},"geometry":{"type":"Polygon","coordinates":[[[97.046,5.242],[97.037,5.213],[97.028,5.21],[97.028,5.196],[97.048,5.199],[97.058,5.172],[97.071,5.165],[97.088,5.171],[97.085,5.145],[97.109,5.129],[97.106,5.115],[97.131,5.091],[97.165,5.083],[97.178,5.084],[97.176,5.142],[97.24,5.154],[97.484,5.243],[97.499,5.214],[97.49,5.207],[97.501,5.19],[97.485,5.183],[97.498,5.159],[97.47,5.151],[97.468,5.134],[97.477,5.129],[97.46,5.112],[97.469,5.109],[97.47,5.093],[97.481,5.089],[97.484,5.078],[97.491,5.087],[97.497,5.082],[97.493,5.072],[97.515,5.072],[97.507,5.062],[97.514,5.053],[97.498,5.051],[97.514,5.033],[97.496,5.017],[97.508,4.996],[97.497,4.991],[97.501,4.969],[97.492,4.963],[97.501,4.96],[97.497,4.948],[97.474,4.943],[97.468,4.929],[97.487,4.911],[97.483,4.905],[97.499,4.899],[97.492,4.888],[97.5,4.885],[97.497,4.875],[97.511,4.884],[97.49,4.868],[97.477,4.839],[97.458,4.846],[97.444,4.834],[97.442,4.829],[97.457,4.823],[97.435,4.821],[97.438,4.812],[97.429,4.806],[97.434,4.787],[97.41,4.781],[97.419,4.79],[97.406,4.795],[97.4,4.769],[97.41,4.763],[97.416,4.769],[97.425,4.756],[97.361,4.771],[97.364,4.784],[97.354,4.772],[97.35,4.779],[97.338,4.778],[97.319,4.737],[97.252,4.758],[97.28,4.808],[97.28,4.826],[97.243,4.873],[97.146,4.91],[97.121,4.91],[97.101,4.899],[97.079,4.91],[97.047,4.906],[97.024,4.913],[97.01,4.903],[97.001,4.865],[96.955,4.859],[96.908,4.875],[96.846,4.882],[96.844,4.898],[96.787,4.94],[96.813,4.976],[96.821,5.001],[96.82,5.038],[96.837,5.059],[96.834,5.089],[96.876,5.117],[96.878,5.137],[96.891,5.152],[96.89,5.175],[96.918,5.201],[96.907,5.251],[96.976,5.263],[97.022,5.254],[97.033,5.239],[97.046,5.242]]]}},{"type":"Feature","properties":{"kode":"18.03","nama":"Lampung Utara","prov":"Lampung","kota":false},"geometry":{"type":"Polygon","coordinates":[[[104.926,-4.515],[104.981,-4.535],[104.994,-4.585],[104.988,-4.588],[105.0,-4.606],[104.997,-4.615],[104.986,-4.615],[104.981,-4.63],[104.996,-4.636],[105.005,-4.629],[105.011,-4.639],[105.002,-4.645],[105.06,-4.682],[105.062,-4.697],[105.072,-4.706],[105.086,-4.702],[105.127,-4.73],[105.117,-4.772],[105.058,-4.874],[105.055,-4.925],[105.039,-4.96],[105.025,-4.965],[104.996,-4.949],[104.995,-4.938],[105.01,-4.915],[104.983,-4.924],[104.968,-4.922],[104.964,-4.913],[104.932,-4.92],[104.904,-4.958],[104.908,-4.976],[104.901,-4.986],[104.863,-4.987],[104.865,-4.981],[104.838,-4.975],[104.8,-4.985],[104.767,-5.036],[104.729,-5.051],[104.713,-5.069],[104.698,-5.064],[104.679,-5.085],[104.658,-5.079],[104.628,-5.089],[104.591,-5.069],[104.568,-5.022],[104.537,-5.014],[104.517,-5.026],[104.502,-5.018],[104.494,-5.0],[104.496,-4.966],[104.546,-4.866],[104.544,-4.859],[104.555,-4.849],[104.549,-4.832],[104.603,-4.824],[104.609,-4.832],[104.622,-4.822],[104.621,-4.797],[104.645,-4.781],[104.634,-4.762],[104.635,-4.742],[104.624,-4.739],[104.634,-4.706],[104.611,-4.69],[104.609,-4.681],[104.638,-4.657],[104.645,-4.633],[104.699,-4.598],[104.696,-4.583],[104.708,-4.571],[104.7,-4.567],[104.702,-4.553],[104.73,-4.555],[104.731,-4.537],[104.783,-4.532],[104.793,-4.515],[104.819,-4.504],[104.882,-4.514],[104.889,-4.523],[104.926,-4.515]]]}},{"type":"Feature","properties":{"kode":"53.03","nama":"Timor Tengah Utara","prov":"Nusa Tenggara Timur","kota":false},"geometry":{"type":"Polygon","coordinates":[[[124.793,-9.019],[124.82,-9.078],[124.814,-9.102],[124.821,-9.144],[124.827,-9.146],[124.81,-9.168],[124.821,-9.174],[124.82,-9.199],[124.836,-9.217],[124.837,-9.23],[124.826,-9.242],[124.847,-9.248],[124.858,-9.263],[124.852,-9.279],[124.844,-9.276],[124.847,-9.288],[124.834,-9.292],[124.832,-9.316],[124.84,-9.332],[124.802,-9.35],[124.809,-9.369],[124.801,-9.388],[124.785,-9.391],[124.779,-9.4],[124.793,-9.41],[124.798,-9.425],[124.781,-9.453],[124.782,-9.47],[124.77,-9.468],[124.767,-9.482],[124.753,-9.482],[124.739,-9.498],[124.721,-9.504],[124.729,-9.513],[124.739,-9.51],[124.741,-9.53],[124.753,-9.536],[124.754,-9.564],[124.737,-9.562],[124.732,-9.553],[124.704,-9.562],[124.694,-9.586],[124.659,-9.581],[124.632,-9.588],[124.617,-9.612],[124.575,-9.62],[124.564,-9.64],[124.543,-9.645],[124.532,-9.66],[124.517,-9.663],[124.494,-9.645],[124.457,-9.635],[124.461,-9.614],[124.449,-9.618],[124.429,-9.606],[124.427,-9.595],[124.41,-9.6],[124.372,-9.59],[124.362,-9.597],[124.351,-9.586],[124.319,-9.596],[124.309,-9.572],[124.28,-9.569],[124.267,-9.553],[124.236,-9.543],[124.225,-9.558],[124.215,-9.538],[124.238,-9.527],[124.223,-9.507],[124.179,-9.475],[124.167,-9.456],[124.157,-9.449],[124.147,-9.453],[124.093,-9.413],[124.096,-9.406],[124.12,-9.407],[124.134,-9.426],[124.155,-9.422],[124.174,-9.39],[124.217,-9.366],[124.261,-9.396],[124.272,-9.412],[124.275,-9.435],[124.287,-9.451],[124.28,-9.501],[124.294,-9.493],[124.316,-9.496],[124.342,-9.483],[124.355,-9.485],[124.356,-9.464],[124.365,-9.46],[124.349,-9.425],[124.372,-9.417],[124.365,-9.402],[124.38,-9.397],[124.374,-9.377],[124.379,-9.361],[124.398,-9.355],[124.404,-9.34],[124.438,-9.33],[124.447,-9.306],[124.463,-9.299],[124.454,-9.266],[124.465,-9.25],[124.481,-9.172],[124.531,-9.184],[124.551,-9.172],[124.556,-9.177],[124.571,-9.163],[124.616,-9.153],[124.639,-9.128],[124.668,-9.12],[124.687,-9.092],[124.697,-9.054],[124.718,-9.052],[124.73,-9.059],[124.793,-9.019]]]}},{"type":"Feature","properties":{"kode":"73.13","nama":"Wajo","prov":"Sulawesi Selatan","kota":false},"geometry":{"type":"Polygon","coordinates":[[[120.321,-3.647],[120.334,-3.655],[120.356,-3.652],[120.379,-3.663],[120.412,-3.663],[120.418,-3.679],[120.438,-3.69],[120.439,-3.746],[120.4,-3.785],[120.361,-3.853],[120.344,-3.893],[120.337,-3.939],[120.353,-3.973],[120.342,-3.996],[120.361,-4.022],[120.356,-4.065],[120.332,-4.096],[120.331,-4.108],[120.339,-4.109],[120.346,-4.132],[120.374,-4.145],[120.381,-4.175],[120.366,-4.223],[120.35,-4.227],[120.338,-4.24],[120.318,-4.239],[120.304,-4.248],[120.293,-4.243],[120.264,-4.273],[120.239,-4.269],[120.225,-4.235],[120.193,-4.237],[120.15,-4.223],[120.125,-4.226],[120.11,-4.245],[120.094,-4.243],[120.082,-4.264],[120.073,-4.264],[120.073,-4.285],[120.045,-4.286],[120.041,-4.263],[119.961,-4.272],[119.96,-4.258],[119.938,-4.238],[119.937,-4.206],[119.95,-4.188],[119.95,-4.123],[119.894,-4.109],[119.898,-4.076],[119.908,-4.069],[119.888,-4.044],[119.885,-4.013],[119.899,-3.992],[119.899,-3.974],[119.908,-3.969],[119.911,-3.934],[119.931,-3.929],[119.959,-3.939],[120.016,-3.939],[120.042,-3.9],[120.046,-3.871],[120.067,-3.846],[120.079,-3.847],[120.073,-3.823],[120.086,-3.792],[120.125,-3.813],[120.153,-3.765],[120.192,-3.773],[120.21,-3.723],[120.143,-3.683],[120.157,-3.642],[120.191,-3.644],[120.243,-3.675],[120.265,-3.677],[120.299,-3.705],[120.297,-3.725],[120.305,-3.723],[120.305,-3.701],[120.314,-3.684],[120.339,-3.678],[120.321,-3.647]]]}},{"type":"Feature","properties":{"kode":"17.04","nama":"Kaur","prov":"Bengkulu","kota":false},"geometry":{"type":"Polygon","coordinates":[[[103.316,-4.267],[103.322,-4.283],[103.352,-4.295],[103.371,-4.316],[103.41,-4.314],[103.442,-4.33],[103.448,-4.348],[103.468,-4.355],[103.425,-4.407],[103.431,-4.414],[103.426,-4.456],[103.42,-4.467],[103.413,-4.466],[103.407,-4.501],[103.421,-4.506],[103.428,-4.522],[103.487,-4.578],[103.529,-4.571],[103.577,-4.525],[103.62,-4.531],[103.63,-4.557],[103.602,-4.597],[103.624,-4.594],[103.661,-4.61],[103.668,-4.624],[103.687,-4.636],[103.686,-4.646],[103.701,-4.663],[103.705,-4.704],[103.668,-4.729],[103.704,-4.724],[103.734,-4.744],[103.762,-4.742],[103.79,-4.779],[103.767,-4.795],[103.731,-4.799],[103.705,-4.832],[103.669,-4.849],[103.65,-4.87],[103.638,-4.87],[103.625,-4.89],[103.604,-4.89],[103.596,-4.922],[103.562,-4.924],[103.533,-4.913],[103.522,-4.887],[103.47,-4.865],[103.443,-4.862],[103.424,-4.871],[103.406,-4.856],[103.413,-4.843],[103.404,-4.818],[103.379,-4.8],[103.356,-4.797],[103.344,-4.812],[103.328,-4.808],[103.31,-4.782],[103.321,-4.769],[103.32,-4.759],[103.296,-4.741],[103.284,-4.71],[103.257,-4.696],[103.244,-4.674],[103.154,-4.602],[103.07,-4.559],[103.086,-4.552],[103.08,-4.509],[103.121,-4.482],[103.168,-4.399],[103.201,-4.394],[103.201,-4.309],[103.219,-4.307],[103.228,-4.294],[103.243,-4.29],[103.278,-4.291],[103.294,-4.257],[103.316,-4.267]]]}},{"type":"Feature","properties":{"kode":"95.01","nama":"Jayawijaya","prov":"Papua Pegunungan","kota":false},"geometry":{"type":"Polygon","coordinates":[[[138.949,-3.879],[138.955,-3.916],[139.008,-3.97],[139.02,-3.969],[139.024,-3.952],[139.04,-3.946],[139.062,-3.916],[139.072,-3.934],[139.107,-3.935],[139.115,-3.946],[139.141,-3.954],[139.177,-3.988],[139.202,-3.998],[139.194,-4.037],[139.2,-4.05],[139.189,-4.061],[139.209,-4.079],[139.206,-4.091],[139.221,-4.127],[139.213,-4.139],[139.221,-4.154],[139.209,-4.161],[139.215,-4.178],[139.204,-4.186],[139.196,-4.179],[139.108,-4.175],[139.078,-4.18],[139.059,-4.193],[139.015,-4.191],[138.987,-4.223],[138.952,-4.221],[138.926,-4.232],[138.921,-4.257],[138.873,-4.255],[138.864,-4.262],[138.823,-4.239],[138.804,-4.215],[138.779,-4.222],[138.777,-4.246],[138.747,-4.28],[138.74,-4.316],[138.725,-4.312],[138.722,-4.351],[138.764,-4.357],[138.762,-4.368],[138.774,-4.385],[138.769,-4.43],[138.777,-4.441],[138.764,-4.466],[138.769,-4.474],[138.624,-4.472],[138.608,-4.445],[138.593,-4.443],[138.583,-4.402],[138.619,-4.38],[138.617,-4.362],[138.605,-4.355],[138.624,-4.318],[138.628,-4.267],[138.666,-4.166],[138.683,-4.057],[138.695,-4.03],[138.739,-4.019],[138.746,-3.997],[138.728,-3.981],[138.737,-3.97],[138.733,-3.952],[138.726,-3.939],[138.716,-3.937],[138.711,-3.921],[138.722,-3.92],[138.721,-3.883],[138.713,-3.872],[138.692,-3.874],[138.66,-3.843],[138.642,-3.815],[138.647,-3.804],[138.635,-3.767],[138.644,-3.757],[138.667,-3.753],[138.673,-3.779],[138.724,-3.776],[138.739,-3.794],[138.75,-3.789],[138.778,-3.797],[138.789,-3.809],[138.882,-3.792],[138.906,-3.813],[138.898,-3.84],[138.905,-3.868],[138.929,-3.868],[138.949,-3.879]]]}},{"type":"Feature","properties":{"kode":"12.07","nama":"Deli Serdang","prov":"Sumatera Utara","kota":false},"geometry":{"type":"Polygon","coordinates":[[[98.71,3.795],[98.685,3.79],[98.675,3.776],[98.651,3.782],[98.633,3.776],[98.625,3.76],[98.653,3.733],[98.618,3.712],[98.623,3.701],[98.632,3.702],[98.634,3.684],[98.659,3.675],[98.659,3.639],[98.666,3.636],[98.664,3.624],[98.652,3.615],[98.626,3.611],[98.6,3.618],[98.607,3.611],[98.612,3.563],[98.612,3.554],[98.593,3.541],[98.603,3.533],[98.593,3.499],[98.6,3.491],[98.617,3.498],[98.626,3.519],[98.632,3.505],[98.641,3.508],[98.638,3.49],[98.647,3.481],[98.645,3.49],[98.66,3.508],[98.658,3.522],[98.672,3.515],[98.696,3.518],[98.698,3.531],[98.742,3.529],[98.744,3.537],[98.723,3.541],[98.721,3.552],[98.727,3.552],[98.727,3.568],[98.738,3.58],[98.718,3.583],[98.724,3.595],[98.742,3.595],[98.712,3.6],[98.706,3.595],[98.71,3.627],[98.693,3.627],[98.693,3.646],[98.702,3.645],[98.703,3.656],[98.69,3.657],[98.692,3.665],[98.67,3.672],[98.675,3.679],[98.704,3.672],[98.71,3.72],[98.731,3.723],[98.727,3.732],[98.705,3.741],[98.707,3.772],[98.752,3.764],[98.774,3.732],[98.875,3.687],[98.943,3.676],[98.945,3.659],[98.938,3.625],[98.919,3.601],[98.919,3.583],[98.933,3.568],[98.927,3.546],[98.936,3.52],[98.933,3.488],[98.914,3.451],[98.919,3.371],[98.914,3.362],[98.891,3.36],[98.845,3.34],[98.831,3.319],[98.802,3.306],[98.791,3.28],[98.738,3.225],[98.727,3.177],[98.735,3.173],[98.732,3.145],[98.726,3.121],[98.714,3.107],[98.715,3.067],[98.695,3.041],[98.693,3.072],[98.644,3.064],[98.63,3.069],[98.634,3.089],[98.623,3.105],[98.629,3.124],[98.616,3.132],[98.602,3.164],[98.602,3.179],[98.615,3.181],[98.612,3.195],[98.627,3.224],[98.623,3.233],[98.56,3.2],[98.539,3.247],[98.481,3.237],[98.471,3.242],[98.468,3.254],[98.475,3.271],[98.47,3.276],[98.509,3.308],[98.496,3.39],[98.505,3.401],[98.505,3.457],[98.521,3.521],[98.51,3.533],[98.509,3.556],[98.497,3.568],[98.54,3.575],[98.533,3.621],[98.527,3.621],[98.527,3.632],[98.512,3.632],[98.511,3.664],[98.519,3.668],[98.501,3.672],[98.51,3.729],[98.504,3.745],[98.536,3.791],[98.552,3.79],[98.578,3.81],[98.585,3.834],[98.603,3.835],[98.606,3.869],[98.612,3.866],[98.623,3.884],[98.64,3.886],[98.664,3.908],[98.679,3.903],[98.697,3.878],[98.7,3.824],[98.71,3.795]]]}},{"type":"Feature","properties":{"kode":"91.28","nama":"Deiyai","prov":"Papua Tengah","kota":false},"geometry":{"type":"Polygon","coordinates":[[[136.305,-3.998],[136.393,-4.01],[136.398,-4.003],[136.432,-4.017],[136.508,-4.021],[136.526,-4.03],[136.557,-4.051],[136.562,-4.066],[136.572,-4.065],[136.566,-4.084],[136.576,-4.082],[136.603,-4.1],[136.602,-4.128],[136.577,-4.133],[136.577,-4.15],[136.637,-4.171],[136.661,-4.171],[136.68,-4.189],[136.698,-4.192],[136.724,-4.179],[136.756,-4.177],[136.771,-4.165],[136.761,-4.125],[136.741,-4.124],[136.724,-4.107],[136.723,-4.092],[136.775,-4.079],[136.818,-4.089],[136.848,-4.108],[136.861,-4.101],[136.882,-4.117],[136.916,-4.123],[136.929,-4.137],[136.927,-4.17],[136.907,-4.182],[136.89,-4.178],[136.875,-4.184],[136.86,-4.21],[136.846,-4.209],[136.829,-4.232],[136.788,-4.244],[136.803,-4.285],[136.797,-4.306],[136.785,-4.314],[136.739,-4.311],[136.715,-4.386],[136.686,-4.402],[136.668,-4.398],[136.653,-4.378],[136.6,-4.394],[136.597,-4.381],[136.582,-4.373],[136.583,-4.364],[136.602,-4.36],[136.62,-4.335],[136.656,-4.269],[136.658,-4.249],[136.643,-4.21],[136.543,-4.205],[136.538,-4.206],[136.541,-4.215],[136.561,-4.234],[136.532,-4.29],[136.509,-4.253],[136.491,-4.254],[136.445,-4.217],[136.42,-4.238],[136.433,-4.286],[136.423,-4.292],[136.426,-4.32],[136.403,-4.335],[136.316,-4.346],[136.306,-4.329],[136.252,-4.329],[136.25,-4.342],[136.237,-4.34],[136.204,-4.359],[136.153,-4.343],[136.13,-4.378],[136.091,-4.389],[136.078,-4.403],[136.024,-4.392],[136.008,-4.371],[136.031,-4.364],[136.04,-4.329],[136.038,-4.301],[136.003,-4.281],[136.018,-4.241],[136.01,-4.228],[136.024,-4.211],[136.041,-4.214],[136.047,-4.184],[136.083,-4.156],[136.075,-4.132],[136.105,-4.091],[136.086,-4.077],[136.09,-4.059],[136.107,-4.046],[136.136,-4.052],[136.16,-4.046],[136.167,-4.027],[136.179,-4.027],[136.181,-3.998],[136.192,-3.982],[136.203,-3.995],[136.221,-3.999],[136.273,-3.98],[136.299,-3.987],[136.305,-3.998]]]}},{"type":"Feature","properties":{"kode":"19.06","nama":"Belitung Timur","prov":"Kepulauan Bangka Belitung","kota":false},"geometry":{"type":"Polygon","coordinates":[[[107.848,-3.059],[107.864,-3.036],[107.864,-3.018],[107.844,-3.003],[107.834,-3.009],[107.822,-2.992],[107.79,-2.974],[107.787,-2.958],[107.764,-2.944],[107.752,-2.906],[107.757,-2.897],[107.747,-2.888],[107.784,-2.862],[107.816,-2.878],[107.872,-2.878],[107.849,-2.821],[107.863,-2.807],[107.892,-2.797],[107.934,-2.8],[107.984,-2.777],[107.969,-2.762],[107.965,-2.736],[107.953,-2.739],[107.945,-2.733],[107.951,-2.72],[107.945,-2.709],[107.906,-2.711],[107.879,-2.692],[107.895,-2.633],[107.927,-2.621],[107.946,-2.599],[107.939,-2.573],[107.949,-2.568],[107.959,-2.578],[107.989,-2.572],[108.004,-2.58],[108.013,-2.596],[108.003,-2.619],[108.012,-2.62],[108.031,-2.651],[108.043,-2.599],[108.075,-2.607],[108.09,-2.599],[108.087,-2.605],[108.111,-2.621],[108.113,-2.632],[108.127,-2.629],[108.142,-2.651],[108.152,-2.651],[108.148,-2.673],[108.167,-2.685],[108.17,-2.67],[108.19,-2.679],[108.196,-2.684],[108.192,-2.689],[108.219,-2.704],[108.25,-2.741],[108.27,-2.751],[108.266,-2.769],[108.298,-2.848],[108.294,-2.879],[108.255,-2.911],[108.246,-2.932],[108.248,-2.954],[108.209,-3.01],[108.217,-3.054],[108.18,-3.12],[108.184,-3.13],[108.201,-3.131],[108.208,-3.142],[108.205,-3.147],[108.185,-3.142],[108.153,-3.171],[108.079,-3.171],[108.068,-3.189],[108.087,-3.217],[108.077,-3.246],[108.064,-3.239],[108.014,-3.245],[107.996,-3.256],[107.992,-3.268],[107.981,-3.269],[107.967,-3.247],[107.974,-3.195],[107.965,-3.169],[107.934,-3.151],[107.933,-3.132],[107.923,-3.131],[107.923,-3.125],[107.905,-3.115],[107.887,-3.118],[107.882,-3.109],[107.899,-3.097],[107.889,-3.081],[107.865,-3.074],[107.861,-3.059],[107.848,-3.059]]]}},{"type":"Feature","properties":{"kode":"12.14","nama":"Nias Selatan","prov":"Sumatera Utara","kota":false},"geometry":{"type":"MultiPolygon","coordinates":[[[[98.418,-0.242],[98.431,-0.251],[98.441,-0.245],[98.489,-0.3],[98.5,-0.338],[98.522,-0.36],[98.512,-0.382],[98.522,-0.381],[98.5,-0.399],[98.514,-0.414],[98.505,-0.431],[98.507,-0.49],[98.481,-0.517],[98.506,-0.543],[98.505,-0.557],[98.493,-0.573],[98.492,-0.552],[98.485,-0.553],[98.468,-0.572],[98.479,-0.544],[98.475,-0.534],[98.453,-0.545],[98.436,-0.538],[98.416,-0.558],[98.416,-0.568],[98.424,-0.573],[98.42,-0.598],[98.391,-0.562],[98.287,-0.523],[98.323,-0.508],[98.326,-0.522],[98.346,-0.519],[98.344,-0.499],[98.351,-0.498],[98.355,-0.471],[98.371,-0.469],[98.376,-0.459],[98.373,-0.383],[98.383,-0.368],[98.384,-0.344],[98.408,-0.315],[98.425,-0.317],[98.44,-0.303],[98.44,-0.284],[98.431,-0.279],[98.418,-0.242]]],[[[97.89,-0.062],[97.899,-0.1],[97.889,-0.107],[97.852,-0.087],[97.853,-0.081],[97.837,-0.069],[97.89,-0.062]]],[[[98.299,-0.059],[98.313,-0.066],[98.33,-0.061],[98.332,-0.072],[98.341,-0.069],[98.357,-0.088],[98.347,-0.097],[98.324,-0.091],[98.295,-0.071],[98.299,-0.059]]],[[[98.382,0.008],[98.392,0.004],[98.396,-0.013],[98.415,0.001],[98.418,-0.03],[98.442,-0.058],[98.446,-0.074],[98.471,-0.094],[98.468,-0.108],[98.484,-0.125],[98.486,-0.14],[98.477,-0.148],[98.496,-0.19],[98.493,-0.21],[98.549,-0.248],[98.573,-0.28],[98.566,-0.332],[98.541,-0.333],[98.543,-0.364],[98.557,-0.379],[98.559,-0.389],[98.552,-0.393],[98.523,-0.328],[98.505,-0.31],[98.506,-0.297],[98.434,-0.21],[98.433,-0.186],[98.424,-0.184],[98.422,-0.17],[98.413,-0.168],[98.413,-0.158],[98.367,-0.108],[98.38,-0.106],[98.361,-0.059],[98.341,-0.034],[98.331,-0.037],[98.294,-0.019],[98.32,-0.015],[98.343,0.004],[98.37,-0.001],[98.382,0.008]]],[[[98.612,0.181],[98.622,0.173],[98.657,0.176],[98.681,0.168],[98.708,0.178],[98.721,0.157],[98.741,0.165],[98.754,0.157],[98.775,0.174],[98.788,0.166],[98.798,0.171],[98.854,0.116],[98.846,0.091],[98.85,0.08],[98.787,0.096],[98.754,0.073],[98.673,0.081],[98.654,0.072],[98.626,0.086],[98.569,0.097],[98.554,0.092],[98.536,0.102],[98.525,0.142],[98.566,0.173],[98.612,0.181]]],[[[97.904,0.894],[97.894,0.84],[97.912,0.799],[97.89,0.766],[97.887,0.743],[97.897,0.714],[97.899,0.624],[97.877,0.601],[97.853,0.589],[97.836,0.57],[97.838,0.56],[97.822,0.568],[97.822,0.543],[97.803,0.56],[97.781,0.554],[97.779,0.564],[97.787,0.567],[97.78,0.58],[97.767,0.557],[97.754,0.554],[97.743,0.554],[97.742,0.58],[97.732,0.579],[97.728,0.567],[97.702,0.565],[97.683,0.587],[97.696,0.618],[97.661,0.678],[97.666,0.701],[97.653,0.714],[97.656,0.743],[97.637,0.761],[97.641,0.766],[97.632,0.801],[97.608,0.817],[97.602,0.838],[97.559,0.867],[97.524,0.952],[97.553,0.992],[97.588,1.019],[97.62,1.027],[97.65,1.001],[97.691,0.997],[97.695,0.933],[97.751,0.95],[97.765,0.962],[97.779,0.943],[97.802,0.937],[97.804,0.923],[97.875,0.933],[97.897,0.895],[97.904,0.894]]]]}},{"type":"Feature","properties":{"kode":"17.05","nama":"Seluma","prov":"Bengkulu","kota":false},"geometry":{"type":"Polygon","coordinates":[[[102.998,-4.019],[102.958,-4.055],[102.93,-4.049],[102.915,-4.066],[102.924,-4.1],[102.974,-4.127],[103.003,-4.16],[102.987,-4.168],[102.958,-4.166],[102.939,-4.183],[102.9,-4.178],[102.901,-4.196],[102.891,-4.203],[102.881,-4.242],[102.908,-4.242],[102.918,-4.256],[102.886,-4.263],[102.861,-4.284],[102.844,-4.343],[102.828,-4.322],[102.816,-4.324],[102.796,-4.354],[102.743,-4.322],[102.697,-4.276],[102.305,-3.987],[102.302,-3.953],[102.317,-3.911],[102.332,-3.904],[102.345,-3.913],[102.347,-3.889],[102.365,-3.884],[102.36,-3.876],[102.37,-3.87],[102.371,-3.857],[102.39,-3.854],[102.392,-3.871],[102.407,-3.871],[102.462,-3.844],[102.49,-3.86],[102.49,-3.852],[102.518,-3.834],[102.553,-3.833],[102.563,-3.808],[102.574,-3.804],[102.606,-3.811],[102.62,-3.802],[102.67,-3.826],[102.685,-3.847],[102.683,-3.86],[102.701,-3.855],[102.733,-3.887],[102.749,-3.891],[102.753,-3.906],[102.77,-3.91],[102.793,-3.96],[102.818,-3.97],[102.816,-3.978],[102.845,-3.977],[102.864,-3.992],[102.89,-3.987],[102.895,-3.976],[102.912,-3.97],[102.961,-4.02],[102.998,-4.019]]]}},{"type":"Feature","properties":{"kode":"63.04","nama":"Barito Kuala","prov":"Kalimantan Selatan","kota":false},"geometry":{"type":"Polygon","coordinates":[[[114.861,-2.526],[114.804,-2.742],[114.811,-2.807],[114.839,-2.87],[114.799,-2.957],[114.815,-2.992],[114.827,-2.993],[114.831,-3.095],[114.869,-3.064],[114.869,-3.137],[114.826,-3.165],[114.822,-3.2],[114.798,-3.21],[114.789,-3.203],[114.789,-3.22],[114.78,-3.231],[114.767,-3.227],[114.625,-3.285],[114.606,-3.28],[114.602,-3.289],[114.569,-3.267],[114.562,-3.315],[114.507,-3.388],[114.52,-3.433],[114.513,-3.513],[114.499,-3.519],[114.485,-3.499],[114.429,-3.5],[114.352,-3.463],[114.355,-3.442],[114.347,-3.42],[114.363,-3.387],[114.352,-3.368],[114.361,-3.359],[114.35,-3.349],[114.362,-3.33],[114.36,-3.316],[114.372,-3.292],[114.436,-3.243],[114.45,-3.21],[114.424,-3.18],[114.526,-3.087],[114.518,-3.078],[114.524,-3.072],[114.534,-3.081],[114.546,-3.068],[114.528,-3.045],[114.533,-3.035],[114.519,-3.01],[114.523,-3.004],[114.505,-3.0],[114.53,-2.97],[114.526,-2.953],[114.536,-2.959],[114.544,-2.949],[114.518,-2.919],[114.538,-2.927],[114.554,-2.892],[114.59,-2.91],[114.596,-2.897],[114.561,-2.877],[114.567,-2.864],[114.599,-2.891],[114.615,-2.885],[114.598,-2.816],[114.664,-2.801],[114.68,-2.776],[114.671,-2.756],[114.678,-2.739],[114.718,-2.741],[114.762,-2.72],[114.791,-2.67],[114.797,-2.591],[114.861,-2.526]]]}},{"type":"Feature","properties":{"kode":"53.19","nama":"Manggarai Timur","prov":"Nusa Tenggara Timur","kota":false},"geometry":{"type":"Polygon","coordinates":[[[120.926,-8.354],[120.935,-8.373],[120.917,-8.382],[120.913,-8.41],[120.929,-8.428],[120.918,-8.434],[120.911,-8.453],[120.924,-8.471],[120.893,-8.497],[120.858,-8.502],[120.845,-8.516],[120.857,-8.543],[120.857,-8.569],[120.88,-8.6],[120.889,-8.629],[120.884,-8.644],[120.891,-8.65],[120.875,-8.697],[120.845,-8.707],[120.856,-8.748],[120.844,-8.763],[120.845,-8.783],[120.834,-8.789],[120.824,-8.821],[120.811,-8.828],[120.817,-8.841],[120.79,-8.839],[120.784,-8.873],[120.772,-8.886],[120.743,-8.892],[120.69,-8.871],[120.647,-8.867],[120.599,-8.816],[120.543,-8.812],[120.518,-8.818],[120.504,-8.781],[120.508,-8.747],[120.494,-8.729],[120.498,-8.714],[120.468,-8.686],[120.471,-8.668],[120.484,-8.655],[120.524,-8.638],[120.527,-8.602],[120.51,-8.566],[120.541,-8.519],[120.546,-8.494],[120.535,-8.451],[120.512,-8.408],[120.478,-8.382],[120.481,-8.319],[120.491,-8.316],[120.494,-8.293],[120.53,-8.273],[120.562,-8.301],[120.592,-8.297],[120.606,-8.277],[120.591,-8.261],[120.602,-8.255],[120.657,-8.291],[120.678,-8.323],[120.689,-8.329],[120.714,-8.326],[120.716,-8.336],[120.736,-8.35],[120.763,-8.337],[120.783,-8.346],[120.81,-8.339],[120.855,-8.358],[120.877,-8.35],[120.888,-8.359],[120.926,-8.354]]]}},{"type":"Feature","properties":{"kode":"91.05","nama":"Kepulauan Yapen","prov":"Papua","kota":false},"geometry":{"type":"MultiPolygon","coordinates":[[[[136.326,-1.908],[136.346,-1.916],[136.355,-1.905],[136.368,-1.943],[136.356,-1.95],[136.36,-1.959],[136.343,-1.952],[136.33,-1.935],[136.336,-1.927],[136.326,-1.908]]],[[[137.024,-1.831],[137.047,-1.848],[137.054,-1.87],[136.951,-1.837],[137.024,-1.831]]],[[[135.473,-1.599],[135.495,-1.608],[135.578,-1.612],[135.622,-1.625],[135.689,-1.62],[135.693,-1.634],[135.703,-1.625],[135.733,-1.633],[135.741,-1.626],[135.788,-1.627],[135.835,-1.64],[135.839,-1.658],[135.857,-1.655],[135.869,-1.661],[135.879,-1.639],[135.914,-1.635],[135.961,-1.644],[135.964,-1.654],[135.981,-1.646],[135.993,-1.654],[136.021,-1.649],[136.051,-1.659],[136.077,-1.649],[136.182,-1.655],[136.202,-1.648],[136.229,-1.669],[136.303,-1.686],[136.325,-1.704],[136.351,-1.705],[136.373,-1.718],[136.41,-1.72],[136.435,-1.712],[136.449,-1.699],[136.584,-1.729],[136.682,-1.729],[136.768,-1.747],[136.788,-1.74],[136.903,-1.792],[136.874,-1.8],[136.868,-1.815],[136.847,-1.827],[136.796,-1.812],[136.757,-1.827],[136.719,-1.816],[136.702,-1.824],[136.709,-1.84],[136.704,-1.845],[136.688,-1.841],[136.687,-1.834],[136.656,-1.855],[136.65,-1.868],[136.635,-1.871],[136.618,-1.862],[136.533,-1.868],[136.503,-1.849],[136.501,-1.856],[136.546,-1.896],[136.532,-1.898],[136.5,-1.88],[136.47,-1.884],[136.465,-1.893],[136.449,-1.883],[136.426,-1.885],[136.412,-1.873],[136.397,-1.886],[136.388,-1.873],[136.371,-1.882],[136.343,-1.86],[136.314,-1.863],[136.297,-1.87],[136.292,-1.881],[136.275,-1.883],[136.259,-1.91],[136.248,-1.886],[136.224,-1.906],[136.226,-1.885],[136.217,-1.874],[136.204,-1.875],[136.2,-1.856],[136.193,-1.871],[136.176,-1.873],[136.147,-1.853],[136.118,-1.853],[136.103,-1.844],[136.07,-1.849],[136.026,-1.819],[135.987,-1.82],[135.966,-1.797],[135.946,-1.786],[135.942,-1.79],[135.912,-1.756],[135.9,-1.761],[135.912,-1.778],[135.899,-1.788],[135.892,-1.763],[135.87,-1.741],[135.851,-1.745],[135.869,-1.756],[135.858,-1.767],[135.845,-1.746],[135.837,-1.753],[135.832,-1.746],[135.824,-1.749],[135.822,-1.736],[135.791,-1.726],[135.785,-1.716],[135.76,-1.71],[135.757,-1.723],[135.751,-1.722],[135.736,-1.709],[135.732,-1.688],[135.674,-1.706],[135.666,-1.692],[135.65,-1.696],[135.65,-1.684],[135.629,-1.696],[135.617,-1.696],[135.618,-1.684],[135.576,-1.684],[135.575,-1.674],[135.555,-1.663],[135.544,-1.677],[135.525,-1.685],[135.52,-1.678],[135.529,-1.667],[135.519,-1.662],[135.51,-1.669],[135.512,-1.686],[135.475,-1.68],[135.466,-1.637],[135.462,-1.633],[135.449,-1.642],[135.442,-1.61],[135.412,-1.605],[135.473,-1.599]]],[[[135.12,-1.466],[135.122,-1.477],[135.139,-1.472],[135.154,-1.49],[135.167,-1.478],[135.179,-1.478],[135.181,-1.488],[135.215,-1.475],[135.217,-1.489],[135.207,-1.499],[135.222,-1.508],[135.231,-1.487],[135.244,-1.484],[135.242,-1.502],[135.251,-1.507],[135.253,-1.522],[135.259,-1.518],[135.262,-1.479],[135.277,-1.484],[135.297,-1.475],[135.31,-1.496],[135.336,-1.492],[135.326,-1.509],[135.299,-1.519],[135.279,-1.517],[135.262,-1.527],[135.245,-1.529],[135.236,-1.52],[135.208,-1.524],[135.177,-1.511],[135.173,-1.524],[135.153,-1.519],[135.137,-1.504],[135.093,-1.503],[135.097,-1.488],[135.12,-1.466]]]]}},{"type":"Feature","properties":{"kode":"72.07","nama":"Banggai Kepulauan","prov":"Sulawesi Tengah","kota":false},"geometry":{"type":"MultiPolygon","coordinates":[[[[123.325,-1.188],[123.311,-1.273],[123.297,-1.282],[123.275,-1.215],[123.281,-1.193],[123.316,-1.175],[123.325,-1.188]]],[[[123.163,-1.153],[123.194,-1.154],[123.222,-1.21],[123.249,-1.229],[123.236,-1.234],[123.217,-1.27],[123.193,-1.26],[123.189,-1.266],[123.196,-1.27],[123.198,-1.289],[123.183,-1.321],[123.191,-1.319],[123.216,-1.354],[123.227,-1.359],[123.238,-1.396],[123.269,-1.382],[123.284,-1.358],[123.287,-1.346],[123.279,-1.331],[123.29,-1.309],[123.313,-1.304],[123.336,-1.261],[123.378,-1.221],[123.402,-1.234],[123.408,-1.221],[123.412,-1.235],[123.404,-1.252],[123.42,-1.257],[123.429,-1.27],[123.446,-1.264],[123.439,-1.247],[123.445,-1.237],[123.473,-1.249],[123.487,-1.269],[123.516,-1.263],[123.555,-1.277],[123.557,-1.327],[123.535,-1.359],[123.539,-1.395],[123.513,-1.454],[123.497,-1.467],[123.473,-1.462],[123.47,-1.497],[123.457,-1.518],[123.438,-1.507],[123.437,-1.52],[123.416,-1.519],[123.41,-1.528],[123.391,-1.505],[123.371,-1.497],[123.359,-1.524],[123.356,-1.473],[123.343,-1.471],[123.326,-1.45],[123.325,-1.419],[123.289,-1.415],[123.276,-1.443],[123.257,-1.442],[123.253,-1.472],[123.259,-1.482],[123.25,-1.489],[123.251,-1.519],[123.239,-1.554],[123.242,-1.593],[123.258,-1.609],[123.255,-1.639],[123.242,-1.649],[123.236,-1.643],[123.227,-1.598],[123.208,-1.609],[123.208,-1.617],[123.192,-1.612],[123.176,-1.634],[123.17,-1.63],[123.156,-1.639],[123.151,-1.617],[123.136,-1.607],[123.127,-1.613],[123.111,-1.608],[123.109,-1.601],[123.099,-1.601],[123.098,-1.587],[123.11,-1.565],[123.127,-1.567],[123.145,-1.545],[123.17,-1.534],[123.185,-1.514],[123.176,-1.498],[123.172,-1.452],[123.163,-1.453],[123.172,-1.427],[123.163,-1.4],[123.169,-1.395],[123.156,-1.368],[123.164,-1.304],[123.147,-1.296],[123.122,-1.317],[123.12,-1.306],[123.114,-1.307],[123.097,-1.345],[123.058,-1.389],[123.031,-1.439],[123.017,-1.493],[123.004,-1.5],[122.999,-1.515],[122.978,-1.525],[122.963,-1.546],[122.945,-1.545],[122.913,-1.596],[122.882,-1.601],[122.868,-1.595],[122.849,-1.578],[122.853,-1.552],[122.819,-1.5],[122.826,-1.499],[122.82,-1.482],[122.795,-1.488],[122.789,-1.476],[122.795,-1.371],[122.816,-1.333],[122.816,-1.308],[122.832,-1.277],[122.871,-1.249],[122.882,-1.215],[122.905,-1.182],[122.947,-1.186],[122.966,-1.215],[122.973,-1.215],[122.977,-1.203],[123.034,-1.177],[123.105,-1.16],[123.143,-1.21],[123.159,-1.19],[123.163,-1.153]]]]}},{"type":"Feature","properties":{"kode":"12.16","nama":"Humbang Hasundutan","prov":"Sumatera Utara","kota":false},"geometry":{"type":"Polygon","coordinates":[[[98.421,2.476],[98.457,2.437],[98.524,2.426],[98.537,2.441],[98.564,2.436],[98.619,2.396],[98.673,2.406],[98.73,2.439],[98.751,2.434],[98.764,2.428],[98.766,2.416],[98.796,2.393],[98.808,2.374],[98.85,2.356],[98.846,2.343],[98.888,2.327],[98.921,2.321],[98.927,2.327],[98.935,2.318],[98.948,2.319],[98.961,2.298],[98.963,2.267],[98.945,2.264],[98.921,2.227],[98.884,2.219],[98.879,2.214],[98.886,2.205],[98.864,2.218],[98.842,2.212],[98.818,2.218],[98.811,2.212],[98.825,2.187],[98.821,2.175],[98.841,2.162],[98.77,2.148],[98.773,2.142],[98.756,2.131],[98.735,2.129],[98.725,2.119],[98.735,2.114],[98.732,2.104],[98.715,2.103],[98.716,2.076],[98.69,2.053],[98.679,2.017],[98.672,2.011],[98.659,2.015],[98.643,2.0],[98.634,2.014],[98.609,2.021],[98.608,2.061],[98.596,2.082],[98.564,2.073],[98.545,2.082],[98.501,2.08],[98.438,2.108],[98.394,2.117],[98.362,2.142],[98.311,2.161],[98.284,2.188],[98.277,2.205],[98.277,2.255],[98.264,2.276],[98.262,2.342],[98.252,2.356],[98.277,2.339],[98.303,2.335],[98.308,2.387],[98.299,2.417],[98.349,2.423],[98.364,2.459],[98.409,2.462],[98.421,2.476]]]}},{"type":"Feature","properties":{"kode":"82.07","nama":"Pulau Morotai","prov":"Maluku Utara","kota":false},"geometry":{"type":"MultiPolygon","coordinates":[[[[128.166,2.413],[128.185,2.366],[128.177,2.313],[128.188,2.306],[128.179,2.291],[128.16,2.288],[128.139,2.299],[128.125,2.334],[128.135,2.34],[128.132,2.354],[128.154,2.406],[128.166,2.413]]],[[[128.581,2.636],[128.61,2.585],[128.607,2.572],[128.629,2.564],[128.637,2.53],[128.656,2.527],[128.674,2.499],[128.679,2.506],[128.687,2.502],[128.693,2.459],[128.688,2.43],[128.693,2.422],[128.65,2.369],[128.641,2.332],[128.654,2.311],[128.63,2.26],[128.625,2.218],[128.602,2.194],[128.575,2.137],[128.578,2.112],[128.569,2.104],[128.549,2.104],[128.51,2.061],[128.483,2.062],[128.471,2.054],[128.448,2.061],[128.401,2.057],[128.346,2.038],[128.3,2.036],[128.293,2.031],[128.292,2.008],[128.262,1.984],[128.282,2.017],[128.293,2.054],[128.281,2.085],[128.271,2.082],[128.253,2.095],[128.246,2.126],[128.248,2.197],[128.24,2.205],[128.249,2.243],[128.217,2.28],[128.197,2.281],[128.217,2.305],[128.24,2.318],[128.285,2.372],[128.298,2.41],[128.298,2.442],[128.324,2.472],[128.352,2.489],[128.35,2.494],[128.364,2.508],[128.376,2.506],[128.39,2.521],[128.407,2.526],[128.43,2.568],[128.448,2.571],[128.461,2.596],[128.503,2.575],[128.512,2.581],[128.522,2.576],[128.547,2.606],[128.548,2.626],[128.567,2.645],[128.581,2.636]]]]}},{"type":"Feature","properties":{"kode":"35.22","nama":"Bojonegoro","prov":"Jawa Timur","kota":false},"geometry":{"type":"Polygon","coordinates":[[[111.906,-7.137],[111.929,-7.132],[111.93,-7.157],[111.937,-7.16],[111.954,-7.132],[111.978,-7.146],[111.978,-7.163],[111.984,-7.163],[111.995,-7.114],[112.011,-7.13],[112.003,-7.109],[112.021,-7.087],[112.02,-7.068],[112.03,-7.078],[112.081,-7.066],[112.087,-7.086],[112.123,-7.088],[112.117,-7.098],[112.125,-7.108],[112.131,-7.097],[112.144,-7.106],[112.149,-7.101],[112.154,-7.12],[112.165,-7.113],[112.16,-7.142],[112.15,-7.159],[112.14,-7.157],[112.119,-7.211],[112.109,-7.223],[112.09,-7.228],[112.084,-7.26],[112.092,-7.267],[112.09,-7.298],[112.073,-7.333],[112.089,-7.369],[112.069,-7.397],[112.049,-7.394],[112.035,-7.402],[112.024,-7.396],[112.02,-7.408],[111.971,-7.405],[111.958,-7.413],[111.946,-7.406],[111.959,-7.43],[111.94,-7.44],[111.905,-7.433],[111.877,-7.441],[111.821,-7.44],[111.801,-7.461],[111.77,-7.47],[111.716,-7.443],[111.575,-7.349],[111.567,-7.36],[111.528,-7.372],[111.513,-7.363],[111.472,-7.357],[111.463,-7.363],[111.457,-7.352],[111.444,-7.36],[111.445,-7.345],[111.461,-7.341],[111.446,-7.337],[111.455,-7.319],[111.424,-7.309],[111.442,-7.29],[111.438,-7.271],[111.451,-7.274],[111.451,-7.248],[111.463,-7.263],[111.476,-7.252],[111.486,-7.26],[111.488,-7.243],[111.503,-7.248],[111.53,-7.226],[111.539,-7.228],[111.537,-7.215],[111.549,-7.206],[111.566,-7.207],[111.567,-7.187],[111.587,-7.186],[111.584,-7.171],[111.598,-7.146],[111.612,-7.138],[111.607,-7.127],[111.613,-7.111],[111.62,-7.11],[111.613,-7.084],[111.629,-7.064],[111.614,-7.035],[111.613,-7.007],[111.622,-6.986],[111.651,-7.0],[111.659,-7.039],[111.693,-7.054],[111.691,-7.063],[111.712,-7.081],[111.819,-7.088],[111.862,-7.129],[111.878,-7.133],[111.888,-7.122],[111.906,-7.137]]]}},{"type":"Feature","properties":{"kode":"33.01","nama":"Cilacap","prov":"Jawa Tengah","kota":false},"geometry":{"type":"MultiPolygon","coordinates":[[[[108.802,-7.68],[108.842,-7.684],[108.876,-7.709],[108.898,-7.71],[108.917,-7.709],[108.939,-7.721],[108.963,-7.718],[108.983,-7.74],[109.025,-7.765],[109.043,-7.76],[109.05,-7.775],[109.038,-7.784],[108.838,-7.737],[108.815,-7.735],[108.8,-7.742],[108.795,-7.734],[108.786,-7.736],[108.8,-7.717],[108.788,-7.702],[108.802,-7.68]]],[[[108.695,-7.152],[108.697,-7.167],[108.718,-7.179],[108.724,-7.195],[108.775,-7.199],[108.79,-7.21],[108.815,-7.203],[108.818,-7.231],[108.857,-7.24],[108.864,-7.271],[108.893,-7.276],[108.897,-7.286],[108.911,-7.289],[108.911,-7.302],[108.934,-7.321],[108.945,-7.309],[108.957,-7.336],[108.976,-7.335],[108.949,-7.363],[108.955,-7.366],[108.938,-7.394],[108.939,-7.417],[108.91,-7.447],[108.89,-7.453],[108.9,-7.472],[108.925,-7.463],[108.956,-7.47],[108.964,-7.485],[108.956,-7.496],[108.973,-7.518],[109.005,-7.528],[109.007,-7.545],[109.024,-7.543],[109.043,-7.559],[109.058,-7.556],[109.066,-7.573],[109.109,-7.582],[109.155,-7.578],[109.168,-7.569],[109.171,-7.551],[109.181,-7.549],[109.211,-7.563],[109.267,-7.592],[109.262,-7.62],[109.342,-7.641],[109.359,-7.639],[109.365,-7.657],[109.39,-7.67],[109.379,-7.687],[109.393,-7.695],[109.386,-7.715],[109.391,-7.726],[109.321,-7.706],[109.107,-7.683],[109.056,-7.698],[109.035,-7.712],[109.02,-7.752],[109.0,-7.744],[108.967,-7.712],[108.938,-7.72],[108.926,-7.707],[108.898,-7.709],[108.876,-7.695],[108.86,-7.66],[108.843,-7.657],[108.823,-7.671],[108.801,-7.673],[108.765,-7.65],[108.737,-7.61],[108.743,-7.591],[108.751,-7.592],[108.749,-7.567],[108.755,-7.559],[108.734,-7.501],[108.717,-7.48],[108.713,-7.457],[108.721,-7.435],[108.701,-7.416],[108.697,-7.4],[108.686,-7.396],[108.676,-7.358],[108.662,-7.353],[108.656,-7.339],[108.6,-7.351],[108.559,-7.332],[108.564,-7.304],[108.557,-7.287],[108.585,-7.241],[108.581,-7.207],[108.566,-7.201],[108.562,-7.171],[108.635,-7.139],[108.657,-7.157],[108.695,-7.152]]]]}},{"type":"Feature","properties":{"kode":"12.01","nama":"Tapanuli Tengah","prov":"Sumatera Utara","kota":false},"geometry":{"type":"MultiPolygon","coordinates":[[[[98.462,1.702],[98.485,1.7],[98.489,1.685],[98.502,1.682],[98.494,1.668],[98.496,1.653],[98.535,1.64],[98.542,1.645],[98.548,1.68],[98.571,1.669],[98.572,1.649],[98.585,1.665],[98.586,1.646],[98.6,1.637],[98.609,1.613],[98.594,1.624],[98.561,1.618],[98.542,1.635],[98.501,1.624],[98.475,1.641],[98.463,1.636],[98.446,1.649],[98.441,1.675],[98.462,1.702]]],[[[98.283,2.193],[98.311,2.161],[98.362,2.142],[98.395,2.117],[98.438,2.108],[98.509,2.078],[98.545,2.082],[98.564,2.073],[98.596,2.082],[98.608,2.061],[98.609,2.021],[98.634,2.014],[98.646,1.999],[98.659,2.015],[98.67,2.013],[98.671,2.005],[98.653,1.995],[98.705,1.972],[98.725,1.953],[98.743,1.958],[98.783,1.942],[98.813,1.944],[98.82,1.92],[98.808,1.908],[98.806,1.888],[98.796,1.89],[98.783,1.88],[98.787,1.859],[98.823,1.849],[98.845,1.815],[98.864,1.81],[98.882,1.748],[98.89,1.742],[98.95,1.746],[98.967,1.758],[98.992,1.756],[98.984,1.716],[98.966,1.685],[98.985,1.654],[99.0,1.651],[99.022,1.688],[99.052,1.708],[99.057,1.645],[99.037,1.627],[99.025,1.577],[99.013,1.57],[99.004,1.548],[99.025,1.559],[99.036,1.556],[98.998,1.539],[98.99,1.522],[98.997,1.504],[99.014,1.499],[99.008,1.476],[98.98,1.469],[98.939,1.48],[98.926,1.464],[98.981,1.456],[98.958,1.441],[98.946,1.447],[98.938,1.439],[98.925,1.448],[98.901,1.442],[98.902,1.448],[98.882,1.448],[98.874,1.403],[98.844,1.418],[98.836,1.431],[98.798,1.432],[98.8,1.424],[98.782,1.431],[98.769,1.487],[98.733,1.524],[98.728,1.547],[98.713,1.56],[98.718,1.569],[98.729,1.568],[98.766,1.528],[98.783,1.578],[98.804,1.565],[98.809,1.572],[98.796,1.584],[98.8,1.594],[98.81,1.603],[98.82,1.6],[98.84,1.627],[98.838,1.651],[98.824,1.679],[98.809,1.691],[98.794,1.685],[98.782,1.703],[98.785,1.722],[98.794,1.719],[98.811,1.73],[98.797,1.746],[98.801,1.758],[98.769,1.758],[98.741,1.783],[98.728,1.775],[98.706,1.785],[98.699,1.772],[98.711,1.76],[98.719,1.754],[98.728,1.766],[98.733,1.761],[98.729,1.735],[98.739,1.731],[98.736,1.721],[98.723,1.716],[98.688,1.733],[98.608,1.838],[98.562,1.871],[98.54,1.912],[98.501,1.941],[98.472,1.982],[98.421,2.009],[98.391,2.007],[98.377,2.016],[98.361,2.004],[98.368,2.019],[98.34,2.047],[98.315,2.044],[98.308,2.034],[98.289,2.044],[98.277,2.038],[98.278,2.029],[98.27,2.033],[98.271,2.049],[98.251,2.073],[98.127,2.17],[98.163,2.231],[98.179,2.24],[98.186,2.294],[98.197,2.312],[98.277,2.255],[98.283,2.193]]]]}},{"type":"Feature","properties":{"kode":"16.10","nama":"Ogan Ilir","prov":"Sumatera Selatan","kota":false},"geometry":{"type":"Polygon","coordinates":[[[104.779,-3.053],[104.806,-3.055],[104.798,-3.062],[104.802,-3.072],[104.797,-3.073],[104.792,-3.114],[104.799,-3.119],[104.793,-3.128],[104.797,-3.135],[104.814,-3.133],[104.818,-3.144],[104.8,-3.174],[104.806,-3.177],[104.813,-3.238],[104.791,-3.238],[104.787,-3.249],[104.802,-3.268],[104.799,-3.273],[104.809,-3.273],[104.826,-3.319],[104.806,-3.412],[104.815,-3.421],[104.816,-3.451],[104.785,-3.467],[104.768,-3.461],[104.751,-3.487],[104.739,-3.487],[104.726,-3.466],[104.701,-3.467],[104.661,-3.497],[104.659,-3.517],[104.649,-3.529],[104.649,-3.561],[104.64,-3.572],[104.648,-3.579],[104.631,-3.604],[104.639,-3.629],[104.66,-3.65],[104.635,-3.655],[104.621,-3.713],[104.608,-3.722],[104.556,-3.803],[104.546,-3.796],[104.54,-3.799],[104.534,-3.789],[104.501,-3.785],[104.454,-3.745],[104.398,-3.764],[104.374,-3.761],[104.366,-3.756],[104.366,-3.74],[104.378,-3.688],[104.451,-3.644],[104.468,-3.615],[104.454,-3.577],[104.418,-3.563],[104.391,-3.59],[104.358,-3.589],[104.349,-3.6],[104.321,-3.609],[104.318,-3.539],[104.352,-3.53],[104.378,-3.51],[104.424,-3.492],[104.443,-3.457],[104.437,-3.428],[104.47,-3.42],[104.498,-3.399],[104.501,-3.373],[104.53,-3.364],[104.538,-3.345],[104.533,-3.318],[104.54,-3.315],[104.541,-3.303],[104.533,-3.297],[104.531,-3.276],[104.549,-3.263],[104.546,-3.219],[104.543,-3.21],[104.521,-3.207],[104.522,-3.18],[104.576,-3.115],[104.578,-3.102],[104.643,-3.096],[104.643,-3.071],[104.66,-3.078],[104.677,-3.049],[104.71,-3.058],[104.727,-3.088],[104.751,-3.039],[104.775,-3.035],[104.779,-3.053]]]}},{"type":"Feature","properties":{"kode":"52.05","nama":"Dompu","prov":"Nusa Tenggara Barat","kota":false},"geometry":{"type":"Polygon","coordinates":[[[117.766,-8.143],[117.779,-8.162],[117.85,-8.213],[117.874,-8.221],[117.929,-8.22],[117.973,-8.273],[118.028,-8.302],[118.058,-8.346],[118.102,-8.377],[118.138,-8.39],[118.145,-8.406],[118.186,-8.419],[118.205,-8.437],[118.274,-8.439],[118.296,-8.429],[118.321,-8.405],[118.317,-8.37],[118.326,-8.363],[118.333,-8.366],[118.338,-8.345],[118.356,-8.352],[118.361,-8.34],[118.389,-8.329],[118.388,-8.305],[118.439,-8.278],[118.445,-8.268],[118.452,-8.275],[118.5,-8.349],[118.527,-8.365],[118.543,-8.395],[118.525,-8.428],[118.482,-8.463],[118.488,-8.473],[118.506,-8.478],[118.514,-8.506],[118.5,-8.548],[118.507,-8.597],[118.521,-8.617],[118.519,-8.639],[118.536,-8.649],[118.536,-8.682],[118.519,-8.704],[118.51,-8.731],[118.513,-8.748],[118.495,-8.778],[118.5,-8.796],[118.484,-8.82],[118.474,-8.867],[118.48,-8.885],[118.464,-8.88],[118.451,-8.885],[118.418,-8.872],[118.38,-8.83],[118.376,-8.773],[118.408,-8.757],[118.428,-8.721],[118.418,-8.692],[118.433,-8.674],[118.419,-8.657],[118.426,-8.65],[118.42,-8.623],[118.401,-8.621],[118.395,-8.608],[118.387,-8.609],[118.381,-8.626],[118.391,-8.646],[118.385,-8.652],[118.394,-8.664],[118.405,-8.664],[118.406,-8.672],[118.377,-8.695],[118.354,-8.684],[118.333,-8.713],[118.314,-8.694],[118.188,-8.706],[118.178,-8.693],[118.176,-8.655],[118.182,-8.667],[118.204,-8.673],[118.245,-8.652],[118.25,-8.665],[118.259,-8.653],[118.269,-8.659],[118.274,-8.653],[118.267,-8.643],[118.28,-8.643],[118.288,-8.623],[118.279,-8.594],[118.273,-8.587],[118.25,-8.587],[118.249,-8.567],[118.227,-8.551],[118.211,-8.552],[118.196,-8.571],[118.18,-8.533],[118.142,-8.514],[118.126,-8.485],[118.106,-8.495],[118.082,-8.451],[117.98,-8.465],[117.968,-8.447],[117.904,-8.417],[117.846,-8.372],[117.83,-8.373],[117.829,-8.364],[117.817,-8.363],[117.817,-8.351],[117.763,-8.289],[117.743,-8.28],[117.725,-8.252],[117.692,-8.238],[117.711,-8.218],[117.707,-8.211],[117.724,-8.15],[117.731,-8.147],[117.74,-8.156],[117.766,-8.143]]]}},{"type":"Feature","properties":{"kode":"12.12","nama":"Toba","prov":"Sumatera Utara","kota":false},"geometry":{"type":"Polygon","coordinates":[[[99.042,2.634],[99.091,2.577],[99.148,2.568],[99.171,2.559],[99.181,2.538],[99.209,2.531],[99.223,2.541],[99.263,2.542],[99.305,2.574],[99.307,2.554],[99.327,2.566],[99.349,2.56],[99.368,2.568],[99.385,2.564],[99.404,2.591],[99.427,2.598],[99.413,2.562],[99.439,2.574],[99.442,2.595],[99.457,2.604],[99.461,2.586],[99.448,2.567],[99.466,2.547],[99.453,2.541],[99.451,2.502],[99.419,2.46],[99.502,2.394],[99.519,2.4],[99.511,2.416],[99.518,2.425],[99.512,2.438],[99.524,2.459],[99.522,2.349],[99.561,2.334],[99.574,2.341],[99.585,2.327],[99.583,2.31],[99.55,2.307],[99.548,2.268],[99.536,2.256],[99.538,2.25],[99.523,2.242],[99.502,2.247],[99.479,2.242],[99.462,2.228],[99.424,2.215],[99.395,2.171],[99.363,2.174],[99.358,2.16],[99.334,2.139],[99.332,2.105],[99.294,2.105],[99.252,2.121],[99.213,2.164],[99.203,2.19],[99.206,2.22],[99.193,2.237],[99.196,2.273],[99.181,2.296],[99.162,2.303],[99.138,2.278],[99.123,2.276],[99.117,2.284],[99.09,2.281],[99.069,2.292],[99.053,2.283],[99.02,2.285],[98.999,2.27],[98.987,2.325],[98.996,2.353],[98.982,2.394],[99.019,2.439],[99.019,2.484],[98.99,2.52],[98.924,2.568],[98.906,2.595],[98.895,2.663],[98.951,2.654],[98.958,2.646],[98.961,2.614],[98.975,2.602],[98.993,2.603],[99.042,2.634]]]}},{"type":"Feature","properties":{"kode":"95.07","nama":"Lanny Jaya","prov":"Papua Pegunungan","kota":false},"geometry":{"type":"Polygon","coordinates":[[[138.59,-3.809],[138.621,-3.803],[138.596,-3.782],[138.576,-3.776],[138.597,-3.779],[138.635,-3.767],[138.647,-3.804],[138.642,-3.815],[138.66,-3.843],[138.692,-3.874],[138.713,-3.872],[138.721,-3.883],[138.722,-3.92],[138.711,-3.921],[138.716,-3.937],[138.726,-3.939],[138.733,-3.952],[138.737,-3.97],[138.728,-3.981],[138.746,-3.997],[138.739,-4.019],[138.695,-4.03],[138.683,-4.057],[138.666,-4.166],[138.641,-4.224],[138.643,-4.236],[138.631,-4.22],[138.655,-4.17],[138.65,-4.153],[138.605,-4.144],[138.542,-4.109],[138.521,-4.11],[138.511,-4.098],[138.495,-4.104],[138.494,-4.097],[138.454,-4.08],[138.357,-4.065],[138.346,-4.056],[138.298,-4.097],[138.277,-4.066],[138.272,-4.04],[138.256,-4.044],[138.227,-4.022],[138.172,-4.036],[138.178,-4.062],[138.173,-4.069],[138.131,-4.08],[138.109,-4.096],[138.088,-4.099],[138.085,-4.077],[138.066,-4.106],[138.044,-4.09],[138.04,-4.098],[138.027,-4.092],[138.006,-4.12],[137.985,-4.111],[137.988,-4.09],[137.97,-4.075],[137.968,-4.064],[137.977,-4.058],[137.954,-4.027],[137.96,-4.003],[137.949,-4.0],[137.965,-3.987],[137.97,-3.964],[137.963,-3.932],[138.014,-3.89],[138.036,-3.881],[138.059,-3.886],[138.06,-3.878],[138.079,-3.873],[138.08,-3.89],[138.092,-3.904],[138.086,-3.908],[138.153,-3.911],[138.182,-3.901],[138.236,-3.869],[138.239,-3.849],[138.266,-3.827],[138.284,-3.821],[138.318,-3.838],[138.354,-3.826],[138.347,-3.758],[138.362,-3.762],[138.37,-3.773],[138.381,-3.773],[138.375,-3.761],[138.419,-3.783],[138.42,-3.768],[138.429,-3.775],[138.427,-3.786],[138.482,-3.802],[138.484,-3.791],[138.49,-3.791],[138.51,-3.814],[138.594,-3.819],[138.59,-3.809]]]}},{"type":"Feature","properties":{"kode":"82.02","nama":"Halmahera Tengah","prov":"Maluku Utara","kota":false},"geometry":{"type":"MultiPolygon","coordinates":[[[[129.603,-0.005],[129.653,-0.049],[129.651,-0.071],[129.643,-0.07],[129.649,-0.05],[129.635,-0.051],[129.626,-0.037],[129.615,-0.04],[129.63,-0.052],[129.62,-0.059],[129.624,-0.068],[129.597,-0.056],[129.588,-0.046],[129.584,-0.01],[129.603,-0.005]]],[[[129.286,0.05],[129.395,-0.01],[129.435,-0.055],[129.462,-0.069],[129.473,-0.087],[129.547,-0.13],[129.572,-0.179],[129.575,-0.192],[129.572,-0.2],[129.559,-0.201],[129.562,-0.212],[129.547,-0.2],[129.55,-0.21],[129.537,-0.213],[129.519,-0.197],[129.52,-0.187],[129.509,-0.179],[129.51,-0.161],[129.47,-0.138],[129.479,-0.123],[129.457,-0.089],[129.439,-0.088],[129.414,-0.071],[129.382,-0.072],[129.385,-0.041],[129.362,-0.003],[129.328,0.023],[129.288,0.03],[129.279,0.047],[129.286,0.05]]],[[[129.852,0.323],[129.904,0.32],[129.923,0.281],[129.897,0.273],[129.882,0.277],[129.876,0.299],[129.852,0.323]]],[[[128.817,0.563],[128.847,0.527],[128.861,0.491],[128.829,0.511],[128.814,0.535],[128.805,0.558],[128.807,0.565],[128.817,0.563]]],[[[128.669,0.496],[128.686,0.465],[128.688,0.442],[128.682,0.429],[128.687,0.405],[128.666,0.361],[128.673,0.342],[128.693,0.33],[128.716,0.332],[128.747,0.319],[128.792,0.315],[128.835,0.293],[128.865,0.266],[128.877,0.227],[128.9,0.211],[128.866,0.223],[128.845,0.261],[128.828,0.259],[128.691,0.298],[128.678,0.295],[128.619,0.316],[128.559,0.318],[128.534,0.34],[128.501,0.355],[128.484,0.391],[128.468,0.392],[128.457,0.402],[128.444,0.404],[128.422,0.393],[128.378,0.406],[128.281,0.396],[128.243,0.412],[128.242,0.422],[128.232,0.411],[128.199,0.431],[128.182,0.428],[128.183,0.44],[128.168,0.457],[128.157,0.452],[128.14,0.464],[128.111,0.455],[128.09,0.461],[128.08,0.476],[128.064,0.469],[128.042,0.478],[128.014,0.471],[127.986,0.479],[127.98,0.473],[127.968,0.481],[127.957,0.468],[127.929,0.465],[127.903,0.436],[127.911,0.404],[127.898,0.381],[127.905,0.367],[127.894,0.367],[127.879,0.352],[127.872,0.31],[127.876,0.295],[127.918,0.275],[127.913,0.247],[127.924,0.215],[127.921,0.177],[127.895,0.165],[127.895,0.149],[127.87,0.125],[127.85,0.136],[127.824,0.125],[127.808,0.15],[127.788,0.155],[127.805,0.19],[127.823,0.21],[127.797,0.25],[127.82,0.273],[127.799,0.317],[127.806,0.374],[127.775,0.413],[127.769,0.455],[127.778,0.483],[127.784,0.488],[127.796,0.482],[127.806,0.49],[127.804,0.508],[127.812,0.522],[127.807,0.526],[127.826,0.543],[127.823,0.567],[127.832,0.572],[127.81,0.599],[127.81,0.615],[127.792,0.631],[127.792,0.643],[127.817,0.644],[127.827,0.638],[127.829,0.623],[127.854,0.618],[127.863,0.631],[127.875,0.632],[127.929,0.626],[127.935,0.635],[127.952,0.63],[127.977,0.638],[127.996,0.657],[128.063,0.624],[128.082,0.622],[128.095,0.603],[128.105,0.605],[128.117,0.591],[128.178,0.59],[128.183,0.597],[128.214,0.599],[128.245,0.575],[128.26,0.576],[128.271,0.55],[128.316,0.555],[128.358,0.511],[128.438,0.505],[128.46,0.491],[128.484,0.49],[128.49,0.473],[128.505,0.476],[128.502,0.455],[128.51,0.443],[128.562,0.416],[128.579,0.424],[128.58,0.433],[128.621,0.443],[128.635,0.484],[128.669,0.496]]]]}},{"type":"Feature","properties":{"kode":"19.04","nama":"Bangka Tengah","prov":"Kepulauan Bangka Belitung","kota":false},"geometry":{"type":"Polygon","coordinates":[[[106.178,-2.148],[106.203,-2.194],[106.215,-2.243],[106.226,-2.256],[106.226,-2.3],[106.237,-2.328],[106.299,-2.421],[106.347,-2.46],[106.394,-2.478],[106.423,-2.48],[106.445,-2.472],[106.499,-2.504],[106.841,-2.572],[106.841,-2.584],[106.823,-2.588],[106.811,-2.578],[106.785,-2.588],[106.771,-2.607],[106.758,-2.6],[106.709,-2.643],[106.656,-2.721],[106.639,-2.714],[106.633,-2.695],[106.582,-2.685],[106.561,-2.663],[106.564,-2.653],[106.508,-2.651],[106.495,-2.67],[106.487,-2.667],[106.488,-2.62],[106.48,-2.615],[106.472,-2.625],[106.461,-2.624],[106.454,-2.608],[106.448,-2.584],[106.458,-2.573],[106.456,-2.564],[106.449,-2.569],[106.427,-2.562],[106.421,-2.57],[106.391,-2.567],[106.371,-2.554],[106.31,-2.548],[106.289,-2.57],[106.237,-2.583],[106.188,-2.559],[106.15,-2.521],[106.144,-2.505],[106.103,-2.489],[106.07,-2.5],[106.06,-2.492],[106.052,-2.501],[106.052,-2.515],[106.031,-2.512],[106.023,-2.47],[106.03,-2.465],[106.03,-2.441],[106.02,-2.44],[105.995,-2.461],[105.985,-2.488],[105.993,-2.513],[105.971,-2.53],[105.938,-2.53],[105.934,-2.481],[105.926,-2.46],[105.879,-2.426],[105.869,-2.429],[105.833,-2.411],[105.803,-2.367],[105.812,-2.345],[105.818,-2.34],[105.819,-2.347],[105.835,-2.349],[105.88,-2.324],[105.901,-2.278],[105.915,-2.27],[105.913,-2.247],[105.926,-2.227],[105.924,-2.212],[105.959,-2.245],[105.98,-2.228],[105.999,-2.238],[106.02,-2.236],[106.021,-2.213],[106.037,-2.194],[106.033,-2.183],[106.047,-2.161],[106.069,-2.162],[106.089,-2.144],[106.112,-2.155],[106.133,-2.146],[106.157,-2.161],[106.178,-2.148]]]}},{"type":"Feature","properties":{"kode":"13.06","nama":"Agam","prov":"Sumatera Barat","kota":false},"geometry":{"type":"Polygon","coordinates":[[[100.265,-0.032],[100.301,-0.037],[100.325,-0.054],[100.343,-0.093],[100.38,-0.113],[100.374,-0.124],[100.379,-0.148],[100.404,-0.161],[100.41,-0.177],[100.444,-0.186],[100.445,-0.204],[100.465,-0.221],[100.482,-0.224],[100.514,-0.247],[100.528,-0.245],[100.543,-0.263],[100.537,-0.279],[100.512,-0.296],[100.471,-0.391],[100.418,-0.392],[100.399,-0.384],[100.344,-0.392],[100.332,-0.399],[100.319,-0.431],[100.29,-0.455],[100.284,-0.471],[100.264,-0.479],[100.245,-0.473],[100.243,-0.458],[100.222,-0.448],[100.214,-0.415],[100.179,-0.414],[100.158,-0.394],[100.151,-0.348],[100.138,-0.348],[100.129,-0.337],[100.101,-0.335],[100.102,-0.321],[100.067,-0.325],[100.059,-0.346],[100.038,-0.353],[100.046,-0.364],[99.992,-0.361],[99.984,-0.371],[100.0,-0.397],[99.982,-0.402],[99.98,-0.415],[99.962,-0.434],[99.918,-0.404],[99.911,-0.373],[99.883,-0.344],[99.82,-0.301],[99.803,-0.259],[99.799,-0.223],[99.771,-0.176],[99.788,-0.173],[99.788,-0.182],[99.805,-0.182],[99.987,-0.159],[99.994,-0.144],[99.983,-0.146],[99.986,-0.132],[100.003,-0.109],[100.039,-0.082],[100.092,-0.081],[100.161,-0.108],[100.175,-0.092],[100.188,-0.092],[100.202,-0.107],[100.213,-0.07],[100.247,-0.073],[100.265,-0.032]]]}},{"type":"Feature","properties":{"kode":"16.11","nama":"Empat Lawang","prov":"Sumatera Selatan","kota":false},"geometry":{"type":"Polygon","coordinates":[[[103.202,-3.501],[103.168,-3.509],[103.172,-3.522],[103.181,-3.522],[103.175,-3.543],[103.163,-3.561],[103.138,-3.557],[103.139,-3.582],[103.12,-3.612],[103.124,-3.621],[103.116,-3.638],[103.102,-3.654],[103.119,-3.71],[103.114,-3.731],[103.088,-3.765],[103.11,-3.784],[103.107,-3.795],[103.132,-3.803],[103.138,-3.816],[103.119,-3.868],[103.121,-3.901],[103.109,-3.932],[103.107,-3.974],[103.124,-4.006],[103.038,-4.013],[103.036,-4.02],[103.01,-4.015],[102.961,-4.02],[102.912,-3.97],[102.895,-3.976],[102.89,-3.987],[102.864,-3.992],[102.845,-3.977],[102.816,-3.978],[102.818,-3.97],[102.793,-3.96],[102.77,-3.91],[102.753,-3.906],[102.749,-3.891],[102.733,-3.887],[102.701,-3.855],[102.683,-3.86],[102.685,-3.847],[102.67,-3.826],[102.62,-3.802],[102.641,-3.794],[102.657,-3.772],[102.694,-3.76],[102.697,-3.77],[102.701,-3.758],[102.734,-3.746],[102.734,-3.718],[102.771,-3.708],[102.778,-3.687],[102.773,-3.678],[102.79,-3.66],[102.808,-3.613],[102.795,-3.586],[102.812,-3.549],[102.81,-3.53],[102.848,-3.537],[102.86,-3.548],[102.886,-3.579],[102.891,-3.609],[102.9,-3.615],[102.935,-3.591],[102.962,-3.562],[102.973,-3.532],[102.995,-3.525],[102.994,-3.489],[103.005,-3.467],[102.999,-3.462],[102.997,-3.445],[103.004,-3.435],[102.999,-3.413],[103.042,-3.421],[103.044,-3.433],[103.102,-3.475],[103.176,-3.452],[103.202,-3.501]]]}},{"type":"Feature","properties":{"kode":"19.02","nama":"Belitung","prov":"Kepulauan Bangka Belitung","kota":false},"geometry":{"type":"MultiPolygon","coordinates":[[[[107.524,-3.191],[107.552,-3.202],[107.544,-3.23],[107.523,-3.254],[107.516,-3.25],[107.517,-3.196],[107.524,-3.191]]],[[[107.469,-2.925],[107.465,-2.968],[107.456,-2.98],[107.437,-2.985],[107.425,-2.956],[107.432,-2.939],[107.469,-2.925]]],[[[107.447,-2.829],[107.468,-2.823],[107.478,-2.842],[107.467,-2.849],[107.486,-2.852],[107.477,-2.86],[107.476,-2.891],[107.47,-2.907],[107.433,-2.922],[107.429,-2.93],[107.41,-2.92],[107.422,-2.933],[107.412,-2.946],[107.366,-2.909],[107.354,-2.889],[107.339,-2.882],[107.377,-2.883],[107.368,-2.87],[107.38,-2.849],[107.422,-2.827],[107.447,-2.829]]],[[[107.417,-2.792],[107.433,-2.82],[107.404,-2.833],[107.373,-2.82],[107.398,-2.818],[107.402,-2.811],[107.385,-2.8],[107.417,-2.792]]],[[[107.93,-2.562],[107.946,-2.599],[107.927,-2.621],[107.895,-2.633],[107.879,-2.692],[107.906,-2.711],[107.945,-2.709],[107.951,-2.72],[107.945,-2.733],[107.953,-2.739],[107.965,-2.736],[107.969,-2.762],[107.984,-2.777],[107.934,-2.8],[107.892,-2.797],[107.863,-2.807],[107.849,-2.821],[107.872,-2.878],[107.816,-2.878],[107.784,-2.862],[107.747,-2.888],[107.757,-2.897],[107.752,-2.906],[107.764,-2.944],[107.787,-2.958],[107.79,-2.974],[107.822,-2.992],[107.834,-3.009],[107.844,-3.003],[107.864,-3.018],[107.864,-3.036],[107.848,-3.059],[107.815,-3.088],[107.849,-3.122],[107.833,-3.138],[107.837,-3.157],[107.829,-3.167],[107.79,-3.174],[107.766,-3.192],[107.72,-3.19],[107.698,-3.197],[107.672,-3.209],[107.636,-3.24],[107.622,-3.235],[107.607,-3.239],[107.587,-3.199],[107.629,-3.143],[107.609,-3.109],[107.595,-3.107],[107.583,-3.087],[107.585,-3.072],[107.561,-2.998],[107.57,-2.983],[107.584,-2.983],[107.598,-2.956],[107.6,-2.933],[107.611,-2.927],[107.615,-2.913],[107.586,-2.912],[107.545,-2.935],[107.531,-2.932],[107.529,-2.921],[107.598,-2.858],[107.598,-2.811],[107.581,-2.796],[107.597,-2.792],[107.594,-2.786],[107.601,-2.785],[107.611,-2.764],[107.636,-2.749],[107.625,-2.744],[107.628,-2.714],[107.612,-2.703],[107.63,-2.679],[107.631,-2.65],[107.646,-2.629],[107.629,-2.595],[107.645,-2.587],[107.658,-2.56],[107.686,-2.565],[107.723,-2.549],[107.734,-2.557],[107.762,-2.558],[107.797,-2.546],[107.817,-2.526],[107.834,-2.535],[107.827,-2.545],[107.839,-2.556],[107.91,-2.575],[107.93,-2.562]]]]}},{"type":"Feature","properties":{"kode":"82.01","nama":"Halmahera Barat","prov":"Maluku Utara","kota":false},"geometry":{"type":"Polygon","coordinates":[[[127.745,1.968],[127.749,1.946],[127.76,1.961],[127.768,1.959],[127.791,1.911],[127.774,1.903],[127.761,1.889],[127.761,1.876],[127.748,1.868],[127.749,1.846],[127.734,1.797],[127.717,1.79],[127.722,1.778],[127.703,1.706],[127.718,1.642],[127.732,1.624],[127.73,1.539],[127.712,1.51],[127.711,1.489],[127.7,1.479],[127.686,1.48],[127.671,1.462],[127.683,1.443],[127.66,1.423],[127.661,1.397],[127.675,1.375],[127.662,1.365],[127.657,1.332],[127.641,1.328],[127.644,1.316],[127.637,1.305],[127.644,1.299],[127.636,1.273],[127.649,1.271],[127.647,1.252],[127.642,1.246],[127.632,1.25],[127.624,1.239],[127.636,1.22],[127.644,1.171],[127.628,1.16],[127.62,1.14],[127.626,1.117],[127.604,1.108],[127.615,1.082],[127.602,1.07],[127.606,1.044],[127.648,1.034],[127.639,0.992],[127.612,0.978],[127.602,0.965],[127.604,0.951],[127.617,0.949],[127.634,0.914],[127.65,0.9],[127.638,0.88],[127.647,0.868],[127.682,0.854],[127.688,0.878],[127.694,0.879],[127.694,0.841],[127.707,0.829],[127.716,0.779],[127.731,0.76],[127.702,0.762],[127.698,0.756],[127.682,0.758],[127.663,0.775],[127.636,0.77],[127.624,0.778],[127.618,0.789],[127.638,0.815],[127.639,0.852],[127.627,0.849],[127.62,0.863],[127.618,0.854],[127.603,0.866],[127.585,0.862],[127.567,0.874],[127.546,0.876],[127.543,0.861],[127.527,0.858],[127.539,0.868],[127.541,0.88],[127.526,0.877],[127.519,0.889],[127.505,0.885],[127.493,0.891],[127.491,0.927],[127.512,0.953],[127.512,0.973],[127.496,0.995],[127.48,0.994],[127.474,1.004],[127.479,1.016],[127.495,1.015],[127.501,1.041],[127.495,1.055],[127.479,1.064],[127.439,1.047],[127.427,1.051],[127.425,1.033],[127.417,1.033],[127.401,1.041],[127.412,1.048],[127.397,1.06],[127.397,1.071],[127.425,1.115],[127.432,1.143],[127.403,1.198],[127.409,1.234],[127.483,1.35],[127.486,1.393],[127.521,1.434],[127.536,1.504],[127.525,1.535],[127.528,1.553],[127.511,1.556],[127.532,1.584],[127.544,1.58],[127.552,1.592],[127.55,1.629],[127.541,1.644],[127.549,1.665],[127.559,1.665],[127.554,1.64],[127.562,1.656],[127.579,1.658],[127.583,1.669],[127.579,1.695],[127.552,1.713],[127.576,1.725],[127.57,1.744],[127.573,1.756],[127.614,1.783],[127.613,1.795],[127.646,1.824],[127.647,1.846],[127.664,1.869],[127.668,1.886],[127.679,1.893],[127.674,1.902],[127.707,1.945],[127.745,1.968]]]}},{"type":"Feature","properties":{"kode":"12.06","nama":"Karo","prov":"Sumatera Utara","kota":false},"geometry":{"type":"Polygon","coordinates":[[[98.471,3.242],[98.491,3.237],[98.539,3.247],[98.56,3.2],[98.623,3.233],[98.627,3.224],[98.612,3.195],[98.615,3.181],[98.602,3.179],[98.602,3.164],[98.629,3.115],[98.623,3.105],[98.605,3.108],[98.582,3.071],[98.585,3.05],[98.56,3.025],[98.534,2.913],[98.563,2.885],[98.578,2.852],[98.578,2.83],[98.541,2.858],[98.527,2.879],[98.483,2.861],[98.481,2.871],[98.438,2.892],[98.43,2.918],[98.373,2.931],[98.346,2.966],[98.296,2.968],[98.249,2.931],[98.225,2.95],[98.201,2.986],[98.193,3.023],[98.198,3.046],[98.185,3.066],[98.16,3.07],[98.135,3.048],[98.114,3.054],[98.097,3.072],[98.078,3.075],[98.061,3.11],[98.037,3.109],[98.032,3.098],[98.039,3.079],[98.033,3.078],[97.988,3.092],[97.984,3.086],[97.976,3.131],[97.942,3.165],[97.941,3.178],[97.948,3.183],[97.945,3.208],[97.932,3.21],[97.919,3.244],[97.905,3.256],[97.969,3.274],[98.029,3.331],[98.055,3.319],[98.084,3.322],[98.096,3.316],[98.123,3.267],[98.161,3.269],[98.181,3.285],[98.198,3.277],[98.218,3.283],[98.233,3.261],[98.25,3.253],[98.293,3.256],[98.3,3.226],[98.335,3.219],[98.36,3.229],[98.368,3.246],[98.348,3.259],[98.352,3.289],[98.403,3.263],[98.409,3.251],[98.422,3.25],[98.433,3.237],[98.453,3.249],[98.466,3.23],[98.471,3.242]]]}},{"type":"Feature","properties":{"kode":"18.01","nama":"Lampung Selatan","prov":"Lampung","kota":false},"geometry":{"type":"MultiPolygon","coordinates":[[[[105.478,-5.926],[105.508,-5.924],[105.517,-5.946],[105.503,-5.967],[105.486,-5.972],[105.469,-5.964],[105.464,-5.946],[105.478,-5.926]]],[[[105.514,-5.86],[105.534,-5.846],[105.535,-5.853],[105.529,-5.861],[105.542,-5.868],[105.535,-5.87],[105.53,-5.892],[105.506,-5.9],[105.492,-5.883],[105.505,-5.874],[105.506,-5.858],[105.514,-5.86]]],[[[105.283,-5.18],[105.278,-5.197],[105.286,-5.202],[105.286,-5.214],[105.304,-5.221],[105.32,-5.21],[105.331,-5.231],[105.343,-5.234],[105.375,-5.218],[105.377,-5.209],[105.418,-5.217],[105.42,-5.228],[105.437,-5.237],[105.437,-5.248],[105.454,-5.247],[105.456,-5.276],[105.416,-5.304],[105.471,-5.304],[105.477,-5.286],[105.484,-5.288],[105.49,-5.309],[105.542,-5.34],[105.523,-5.373],[105.533,-5.425],[105.517,-5.461],[105.528,-5.468],[105.537,-5.453],[105.586,-5.455],[105.588,-5.476],[105.602,-5.487],[105.658,-5.495],[105.661,-5.556],[105.677,-5.574],[105.727,-5.595],[105.735,-5.592],[105.742,-5.6],[105.75,-5.589],[105.757,-5.594],[105.754,-5.605],[105.765,-5.606],[105.765,-5.619],[105.791,-5.614],[105.791,-5.599],[105.805,-5.583],[105.826,-5.579],[105.809,-5.689],[105.793,-5.721],[105.799,-5.752],[105.795,-5.792],[105.79,-5.807],[105.783,-5.807],[105.778,-5.837],[105.725,-5.904],[105.716,-5.904],[105.715,-5.86],[105.705,-5.848],[105.684,-5.848],[105.674,-5.838],[105.616,-5.835],[105.585,-5.807],[105.58,-5.766],[105.59,-5.735],[105.555,-5.694],[105.562,-5.671],[105.535,-5.67],[105.524,-5.695],[105.501,-5.668],[105.47,-5.656],[105.471,-5.648],[105.458,-5.649],[105.444,-5.635],[105.409,-5.622],[105.38,-5.584],[105.364,-5.54],[105.345,-5.518],[105.351,-5.515],[105.34,-5.488],[105.327,-5.477],[105.327,-5.451],[105.343,-5.432],[105.337,-5.423],[105.342,-5.42],[105.325,-5.406],[105.308,-5.361],[105.291,-5.369],[105.294,-5.356],[105.28,-5.342],[105.269,-5.353],[105.261,-5.351],[105.262,-5.33],[105.254,-5.327],[105.235,-5.356],[105.211,-5.37],[105.202,-5.347],[105.168,-5.348],[105.165,-5.327],[105.152,-5.327],[105.141,-5.313],[105.115,-5.313],[105.117,-5.298],[105.145,-5.253],[105.172,-5.271],[105.166,-5.237],[105.153,-5.227],[105.156,-5.211],[105.169,-5.196],[105.195,-5.2],[105.218,-5.179],[105.283,-5.18]]]]}},{"type":"Feature","properties":{"kode":"18.11","nama":"Mesuji","prov":"Lampung","kota":false},"geometry":{"type":"Polygon","coordinates":[[[105.76,-4.137],[105.755,-4.195],[105.722,-4.198],[105.72,-4.186],[105.683,-4.189],[105.652,-4.196],[105.653,-4.218],[105.617,-4.223],[105.606,-4.219],[105.605,-4.196],[105.53,-4.166],[105.507,-4.166],[105.5,-4.135],[105.467,-4.135],[105.467,-4.162],[105.434,-4.166],[105.422,-4.162],[105.425,-4.122],[105.4,-4.12],[105.401,-4.138],[105.39,-4.141],[105.388,-4.131],[105.366,-4.13],[105.363,-4.159],[105.312,-4.157],[105.276,-4.184],[105.232,-4.191],[105.213,-4.176],[105.196,-4.179],[105.101,-4.227],[105.098,-4.218],[105.067,-4.214],[105.05,-4.141],[105.066,-4.12],[105.061,-4.097],[105.08,-4.082],[105.095,-4.046],[105.119,-4.048],[105.121,-4.034],[105.105,-4.025],[105.108,-4.009],[105.135,-3.988],[105.143,-3.965],[105.139,-3.936],[105.165,-3.938],[105.18,-3.905],[105.206,-3.891],[105.228,-3.889],[105.245,-3.906],[105.274,-3.88],[105.292,-3.849],[105.282,-3.823],[105.284,-3.801],[105.305,-3.791],[105.319,-3.733],[105.332,-3.724],[105.343,-3.731],[105.352,-3.788],[105.362,-3.799],[105.386,-3.78],[105.416,-3.777],[105.437,-3.788],[105.433,-3.826],[105.482,-3.823],[105.495,-3.842],[105.524,-3.841],[105.526,-3.849],[105.513,-3.871],[105.524,-3.893],[105.532,-3.896],[105.549,-3.882],[105.573,-3.899],[105.562,-3.928],[105.582,-3.937],[105.599,-3.924],[105.609,-3.936],[105.59,-3.954],[105.611,-3.965],[105.63,-4.006],[105.604,-4.053],[105.62,-4.056],[105.625,-4.039],[105.642,-4.049],[105.662,-4.047],[105.66,-4.057],[105.646,-4.063],[105.649,-4.081],[105.657,-4.091],[105.667,-4.089],[105.673,-4.076],[105.682,-4.075],[105.684,-4.096],[105.709,-4.102],[105.699,-4.133],[105.706,-4.138],[105.73,-4.132],[105.743,-4.144],[105.76,-4.137]]]}},{"type":"Feature","properties":{"kode":"11.16","nama":"Aceh Tamiang","prov":"Aceh","kota":false},"geometry":{"type":"Polygon","coordinates":[[[98.253,4.29],[98.214,4.288],[98.21,4.299],[98.201,4.299],[98.155,4.289],[98.144,4.26],[98.072,4.25],[98.077,4.234],[98.092,4.229],[98.095,4.209],[98.085,4.188],[98.062,4.186],[98.075,4.145],[98.057,4.135],[98.04,4.041],[98.046,4.023],[98.083,4.004],[98.096,3.984],[98.079,3.96],[98.083,3.954],[98.07,3.956],[98.053,3.944],[98.046,3.952],[98.02,3.956],[98.01,3.95],[98.007,3.902],[97.962,3.898],[97.949,3.89],[97.913,3.914],[97.9,3.911],[97.891,3.928],[97.876,3.929],[97.841,4.001],[97.814,4.005],[97.813,4.04],[97.8,4.093],[97.752,4.121],[97.739,4.146],[97.728,4.201],[97.741,4.22],[97.733,4.249],[97.75,4.295],[97.772,4.321],[97.762,4.336],[97.787,4.357],[97.838,4.37],[97.856,4.387],[97.907,4.39],[97.931,4.36],[97.96,4.371],[98.005,4.41],[98.039,4.42],[98.047,4.465],[98.067,4.493],[98.062,4.511],[98.085,4.507],[98.087,4.522],[98.123,4.522],[98.169,4.503],[98.186,4.479],[98.202,4.48],[98.234,4.464],[98.236,4.447],[98.262,4.422],[98.26,4.411],[98.287,4.418],[98.274,4.395],[98.279,4.328],[98.253,4.29]]]}},{"type":"Feature","properties":{"kode":"91.06","nama":"Biak Numfor","prov":"Papua","kota":false},"geometry":{"type":"MultiPolygon","coordinates":[[[[134.856,-0.931],[134.91,-0.946],[134.944,-0.972],[134.947,-0.999],[134.931,-1.024],[134.935,-1.041],[134.919,-1.065],[134.927,-1.075],[134.939,-1.072],[134.945,-1.057],[134.962,-1.047],[134.952,-1.034],[134.958,-1.02],[134.973,-1.011],[134.981,-1.015],[134.982,-1.07],[134.951,-1.128],[134.886,-1.141],[134.853,-1.132],[134.855,-1.119],[134.835,-1.103],[134.843,-1.089],[134.826,-1.085],[134.794,-1.032],[134.797,-0.991],[134.807,-0.982],[134.792,-0.982],[134.81,-0.954],[134.856,-0.931]]],[[[135.74,-0.803],[135.761,-0.773],[135.782,-0.768],[135.78,-0.75],[135.771,-0.743],[135.787,-0.73],[135.781,-0.719],[135.804,-0.686],[135.855,-0.701],[135.909,-0.757],[135.924,-0.79],[135.943,-0.788],[135.971,-0.811],[136.029,-0.837],[136.039,-0.848],[136.035,-0.859],[136.051,-0.859],[136.04,-0.896],[136.046,-0.899],[136.06,-0.887],[136.077,-0.913],[136.091,-0.917],[136.099,-0.959],[136.152,-0.997],[136.161,-1.034],[136.173,-1.044],[136.19,-1.045],[136.208,-1.031],[136.237,-1.03],[136.254,-1.018],[136.276,-1.022],[136.292,-1.032],[136.295,-1.053],[136.323,-1.074],[136.359,-1.064],[136.383,-1.071],[136.385,-1.083],[136.362,-1.094],[136.355,-1.11],[136.315,-1.14],[136.241,-1.171],[136.172,-1.182],[136.146,-1.199],[136.065,-1.181],[136.035,-1.147],[136.0,-1.142],[135.944,-1.146],[135.913,-1.16],[135.906,-1.178],[135.858,-1.167],[135.802,-1.098],[135.819,-1.088],[135.826,-1.034],[135.795,-0.985],[135.789,-0.94],[135.767,-0.894],[135.767,-0.864],[135.74,-0.803]]]]}},{"type":"Feature","properties":{"kode":"32.13","nama":"Subang","prov":"Jawa Barat","kota":false},"geometry":{"type":"Polygon","coordinates":[[[107.92,-6.25],[107.916,-6.271],[107.924,-6.294],[107.917,-6.348],[107.923,-6.36],[107.895,-6.396],[107.9,-6.405],[107.893,-6.404],[107.886,-6.456],[107.894,-6.46],[107.899,-6.476],[107.913,-6.482],[107.906,-6.505],[107.916,-6.5],[107.921,-6.512],[107.909,-6.538],[107.894,-6.545],[107.893,-6.557],[107.887,-6.555],[107.877,-6.569],[107.851,-6.572],[107.851,-6.651],[107.828,-6.688],[107.839,-6.698],[107.833,-6.714],[107.837,-6.777],[107.8,-6.811],[107.773,-6.803],[107.734,-6.814],[107.708,-6.793],[107.688,-6.798],[107.662,-6.774],[107.629,-6.774],[107.618,-6.76],[107.601,-6.761],[107.604,-6.748],[107.585,-6.69],[107.599,-6.653],[107.58,-6.636],[107.589,-6.605],[107.558,-6.562],[107.564,-6.49],[107.557,-6.474],[107.545,-6.47],[107.542,-6.446],[107.526,-6.433],[107.539,-6.404],[107.537,-6.389],[107.579,-6.322],[107.586,-6.295],[107.579,-6.28],[107.582,-6.256],[107.599,-6.253],[107.602,-6.239],[107.643,-6.215],[107.67,-6.238],[107.7,-6.225],[107.721,-6.237],[107.761,-6.215],[107.78,-6.221],[107.785,-6.21],[107.805,-6.221],[107.805,-6.198],[107.819,-6.187],[107.849,-6.19],[107.857,-6.213],[107.884,-6.194],[107.886,-6.182],[107.898,-6.188],[107.889,-6.224],[107.901,-6.242],[107.92,-6.25]]]}},{"type":"Feature","properties":{"kode":"75.01","nama":"Gorontalo","prov":"Gorontalo","kota":false},"geometry":{"type":"Polygon","coordinates":[[[123.07,0.803],[123.081,0.696],[123.056,0.638],[123.061,0.614],[123.07,0.608],[123.062,0.59],[123.025,0.559],[123.031,0.547],[123.007,0.555],[122.996,0.551],[123.005,0.53],[123.04,0.506],[123.041,0.496],[123.019,0.497],[123.01,0.489],[122.999,0.495],[122.989,0.485],[122.961,0.493],[122.929,0.486],[122.9,0.492],[122.889,0.486],[122.785,0.494],[122.77,0.483],[122.743,0.481],[122.737,0.486],[122.701,0.481],[122.693,0.473],[122.685,0.504],[122.65,0.515],[122.636,0.535],[122.63,0.533],[122.638,0.563],[122.631,0.589],[122.612,0.606],[122.598,0.652],[122.571,0.659],[122.544,0.7],[122.507,0.709],[122.493,0.727],[122.5,0.733],[122.494,0.74],[122.481,0.739],[122.467,0.756],[122.45,0.754],[122.442,0.763],[122.431,0.755],[122.409,0.764],[122.409,0.758],[122.341,0.795],[122.319,0.796],[122.283,0.78],[122.252,0.795],[122.245,0.812],[122.261,0.843],[122.248,0.855],[122.255,0.863],[122.248,0.914],[122.262,0.928],[122.279,0.91],[122.325,0.926],[122.333,0.918],[122.352,0.921],[122.359,0.909],[122.416,0.885],[122.457,0.889],[122.497,0.872],[122.507,0.887],[122.535,0.87],[122.579,0.875],[122.596,0.861],[122.6,0.846],[122.607,0.852],[122.643,0.848],[122.678,0.824],[122.687,0.806],[122.75,0.775],[122.756,0.765],[122.782,0.77],[122.785,0.76],[122.81,0.761],[122.825,0.746],[122.849,0.762],[122.882,0.759],[122.88,0.751],[122.891,0.751],[122.907,0.731],[122.906,0.703],[122.921,0.692],[122.93,0.712],[122.949,0.712],[122.976,0.726],[122.975,0.747],[123.006,0.783],[123.038,0.782],[123.07,0.803]]]}},{"type":"Feature","properties":{"kode":"63.05","nama":"Tapin","prov":"Kalimantan Selatan","kota":false},"geometry":{"type":"Polygon","coordinates":[[[115.506,-2.887],[115.478,-2.94],[115.465,-2.941],[115.447,-2.957],[115.435,-2.977],[115.412,-2.982],[115.399,-2.996],[115.388,-2.979],[115.358,-2.984],[115.35,-2.982],[115.345,-2.965],[115.323,-2.969],[115.313,-2.982],[115.278,-2.998],[115.26,-3.029],[115.239,-3.048],[115.216,-3.047],[115.197,-3.086],[115.168,-3.115],[115.184,-3.131],[115.211,-3.125],[115.242,-3.136],[115.244,-3.156],[115.238,-3.167],[115.2,-3.175],[115.19,-3.163],[115.175,-3.163],[115.166,-3.188],[115.149,-3.185],[115.123,-3.196],[115.065,-3.168],[115.055,-3.172],[115.025,-3.163],[115.031,-3.145],[115.026,-3.134],[114.828,-3.015],[114.827,-2.993],[114.815,-2.992],[114.799,-2.957],[114.839,-2.87],[114.811,-2.807],[114.804,-2.742],[114.861,-2.526],[114.997,-2.756],[115.025,-2.78],[115.074,-2.786],[115.063,-2.834],[115.069,-2.845],[115.095,-2.829],[115.176,-2.856],[115.188,-2.87],[115.218,-2.875],[115.232,-2.868],[115.266,-2.93],[115.296,-2.933],[115.302,-2.922],[115.338,-2.937],[115.355,-2.934],[115.381,-2.916],[115.385,-2.904],[115.375,-2.894],[115.382,-2.882],[115.414,-2.893],[115.437,-2.884],[115.445,-2.889],[115.462,-2.872],[115.506,-2.887]]]}},{"type":"Feature","properties":{"kode":"18.04","nama":"Lampung Barat","prov":"Lampung","kota":false},"geometry":{"type":"Polygon","coordinates":[[[104.309,-4.867],[104.353,-4.874],[104.412,-4.864],[104.422,-4.903],[104.442,-4.921],[104.437,-4.934],[104.445,-4.944],[104.481,-4.933],[104.51,-4.943],[104.494,-4.976],[104.502,-5.018],[104.517,-5.026],[104.537,-5.014],[104.568,-5.022],[104.591,-5.069],[104.574,-5.074],[104.566,-5.092],[104.534,-5.096],[104.514,-5.136],[104.501,-5.125],[104.374,-5.199],[104.38,-5.238],[104.364,-5.281],[104.389,-5.283],[104.4,-5.302],[104.36,-5.303],[104.374,-5.329],[104.348,-5.341],[104.333,-5.326],[104.315,-5.354],[104.291,-5.332],[104.223,-5.218],[104.117,-5.172],[104.085,-5.143],[104.081,-5.119],[104.063,-5.099],[104.024,-5.092],[104.003,-5.098],[104.019,-5.066],[104.018,-5.039],[104.005,-5.006],[103.972,-4.982],[103.973,-4.969],[103.915,-4.975],[103.876,-4.965],[103.858,-4.945],[103.832,-4.943],[103.812,-4.892],[103.856,-4.892],[103.844,-4.913],[103.846,-4.919],[103.857,-4.92],[103.936,-4.885],[103.962,-4.91],[103.975,-4.913],[103.989,-4.906],[103.997,-4.911],[104.006,-4.902],[104.014,-4.908],[104.049,-4.902],[104.062,-4.886],[104.071,-4.908],[104.093,-4.918],[104.144,-4.923],[104.174,-4.906],[104.191,-4.879],[104.191,-4.863],[104.22,-4.86],[104.234,-4.881],[104.254,-4.883],[104.287,-4.856],[104.309,-4.867]]]}},{"type":"Feature","properties":{"kode":"53.08","nama":"Ende","prov":"Nusa Tenggara Timur","kota":false},"geometry":{"type":"Polygon","coordinates":[[[122.007,-8.514],[121.986,-8.544],[122.005,-8.555],[121.991,-8.604],[121.988,-8.611],[121.966,-8.613],[121.976,-8.625],[121.968,-8.64],[121.974,-8.655],[121.958,-8.662],[121.958,-8.686],[121.945,-8.688],[121.927,-8.711],[121.952,-8.753],[121.963,-8.758],[121.993,-8.754],[121.995,-8.806],[121.924,-8.831],[121.871,-8.832],[121.81,-8.873],[121.774,-8.883],[121.733,-8.877],[121.7,-8.851],[121.67,-8.848],[121.662,-8.854],[121.663,-8.887],[121.639,-8.905],[121.625,-8.893],[121.643,-8.844],[121.603,-8.82],[121.592,-8.805],[121.568,-8.797],[121.541,-8.808],[121.414,-8.792],[121.417,-8.744],[121.395,-8.719],[121.413,-8.688],[121.432,-8.671],[121.454,-8.666],[121.46,-8.655],[121.521,-8.635],[121.526,-8.596],[121.541,-8.6],[121.542,-8.584],[121.581,-8.57],[121.566,-8.552],[121.571,-8.53],[121.606,-8.56],[121.612,-8.556],[121.602,-8.541],[121.603,-8.507],[121.608,-8.482],[121.618,-8.473],[121.64,-8.474],[121.639,-8.495],[121.648,-8.501],[121.665,-8.493],[121.677,-8.512],[121.733,-8.495],[121.781,-8.5],[121.8,-8.511],[121.827,-8.5],[121.844,-8.482],[121.855,-8.494],[121.874,-8.499],[121.913,-8.496],[121.956,-8.448],[121.955,-8.473],[121.969,-8.457],[122.015,-8.441],[122.026,-8.445],[122.023,-8.457],[122.014,-8.459],[122.018,-8.474],[122.007,-8.514]]]}},{"type":"Feature","properties":{"kode":"32.12","nama":"Indramayu","prov":"Jawa Barat","kota":false},"geometry":{"type":"Polygon","coordinates":[[[108.539,-6.516],[108.525,-6.518],[108.491,-6.545],[108.487,-6.559],[108.475,-6.558],[108.458,-6.572],[108.443,-6.565],[108.447,-6.532],[108.439,-6.523],[108.394,-6.534],[108.386,-6.546],[108.361,-6.555],[108.331,-6.594],[108.324,-6.621],[108.315,-6.608],[108.305,-6.624],[108.295,-6.609],[108.286,-6.61],[108.294,-6.615],[108.291,-6.622],[108.281,-6.621],[108.273,-6.611],[108.276,-6.592],[108.224,-6.573],[108.207,-6.573],[108.188,-6.61],[108.171,-6.604],[108.162,-6.614],[108.148,-6.606],[108.148,-6.578],[108.142,-6.565],[108.128,-6.566],[108.132,-6.555],[108.12,-6.541],[108.106,-6.561],[108.075,-6.575],[108.072,-6.611],[108.034,-6.643],[108.028,-6.664],[107.988,-6.652],[107.939,-6.625],[107.906,-6.594],[107.855,-6.579],[107.851,-6.572],[107.877,-6.569],[107.887,-6.555],[107.893,-6.557],[107.894,-6.545],[107.909,-6.538],[107.921,-6.512],[107.916,-6.5],[107.906,-6.505],[107.913,-6.482],[107.899,-6.476],[107.894,-6.46],[107.886,-6.456],[107.893,-6.404],[107.9,-6.405],[107.895,-6.396],[107.923,-6.36],[107.917,-6.348],[107.924,-6.294],[107.916,-6.271],[107.92,-6.25],[107.949,-6.257],[108.026,-6.304],[108.131,-6.334],[108.134,-6.326],[108.191,-6.294],[108.209,-6.271],[108.202,-6.242],[108.174,-6.23],[108.199,-6.221],[108.211,-6.236],[108.245,-6.25],[108.32,-6.255],[108.332,-6.271],[108.349,-6.247],[108.352,-6.258],[108.362,-6.261],[108.369,-6.316],[108.385,-6.358],[108.448,-6.431],[108.492,-6.465],[108.535,-6.481],[108.539,-6.516]]]}},{"type":"Feature","properties":{"kode":"12.11","nama":"Dairi","prov":"Sumatera Utara","kota":false},"geometry":{"type":"Polygon","coordinates":[[[98.373,2.931],[98.431,2.916],[98.438,2.892],[98.481,2.871],[98.483,2.861],[98.533,2.877],[98.541,2.858],[98.629,2.795],[98.59,2.755],[98.573,2.725],[98.56,2.58],[98.526,2.559],[98.49,2.549],[98.468,2.549],[98.465,2.562],[98.443,2.582],[98.42,2.638],[98.372,2.653],[98.347,2.67],[98.338,2.703],[98.307,2.696],[98.277,2.717],[98.261,2.72],[98.247,2.709],[98.24,2.719],[98.205,2.729],[98.178,2.76],[98.17,2.754],[98.158,2.769],[98.14,2.77],[98.106,2.79],[98.098,2.823],[98.05,2.822],[98.04,2.847],[97.993,2.882],[97.944,2.899],[97.955,2.983],[97.936,2.99],[97.947,3.008],[97.938,3.029],[97.943,3.047],[97.93,3.055],[97.939,3.076],[97.95,3.074],[97.948,3.066],[97.961,3.065],[97.988,3.092],[98.039,3.079],[98.032,3.098],[98.037,3.109],[98.061,3.11],[98.078,3.075],[98.097,3.072],[98.114,3.054],[98.135,3.048],[98.16,3.07],[98.185,3.066],[98.198,3.046],[98.193,3.023],[98.201,2.986],[98.225,2.95],[98.249,2.931],[98.272,2.954],[98.315,2.971],[98.346,2.966],[98.373,2.931]]]}},{"type":"Feature","properties":{"kode":"76.04","nama":"Polewali Mandar","prov":"Sulawesi Barat","kota":false},"geometry":{"type":"Polygon","coordinates":[[[119.337,-3.289],[119.369,-3.307],[119.396,-3.31],[119.401,-3.322],[119.412,-3.322],[119.412,-3.329],[119.451,-3.355],[119.464,-3.373],[119.46,-3.384],[119.474,-3.413],[119.469,-3.434],[119.477,-3.459],[119.493,-3.475],[119.485,-3.495],[119.474,-3.502],[119.453,-3.478],[119.428,-3.471],[119.427,-3.459],[119.411,-3.467],[119.387,-3.45],[119.371,-3.462],[119.342,-3.433],[119.31,-3.426],[119.285,-3.43],[119.278,-3.449],[119.289,-3.447],[119.238,-3.471],[119.236,-3.485],[119.135,-3.494],[119.107,-3.516],[119.065,-3.503],[119.04,-3.516],[119.02,-3.515],[119.005,-3.533],[118.982,-3.498],[118.968,-3.498],[118.964,-3.472],[118.949,-3.458],[118.951,-3.445],[118.915,-3.409],[118.914,-3.386],[118.923,-3.385],[118.929,-3.364],[118.939,-3.359],[118.925,-3.328],[118.925,-3.293],[118.91,-3.238],[118.917,-3.224],[118.902,-3.198],[118.904,-3.179],[118.914,-3.162],[118.955,-3.159],[118.947,-3.107],[118.962,-3.089],[118.985,-3.099],[119.003,-3.085],[119.025,-3.091],[119.037,-3.084],[119.066,-3.115],[119.098,-3.105],[119.112,-3.092],[119.131,-3.097],[119.149,-3.117],[119.18,-3.102],[119.207,-3.102],[119.222,-3.084],[119.262,-3.073],[119.272,-3.078],[119.274,-3.093],[119.262,-3.12],[119.269,-3.137],[119.257,-3.158],[119.261,-3.173],[119.279,-3.183],[119.293,-3.205],[119.287,-3.213],[119.311,-3.239],[119.302,-3.265],[119.335,-3.271],[119.337,-3.289]]]}},{"type":"Feature","properties":{"kode":"14.72","nama":"Kota Dumai","prov":"Riau","kota":true},"geometry":{"type":"Polygon","coordinates":[[[101.066,2.232],[101.076,2.215],[101.177,2.128],[101.267,2.08],[101.281,2.058],[101.303,2.042],[101.322,1.996],[101.336,1.891],[101.364,1.831],[101.356,1.796],[101.36,1.771],[101.409,1.698],[101.482,1.683],[101.528,1.647],[101.562,1.637],[101.602,1.638],[101.665,1.665],[101.725,1.671],[101.719,1.623],[101.642,1.61],[101.624,1.589],[101.642,1.562],[101.641,1.548],[101.618,1.546],[101.598,1.6],[101.528,1.596],[101.507,1.493],[101.449,1.494],[101.436,1.447],[101.317,1.474],[101.335,1.496],[101.304,1.549],[101.29,1.599],[101.239,1.695],[101.131,1.836],[101.067,1.935],[101.016,2.08],[101.011,2.134],[101.026,2.184],[101.039,2.22],[101.052,2.233],[101.066,2.232]]]}},{"type":"Feature","properties":{"kode":"73.18","nama":"Tana Toraja","prov":"Sulawesi Selatan","kota":false},"geometry":{"type":"Polygon","coordinates":[[[119.682,-2.756],[119.685,-2.777],[119.674,-2.805],[119.692,-2.823],[119.697,-2.845],[119.687,-2.853],[119.69,-2.869],[119.676,-2.919],[119.683,-2.926],[119.7,-2.924],[119.719,-2.954],[119.75,-2.954],[119.774,-2.939],[119.797,-2.945],[119.808,-2.959],[119.812,-2.985],[119.812,-3.007],[119.804,-3.024],[119.818,-3.028],[119.833,-3.012],[119.853,-3.052],[119.878,-3.021],[119.894,-3.026],[119.895,-3.045],[119.927,-3.05],[119.936,-3.067],[119.969,-3.07],[119.96,-3.103],[119.978,-3.106],[119.968,-3.126],[119.978,-3.155],[119.973,-3.174],[119.985,-3.179],[119.992,-3.206],[119.98,-3.224],[119.98,-3.241],[120.001,-3.268],[120.025,-3.283],[120.029,-3.322],[120.044,-3.35],[120.041,-3.368],[120.005,-3.334],[119.996,-3.302],[119.988,-3.308],[119.98,-3.298],[119.934,-3.29],[119.923,-3.266],[119.906,-3.26],[119.88,-3.259],[119.878,-3.269],[119.861,-3.27],[119.85,-3.281],[119.841,-3.264],[119.829,-3.265],[119.818,-3.256],[119.815,-3.245],[119.784,-3.238],[119.776,-3.241],[119.77,-3.274],[119.729,-3.293],[119.716,-3.287],[119.723,-3.377],[119.717,-3.388],[119.69,-3.384],[119.684,-3.39],[119.667,-3.368],[119.651,-3.363],[119.652,-3.341],[119.643,-3.335],[119.648,-3.325],[119.621,-3.302],[119.616,-3.287],[119.602,-3.282],[119.58,-3.288],[119.558,-3.27],[119.529,-3.275],[119.519,-3.28],[119.519,-3.312],[119.501,-3.316],[119.476,-3.288],[119.462,-3.293],[119.436,-3.284],[119.433,-3.264],[119.42,-3.248],[119.404,-3.247],[119.393,-3.223],[119.375,-3.214],[119.37,-3.199],[119.394,-3.199],[119.435,-3.171],[119.445,-3.191],[119.462,-3.181],[119.47,-3.191],[119.486,-3.189],[119.514,-3.173],[119.536,-3.139],[119.57,-3.145],[119.573,-3.131],[119.61,-3.119],[119.635,-3.128],[119.62,-3.08],[119.595,-3.063],[119.565,-2.994],[119.577,-2.95],[119.55,-2.898],[119.566,-2.88],[119.579,-2.837],[119.568,-2.798],[119.576,-2.771],[119.586,-2.764],[119.578,-2.754],[119.586,-2.743],[119.609,-2.739],[119.615,-2.751],[119.631,-2.755],[119.682,-2.756]]]}},{"type":"Feature","properties":{"kode":"33.15","nama":"Grobogan","prov":"Jawa Tengah","kota":false},"geometry":{"type":"Polygon","coordinates":[[[111.223,-7.255],[111.198,-7.246],[111.2,-7.255],[111.178,-7.265],[111.159,-7.258],[111.149,-7.264],[111.107,-7.247],[111.08,-7.254],[111.072,-7.267],[111.058,-7.271],[111.03,-7.257],[111.007,-7.261],[110.972,-7.282],[110.924,-7.272],[110.918,-7.282],[110.901,-7.282],[110.889,-7.273],[110.874,-7.276],[110.866,-7.266],[110.858,-7.272],[110.839,-7.263],[110.828,-7.249],[110.843,-7.217],[110.858,-7.212],[110.85,-7.202],[110.831,-7.198],[110.789,-7.244],[110.767,-7.244],[110.785,-7.195],[110.777,-7.184],[110.761,-7.187],[110.757,-7.169],[110.744,-7.164],[110.75,-7.149],[110.742,-7.139],[110.726,-7.163],[110.689,-7.192],[110.706,-7.216],[110.684,-7.242],[110.644,-7.219],[110.611,-7.226],[110.613,-7.2],[110.607,-7.195],[110.58,-7.2],[110.571,-7.189],[110.546,-7.193],[110.539,-7.183],[110.574,-7.153],[110.57,-7.148],[110.582,-7.119],[110.561,-7.09],[110.566,-7.075],[110.588,-7.073],[110.598,-7.052],[110.606,-7.05],[110.626,-7.011],[110.624,-6.976],[110.672,-6.976],[110.668,-6.983],[110.68,-6.997],[110.674,-7.009],[110.691,-7.017],[110.671,-7.042],[110.675,-7.052],[110.694,-7.018],[110.73,-7.033],[110.763,-7.022],[110.753,-7.018],[110.763,-7.019],[110.769,-7.01],[110.764,-7.005],[110.775,-7.003],[110.762,-6.98],[110.774,-6.974],[110.765,-6.967],[110.774,-6.965],[110.779,-6.949],[110.793,-6.957],[110.812,-6.999],[110.828,-7.002],[110.835,-6.992],[110.846,-6.991],[110.852,-7.0],[110.858,-6.985],[110.88,-6.97],[110.892,-6.984],[110.906,-6.983],[110.914,-6.966],[110.931,-6.973],[110.948,-6.964],[110.96,-6.973],[111.061,-6.97],[111.086,-6.962],[111.083,-6.945],[111.089,-6.932],[111.098,-6.93],[111.111,-6.977],[111.171,-6.986],[111.218,-7.03],[111.217,-7.098],[111.24,-7.14],[111.249,-7.177],[111.243,-7.239],[111.223,-7.255]]]}},{"type":"Feature","properties":{"kode":"12.18","nama":"Serdang Bedagai","prov":"Sumatera Utara","kota":false},"geometry":{"type":"Polygon","coordinates":[[[99.32,3.433],[99.283,3.393],[99.293,3.379],[99.272,3.353],[99.261,3.307],[99.243,3.28],[99.224,3.28],[99.224,3.261],[99.231,3.262],[99.231,3.256],[99.196,3.202],[99.197,3.179],[99.153,3.15],[99.151,3.167],[99.132,3.173],[99.131,3.157],[99.109,3.14],[99.077,3.134],[99.033,3.111],[99.034,3.092],[99.007,3.069],[99.01,3.048],[99.0,3.025],[98.927,3.016],[98.981,3.081],[98.978,3.119],[98.989,3.125],[98.973,3.131],[98.965,3.145],[99.008,3.208],[98.937,3.208],[98.94,3.222],[98.981,3.272],[98.965,3.287],[98.923,3.265],[98.913,3.275],[98.892,3.26],[98.864,3.256],[98.855,3.232],[98.84,3.222],[98.789,3.222],[98.774,3.214],[98.762,3.221],[98.753,3.209],[98.736,3.215],[98.776,3.271],[98.791,3.28],[98.802,3.306],[98.831,3.319],[98.845,3.34],[98.891,3.36],[98.914,3.362],[98.919,3.371],[98.914,3.451],[98.933,3.488],[98.936,3.52],[98.927,3.546],[98.933,3.568],[98.919,3.583],[98.919,3.601],[98.938,3.625],[98.943,3.676],[98.955,3.68],[98.967,3.661],[99.055,3.619],[99.127,3.566],[99.197,3.537],[99.246,3.496],[99.274,3.488],[99.281,3.472],[99.286,3.481],[99.292,3.479],[99.293,3.463],[99.32,3.433]]]}},{"type":"Feature","properties":{"kode":"21.04","nama":"Lingga","prov":"Kepulauan Riau","kota":false},"geometry":{"type":"MultiPolygon","coordinates":[[[[104.193,-0.36],[104.206,-0.372],[104.228,-0.364],[104.235,-0.385],[104.222,-0.391],[104.207,-0.384],[104.186,-0.389],[104.172,-0.373],[104.193,-0.36]]],[[[104.479,-0.336],[104.486,-0.352],[104.539,-0.373],[104.541,-0.395],[104.574,-0.446],[104.596,-0.458],[104.592,-0.493],[104.563,-0.503],[104.535,-0.538],[104.508,-0.596],[104.504,-0.644],[104.475,-0.637],[104.432,-0.584],[104.399,-0.6],[104.383,-0.657],[104.387,-0.668],[104.366,-0.684],[104.358,-0.682],[104.342,-0.656],[104.343,-0.617],[104.321,-0.524],[104.319,-0.537],[104.309,-0.54],[104.248,-0.486],[104.26,-0.475],[104.276,-0.4],[104.313,-0.389],[104.326,-0.349],[104.338,-0.389],[104.323,-0.398],[104.313,-0.417],[104.331,-0.442],[104.343,-0.445],[104.341,-0.394],[104.351,-0.394],[104.363,-0.408],[104.397,-0.409],[104.43,-0.383],[104.425,-0.364],[104.44,-0.34],[104.459,-0.344],[104.479,-0.336]]],[[[104.472,-0.278],[104.483,-0.283],[104.491,-0.308],[104.482,-0.319],[104.465,-0.316],[104.459,-0.329],[104.42,-0.324],[104.388,-0.297],[104.407,-0.281],[104.427,-0.291],[104.472,-0.278]]],[[[104.555,0.026],[104.652,-0.051],[104.668,-0.077],[104.649,-0.086],[104.628,-0.074],[104.632,-0.095],[104.668,-0.117],[104.661,-0.09],[104.683,-0.085],[104.716,-0.132],[104.734,-0.14],[104.736,-0.165],[104.752,-0.19],[104.774,-0.194],[104.786,-0.205],[104.823,-0.197],[104.813,-0.152],[104.826,-0.133],[104.875,-0.192],[104.891,-0.225],[104.955,-0.277],[104.998,-0.278],[104.993,-0.289],[105.0,-0.304],[104.983,-0.307],[104.981,-0.299],[104.952,-0.295],[104.933,-0.277],[104.921,-0.278],[104.9,-0.293],[104.908,-0.315],[104.926,-0.324],[104.914,-0.339],[104.909,-0.329],[104.881,-0.326],[104.866,-0.313],[104.849,-0.322],[104.825,-0.304],[104.824,-0.291],[104.791,-0.28],[104.792,-0.265],[104.778,-0.26],[104.769,-0.265],[104.752,-0.254],[104.751,-0.232],[104.736,-0.232],[104.704,-0.205],[104.641,-0.221],[104.603,-0.242],[104.6,-0.251],[104.562,-0.243],[104.518,-0.275],[104.504,-0.268],[104.498,-0.242],[104.463,-0.247],[104.429,-0.237],[104.427,-0.183],[104.446,-0.182],[104.455,-0.158],[104.476,-0.158],[104.47,-0.137],[104.487,-0.139],[104.505,-0.129],[104.511,-0.073],[104.496,-0.013],[104.517,-0.004],[104.53,-0.013],[104.548,0.002],[104.556,0.0],[104.548,0.024],[104.555,0.026]]],[[[104.404,0.163],[104.467,0.102],[104.478,0.077],[104.492,0.071],[104.485,0.044],[104.476,0.055],[104.462,0.057],[104.495,0.015],[104.482,0.015],[104.466,0.028],[104.413,0.088],[104.402,0.09],[104.379,0.123],[104.427,0.101],[104.397,0.145],[104.404,0.163]]],[[[104.293,0.176],[104.337,0.131],[104.337,0.107],[104.325,0.107],[104.318,0.129],[104.312,0.135],[104.308,0.128],[104.294,0.143],[104.3,0.156],[104.293,0.176]]],[[[104.232,0.199],[104.24,0.168],[104.225,0.156],[104.201,0.17],[104.218,0.186],[104.214,0.191],[104.232,0.199]]],[[[104.513,0.247],[104.588,0.171],[104.666,0.071],[104.688,0.051],[104.703,0.049],[104.71,0.038],[104.698,0.017],[104.676,0.025],[104.621,0.075],[104.626,0.089],[104.613,0.09],[104.615,0.079],[104.602,0.085],[104.554,0.127],[104.546,0.146],[104.549,0.151],[104.556,0.142],[104.553,0.16],[104.543,0.146],[104.537,0.15],[104.506,0.19],[104.528,0.184],[104.528,0.19],[104.478,0.242],[104.493,0.244],[104.521,0.216],[104.528,0.223],[104.513,0.247]]],[[[104.328,0.328],[104.365,0.307],[104.39,0.282],[104.383,0.275],[104.355,0.279],[104.323,0.317],[104.328,0.328]]],[[[104.332,0.376],[104.416,0.332],[104.433,0.307],[104.406,0.316],[104.403,0.311],[104.421,0.298],[104.394,0.289],[104.391,0.298],[104.379,0.301],[104.379,0.311],[104.351,0.317],[104.338,0.341],[104.35,0.345],[104.328,0.368],[104.332,0.376]]]]}},{"type":"Feature","properties":{"kode":"35.23","nama":"Tuban","prov":"Jawa Timur","kota":false},"geometry":{"type":"Polygon","coordinates":[[[112.171,-6.897],[112.18,-6.913],[112.203,-6.918],[112.214,-7.009],[112.203,-7.029],[112.219,-7.036],[112.217,-7.075],[112.189,-7.084],[112.179,-7.075],[112.179,-7.097],[112.166,-7.098],[112.156,-7.111],[112.149,-7.101],[112.144,-7.106],[112.131,-7.097],[112.125,-7.108],[112.117,-7.098],[112.123,-7.088],[112.087,-7.086],[112.081,-7.066],[112.03,-7.078],[112.02,-7.068],[112.021,-7.087],[112.003,-7.109],[112.011,-7.13],[111.995,-7.114],[111.984,-7.163],[111.978,-7.163],[111.978,-7.146],[111.954,-7.132],[111.937,-7.16],[111.93,-7.157],[111.929,-7.132],[111.899,-7.136],[111.902,-7.131],[111.888,-7.122],[111.878,-7.133],[111.862,-7.129],[111.819,-7.088],[111.712,-7.081],[111.691,-7.063],[111.693,-7.054],[111.659,-7.039],[111.651,-7.0],[111.628,-6.992],[111.615,-6.972],[111.567,-6.952],[111.578,-6.917],[111.602,-6.912],[111.608,-6.904],[111.619,-6.822],[111.656,-6.827],[111.668,-6.802],[111.661,-6.777],[111.669,-6.764],[111.684,-6.771],[111.691,-6.754],[111.719,-6.77],[111.766,-6.772],[111.838,-6.801],[111.901,-6.788],[111.961,-6.761],[111.98,-6.773],[112.011,-6.835],[112.053,-6.887],[112.123,-6.903],[112.171,-6.897]]]}},{"type":"Feature","properties":{"kode":"35.29","nama":"Sumenep","prov":"Jawa Timur","kota":false},"geometry":{"type":"MultiPolygon","coordinates":[[[[113.923,-7.174],[113.939,-7.197],[113.939,-7.214],[113.956,-7.231],[113.947,-7.23],[113.927,-7.203],[113.887,-7.212],[113.883,-7.193],[113.923,-7.174]]],[[[114.576,-7.128],[114.607,-7.137],[114.616,-7.153],[114.598,-7.164],[114.573,-7.165],[114.551,-7.142],[114.513,-7.144],[114.509,-7.154],[114.486,-7.159],[114.475,-7.148],[114.48,-7.138],[114.5,-7.137],[114.505,-7.144],[114.529,-7.132],[114.576,-7.128]]],[[[115.906,-7.105],[115.899,-7.174],[115.884,-7.201],[115.827,-7.205],[115.755,-7.172],[115.741,-7.153],[115.761,-7.131],[115.77,-7.141],[115.784,-7.11],[115.797,-7.121],[115.794,-7.139],[115.81,-7.154],[115.836,-7.149],[115.843,-7.163],[115.872,-7.157],[115.885,-7.165],[115.892,-7.15],[115.879,-7.159],[115.871,-7.132],[115.887,-7.12],[115.892,-7.138],[115.898,-7.113],[115.891,-7.111],[115.906,-7.105]]],[[[113.951,-7.055],[113.981,-7.073],[114.049,-7.074],[114.065,-7.11],[113.992,-7.107],[113.944,-7.088],[113.936,-7.074],[113.951,-7.055]]],[[[114.331,-7.055],[114.373,-7.092],[114.375,-7.112],[114.392,-7.133],[114.398,-7.161],[114.407,-7.165],[114.392,-7.179],[114.362,-7.178],[114.313,-7.16],[114.277,-7.111],[114.275,-7.083],[114.297,-7.063],[114.331,-7.055]]],[[[115.588,-6.94],[115.675,-6.99],[115.685,-7.013],[115.642,-6.997],[115.633,-7.005],[115.594,-6.995],[115.592,-6.979],[115.573,-6.976],[115.565,-6.96],[115.577,-6.942],[115.588,-6.94]]],[[[113.602,-7.128],[113.612,-7.106],[113.622,-7.102],[113.621,-7.086],[113.591,-7.062],[113.604,-7.042],[113.582,-7.043],[113.576,-7.034],[113.58,-7.019],[113.591,-7.017],[113.592,-7.01],[113.618,-7.01],[113.609,-7.0],[113.609,-6.974],[113.647,-6.924],[113.649,-6.918],[113.637,-6.918],[113.642,-6.888],[113.796,-6.886],[113.886,-6.866],[113.945,-6.869],[114.094,-6.931],[114.124,-6.979],[114.093,-6.98],[114.06,-7.003],[114.036,-7.009],[113.992,-7.007],[113.962,-7.041],[113.939,-7.035],[113.939,-7.023],[113.924,-7.022],[113.922,-7.029],[113.947,-7.045],[113.948,-7.053],[113.941,-7.057],[113.921,-7.043],[113.907,-7.048],[113.869,-7.096],[113.889,-7.108],[113.893,-7.132],[113.816,-7.133],[113.684,-7.109],[113.653,-7.128],[113.602,-7.128]]],[[[115.267,-6.827],[115.394,-6.835],[115.436,-6.847],[115.555,-6.903],[115.576,-6.931],[115.548,-6.966],[115.519,-6.945],[115.497,-6.948],[115.478,-6.925],[115.461,-6.932],[115.449,-6.911],[115.443,-6.921],[115.428,-6.917],[115.424,-6.932],[115.409,-6.939],[115.407,-6.924],[115.396,-6.92],[115.397,-6.907],[115.378,-6.912],[115.379,-6.9],[115.368,-6.906],[115.365,-6.925],[115.339,-6.918],[115.33,-6.931],[115.339,-6.945],[115.353,-6.937],[115.361,-6.95],[115.381,-6.955],[115.392,-6.97],[115.387,-6.981],[115.397,-6.979],[115.404,-6.988],[115.382,-6.995],[115.331,-6.995],[115.319,-6.971],[115.326,-6.962],[115.302,-6.95],[115.309,-6.975],[115.292,-6.971],[115.29,-6.98],[115.301,-6.996],[115.291,-7.01],[115.266,-6.994],[115.257,-6.954],[115.27,-6.95],[115.275,-6.943],[115.27,-6.936],[115.247,-6.948],[115.238,-6.937],[115.237,-6.943],[115.222,-6.935],[115.211,-6.942],[115.199,-6.924],[115.207,-6.89],[115.22,-6.883],[115.238,-6.885],[115.253,-6.862],[115.248,-6.845],[115.235,-6.834],[115.267,-6.827]]],[[[114.413,-5.533],[114.418,-5.552],[114.452,-5.547],[114.448,-5.577],[114.435,-5.588],[114.422,-5.59],[114.419,-5.577],[114.394,-5.564],[114.394,-5.542],[114.413,-5.533]]]]}},{"type":"Feature","properties":{"kode":"33.16","nama":"Blora","prov":"Jawa Tengah","kota":false},"geometry":{"type":"Polygon","coordinates":[[[111.263,-6.856],[111.33,-6.869],[111.348,-6.886],[111.378,-6.891],[111.414,-6.884],[111.425,-6.894],[111.454,-6.876],[111.476,-6.886],[111.489,-6.882],[111.496,-6.894],[111.533,-6.889],[111.544,-6.909],[111.586,-6.906],[111.59,-6.913],[111.578,-6.917],[111.567,-6.952],[111.615,-6.972],[111.623,-6.982],[111.613,-7.007],[111.614,-7.035],[111.629,-7.064],[111.614,-7.079],[111.62,-7.11],[111.613,-7.111],[111.607,-7.127],[111.612,-7.138],[111.598,-7.146],[111.584,-7.171],[111.587,-7.186],[111.567,-7.187],[111.566,-7.207],[111.549,-7.206],[111.537,-7.215],[111.539,-7.228],[111.53,-7.226],[111.503,-7.248],[111.488,-7.243],[111.49,-7.257],[111.476,-7.252],[111.463,-7.263],[111.451,-7.248],[111.451,-7.274],[111.438,-7.271],[111.442,-7.29],[111.424,-7.309],[111.455,-7.319],[111.446,-7.337],[111.461,-7.341],[111.459,-7.346],[111.442,-7.35],[111.444,-7.36],[111.46,-7.354],[111.456,-7.367],[111.463,-7.378],[111.433,-7.365],[111.42,-7.346],[111.372,-7.341],[111.361,-7.33],[111.345,-7.335],[111.345,-7.319],[111.326,-7.316],[111.284,-7.289],[111.244,-7.285],[111.223,-7.255],[111.243,-7.239],[111.249,-7.177],[111.24,-7.14],[111.217,-7.098],[111.218,-7.03],[111.171,-6.986],[111.111,-6.977],[111.098,-6.93],[111.104,-6.917],[111.117,-6.909],[111.141,-6.918],[111.144,-6.899],[111.163,-6.909],[111.203,-6.895],[111.203,-6.875],[111.221,-6.87],[111.226,-6.85],[111.243,-6.863],[111.263,-6.856]]]}},{"type":"Feature","properties":{"kode":"32.15","nama":"Karawang","prov":"Jawa Barat","kota":false},"geometry":{"type":"Polygon","coordinates":[[[107.643,-6.215],[107.602,-6.239],[107.599,-6.253],[107.582,-6.256],[107.579,-6.28],[107.586,-6.295],[107.579,-6.322],[107.537,-6.389],[107.535,-6.415],[107.521,-6.418],[107.5,-6.408],[107.478,-6.432],[107.462,-6.427],[107.453,-6.442],[107.445,-6.439],[107.432,-6.46],[107.373,-6.468],[107.39,-6.492],[107.39,-6.511],[107.351,-6.481],[107.306,-6.491],[107.289,-6.502],[107.284,-6.531],[107.248,-6.574],[107.221,-6.591],[107.205,-6.587],[107.179,-6.552],[107.165,-6.503],[107.183,-6.468],[107.189,-6.47],[107.196,-6.461],[107.208,-6.468],[107.217,-6.461],[107.202,-6.436],[107.202,-6.414],[107.212,-6.417],[107.221,-6.408],[107.221,-6.385],[107.205,-6.37],[107.216,-6.35],[107.226,-6.35],[107.216,-6.328],[107.22,-6.313],[107.236,-6.298],[107.246,-6.3],[107.276,-6.267],[107.269,-6.233],[107.284,-6.226],[107.273,-6.216],[107.292,-6.216],[107.297,-6.203],[107.278,-6.161],[107.289,-6.156],[107.281,-6.128],[107.27,-6.128],[107.269,-6.114],[107.248,-6.116],[107.248,-6.104],[107.212,-6.1],[107.19,-6.09],[107.186,-6.077],[107.179,-6.081],[107.159,-6.067],[107.143,-6.071],[107.138,-6.058],[107.13,-6.061],[107.135,-6.05],[107.129,-6.055],[107.112,-6.03],[107.096,-6.028],[107.101,-6.017],[107.085,-6.003],[107.085,-5.987],[107.098,-5.94],[107.134,-5.976],[107.17,-5.989],[107.233,-5.977],[107.266,-5.961],[107.306,-5.959],[107.346,-5.972],[107.403,-6.038],[107.43,-6.091],[107.445,-6.101],[107.473,-6.149],[107.543,-6.178],[107.621,-6.188],[107.643,-6.215]]]}},{"type":"Feature","properties":{"kode":"61.02","nama":"Mempawah","prov":"Kalimantan Barat","kota":false},"geometry":{"type":"Polygon","coordinates":[[[109.368,0.197],[109.37,0.106],[109.38,0.048],[109.364,0.043],[109.37,0.022],[109.309,0.038],[109.287,0.006],[109.178,0.034],[109.178,0.047],[109.188,0.048],[109.194,0.061],[109.175,0.075],[109.158,0.107],[109.139,0.125],[109.124,0.2],[109.101,0.237],[109.007,0.301],[108.917,0.33],[108.914,0.349],[108.926,0.353],[108.942,0.375],[108.946,0.41],[108.939,0.449],[108.909,0.484],[108.907,0.505],[108.927,0.562],[108.951,0.531],[108.971,0.534],[108.991,0.555],[108.996,0.543],[109.007,0.561],[109.032,0.577],[109.046,0.575],[109.082,0.59],[109.121,0.638],[109.143,0.647],[109.152,0.682],[109.174,0.664],[109.196,0.671],[109.251,0.668],[109.256,0.652],[109.276,0.644],[109.284,0.627],[109.26,0.611],[109.252,0.577],[109.236,0.556],[109.234,0.524],[109.222,0.507],[109.205,0.499],[109.208,0.465],[109.222,0.463],[109.238,0.474],[109.248,0.453],[109.271,0.456],[109.273,0.44],[109.3,0.417],[109.303,0.387],[109.322,0.374],[109.268,0.333],[109.208,0.323],[109.201,0.303],[109.177,0.284],[109.172,0.264],[109.179,0.246],[109.244,0.246],[109.246,0.23],[109.256,0.229],[109.262,0.239],[109.284,0.238],[109.29,0.246],[109.31,0.24],[109.319,0.246],[109.368,0.197]]]}},{"type":"Feature","properties":{"kode":"33.12","nama":"Wonogiri","prov":"Jawa Tengah","kota":false},"geometry":{"type":"Polygon","coordinates":[[[111.181,-7.711],[111.214,-7.724],[111.237,-7.75],[111.275,-7.737],[111.288,-7.743],[111.282,-7.785],[111.297,-7.802],[111.303,-7.838],[111.314,-7.851],[111.296,-7.858],[111.297,-7.877],[111.28,-7.919],[111.25,-7.946],[111.231,-7.948],[111.221,-7.93],[111.192,-7.935],[111.192,-7.923],[111.182,-7.916],[111.154,-7.922],[111.14,-7.937],[111.145,-7.952],[111.126,-7.97],[111.135,-8.021],[111.12,-8.035],[111.121,-8.055],[111.112,-8.063],[111.091,-8.063],[111.08,-8.043],[111.067,-8.061],[111.034,-8.079],[111.009,-8.073],[110.983,-8.079],[110.953,-8.062],[110.907,-8.121],[110.895,-8.167],[110.9,-8.211],[110.835,-8.203],[110.838,-8.177],[110.829,-8.168],[110.822,-8.182],[110.815,-8.181],[110.813,-8.161],[110.829,-8.146],[110.83,-8.136],[110.815,-8.138],[110.805,-8.162],[110.786,-8.151],[110.787,-8.104],[110.756,-8.024],[110.768,-7.977],[110.77,-7.904],[110.785,-7.853],[110.782,-7.804],[110.805,-7.791],[110.833,-7.795],[110.85,-7.817],[110.86,-7.796],[110.855,-7.785],[110.861,-7.759],[110.872,-7.75],[110.91,-7.756],[110.937,-7.779],[110.941,-7.74],[110.959,-7.734],[110.975,-7.753],[110.972,-7.764],[111.021,-7.76],[111.047,-7.782],[111.051,-7.759],[111.07,-7.757],[111.079,-7.748],[111.094,-7.752],[111.106,-7.741],[111.113,-7.747],[111.129,-7.729],[111.131,-7.717],[111.147,-7.71],[111.169,-7.716],[111.181,-7.711]]]}},{"type":"Feature","properties":{"kode":"11.17","nama":"Bener Meriah","prov":"Aceh","kota":false},"geometry":{"type":"Polygon","coordinates":[[[96.753,4.964],[96.844,4.898],[96.846,4.882],[96.908,4.875],[96.955,4.859],[97.001,4.865],[97.01,4.903],[97.024,4.913],[97.047,4.906],[97.079,4.91],[97.101,4.899],[97.121,4.91],[97.146,4.91],[97.243,4.873],[97.282,4.816],[97.252,4.758],[97.319,4.737],[97.329,4.711],[97.299,4.661],[97.259,4.662],[97.261,4.618],[97.286,4.628],[97.304,4.622],[97.312,4.605],[97.234,4.604],[97.17,4.578],[97.147,4.579],[97.046,4.606],[97.021,4.644],[96.92,4.654],[96.88,4.662],[96.87,4.67],[96.825,4.668],[96.822,4.687],[96.809,4.673],[96.803,4.694],[96.799,4.69],[96.787,4.713],[96.747,4.713],[96.711,4.753],[96.703,4.745],[96.684,4.756],[96.685,4.766],[96.701,4.779],[96.7,4.801],[96.708,4.819],[96.691,4.838],[96.691,4.891],[96.672,4.938],[96.674,4.951],[96.617,4.956],[96.598,4.939],[96.587,4.94],[96.573,4.948],[96.63,4.969],[96.666,4.96],[96.7,4.973],[96.712,4.964],[96.753,4.964]]]}},{"type":"Feature","properties":{"kode":"21.03","nama":"Natuna","prov":"Kepulauan Riau","kota":false},"geometry":{"type":"MultiPolygon","coordinates":[[[[108.996,2.56],[109.021,2.552],[109.025,2.539],[109.064,2.523],[109.121,2.528],[109.118,2.508],[109.088,2.492],[109.051,2.503],[109.044,2.49],[109.014,2.483],[109.007,2.5],[109.026,2.512],[109.02,2.523],[109.005,2.533],[108.979,2.522],[108.976,2.532],[108.978,2.557],[108.996,2.56]]],[[[108.864,3.012],[108.89,2.998],[108.877,2.918],[108.885,2.909],[108.877,2.891],[108.885,2.88],[108.865,2.879],[108.848,2.852],[108.819,2.844],[108.786,2.865],[108.775,2.892],[108.829,2.937],[108.838,2.995],[108.864,3.012]]],[[[107.787,3.019],[107.804,3.009],[107.813,2.98],[107.757,2.972],[107.749,3.007],[107.787,3.019]]],[[[108.095,3.635],[108.125,3.623],[108.121,3.607],[108.103,3.602],[108.103,3.586],[108.085,3.598],[108.08,3.584],[108.071,3.583],[108.071,3.602],[108.078,3.615],[108.09,3.616],[108.095,3.635]]],[[[108.223,4.227],[108.228,4.218],[108.242,4.219],[108.225,4.185],[108.234,4.128],[108.27,4.089],[108.3,4.087],[108.296,4.055],[108.346,4.016],[108.347,3.999],[108.403,3.967],[108.382,3.931],[108.394,3.916],[108.391,3.895],[108.36,3.898],[108.356,3.884],[108.356,3.873],[108.363,3.894],[108.379,3.877],[108.379,3.861],[108.398,3.882],[108.409,3.883],[108.387,3.793],[108.366,3.783],[108.354,3.766],[108.334,3.764],[108.309,3.731],[108.306,3.67],[108.296,3.658],[108.275,3.665],[108.223,3.664],[108.196,3.658],[108.189,3.644],[108.166,3.642],[108.157,3.63],[108.146,3.659],[108.09,3.681],[108.121,3.725],[108.117,3.744],[108.135,3.75],[108.148,3.744],[108.151,3.763],[108.169,3.767],[108.188,3.784],[108.204,3.778],[108.277,3.711],[108.266,3.739],[108.25,3.766],[108.227,3.779],[108.207,3.802],[108.154,3.805],[108.118,3.826],[108.094,3.821],[108.087,3.833],[108.062,3.836],[108.047,3.864],[108.019,3.878],[108.03,3.9],[107.99,3.942],[107.994,3.983],[107.98,4.001],[107.963,4.0],[107.974,4.014],[108.015,4.029],[108.026,4.054],[108.055,4.055],[108.074,4.068],[108.089,4.103],[108.147,4.138],[108.196,4.197],[108.208,4.227],[108.223,4.227]]],[[[108.007,4.775],[107.977,4.68],[107.965,4.669],[107.929,4.681],[107.928,4.694],[107.958,4.708],[107.992,4.77],[108.007,4.775]]]]}},{"type":"Feature","properties":{"kode":"73.15","nama":"Pinrang","prov":"Sulawesi Selatan","kota":false},"geometry":{"type":"Polygon","coordinates":[[[119.697,-3.387],[119.695,-3.447],[119.686,-3.451],[119.706,-3.486],[119.693,-3.501],[119.702,-3.524],[119.7,-3.545],[119.717,-3.555],[119.727,-3.58],[119.724,-3.589],[119.74,-3.615],[119.749,-3.664],[119.765,-3.686],[119.757,-3.708],[119.764,-3.718],[119.803,-3.733],[119.778,-3.738],[119.747,-3.783],[119.755,-3.796],[119.751,-3.814],[119.728,-3.861],[119.717,-3.908],[119.696,-3.917],[119.674,-3.951],[119.64,-3.981],[119.635,-3.982],[119.632,-3.972],[119.608,-3.982],[119.605,-3.974],[119.587,-3.974],[119.593,-4.005],[119.614,-4.005],[119.593,-4.022],[119.596,-4.044],[119.583,-4.029],[119.571,-3.95],[119.538,-3.902],[119.481,-3.751],[119.453,-3.713],[119.447,-3.682],[119.459,-3.644],[119.483,-3.628],[119.497,-3.6],[119.511,-3.595],[119.513,-3.56],[119.503,-3.534],[119.474,-3.502],[119.485,-3.495],[119.493,-3.475],[119.477,-3.459],[119.469,-3.434],[119.474,-3.413],[119.46,-3.384],[119.464,-3.373],[119.431,-3.339],[119.446,-3.332],[119.439,-3.32],[119.438,-3.286],[119.472,-3.293],[119.476,-3.288],[119.501,-3.316],[119.519,-3.312],[119.519,-3.28],[119.529,-3.275],[119.558,-3.27],[119.58,-3.288],[119.602,-3.282],[119.616,-3.287],[119.621,-3.302],[119.648,-3.325],[119.643,-3.335],[119.652,-3.341],[119.651,-3.363],[119.667,-3.368],[119.684,-3.39],[119.697,-3.387]]]}},{"type":"Feature","properties":{"kode":"75.03","nama":"Bone Bolango","prov":"Gorontalo","kota":false},"geometry":{"type":"Polygon","coordinates":[[[123.249,0.748],[123.248,0.719],[123.274,0.698],[123.322,0.699],[123.359,0.651],[123.383,0.64],[123.428,0.641],[123.486,0.626],[123.492,0.619],[123.487,0.602],[123.533,0.577],[123.526,0.544],[123.552,0.511],[123.546,0.496],[123.523,0.49],[123.525,0.457],[123.548,0.442],[123.55,0.434],[123.498,0.382],[123.494,0.357],[123.48,0.353],[123.482,0.323],[123.469,0.323],[123.46,0.337],[123.435,0.317],[123.358,0.314],[123.346,0.306],[123.268,0.322],[123.228,0.348],[123.197,0.392],[123.162,0.399],[123.122,0.456],[123.087,0.48],[123.099,0.501],[123.079,0.528],[123.091,0.58],[123.062,0.59],[123.07,0.608],[123.056,0.628],[123.06,0.659],[123.081,0.696],[123.07,0.803],[123.083,0.806],[123.124,0.788],[123.134,0.766],[123.157,0.774],[123.167,0.752],[123.214,0.762],[123.249,0.748]]]}},{"type":"Feature","properties":{"kode":"11.12","nama":"Aceh Barat Daya","prov":"Aceh","kota":false},"geometry":{"type":"Polygon","coordinates":[[[97.154,3.741],[97.142,3.725],[97.131,3.684],[97.106,3.669],[97.067,3.626],[97.047,3.618],[97.038,3.603],[96.969,3.618],[96.942,3.574],[96.903,3.602],[96.88,3.677],[96.852,3.702],[96.776,3.738],[96.728,3.746],[96.652,3.745],[96.62,3.737],[96.62,3.759],[96.606,3.773],[96.62,3.79],[96.613,3.81],[96.586,3.837],[96.596,3.887],[96.607,3.91],[96.621,3.913],[96.618,3.93],[96.631,3.962],[96.679,3.986],[96.698,3.987],[96.706,4.005],[96.718,4.01],[96.713,4.021],[96.727,4.038],[96.719,4.079],[96.724,4.094],[96.746,4.091],[96.792,4.049],[96.804,4.007],[96.799,4.0],[96.838,3.954],[96.984,3.937],[97.046,3.958],[97.11,3.94],[97.119,3.919],[97.109,3.888],[97.115,3.866],[97.108,3.852],[97.112,3.833],[97.154,3.741]]]}},{"type":"Feature","properties":{"kode":"74.03","nama":"Muna","prov":"Sulawesi Tenggara","kota":false},"geometry":{"type":"MultiPolygon","coordinates":[[[[122.607,-5.223],[122.561,-5.228],[122.551,-5.21],[122.528,-5.195],[122.472,-5.229],[122.45,-5.235],[122.407,-5.21],[122.408,-5.192],[122.376,-5.193],[122.36,-5.177],[122.355,-5.153],[122.317,-5.142],[122.318,-5.125],[122.328,-5.104],[122.348,-5.103],[122.382,-5.088],[122.391,-5.074],[122.382,-5.067],[122.384,-5.045],[122.373,-5.039],[122.385,-4.992],[122.376,-4.977],[122.378,-4.958],[122.361,-4.946],[122.359,-4.931],[122.365,-4.921],[122.378,-4.925],[122.418,-4.907],[122.456,-4.916],[122.553,-4.966],[122.584,-5.003],[122.596,-4.985],[122.593,-4.966],[122.603,-4.948],[122.618,-4.933],[122.634,-4.933],[122.66,-4.897],[122.612,-4.859],[122.606,-4.832],[122.577,-4.83],[122.566,-4.806],[122.592,-4.769],[122.655,-4.733],[122.658,-4.727],[122.637,-4.696],[122.654,-4.681],[122.634,-4.674],[122.626,-4.642],[122.633,-4.632],[122.638,-4.636],[122.659,-4.623],[122.664,-4.613],[122.682,-4.612],[122.74,-4.649],[122.73,-4.651],[122.735,-4.683],[122.721,-4.693],[122.729,-4.729],[122.741,-4.741],[122.738,-4.775],[122.745,-4.78],[122.739,-4.784],[122.746,-4.794],[122.727,-4.85],[122.737,-4.864],[122.738,-4.883],[122.747,-4.888],[122.754,-4.881],[122.766,-4.899],[122.759,-4.911],[122.765,-4.93],[122.758,-4.928],[122.757,-4.963],[122.763,-4.968],[122.73,-4.959],[122.733,-4.965],[122.722,-4.965],[122.704,-5.007],[122.68,-5.034],[122.639,-5.058],[122.613,-5.094],[122.62,-5.11],[122.588,-5.16],[122.585,-5.188],[122.6,-5.2],[122.624,-5.192],[122.624,-5.209],[122.607,-5.223]]],[[[122.832,-5.074],[122.822,-5.069],[122.789,-5.082],[122.759,-5.112],[122.764,-5.09],[122.795,-5.061],[122.803,-5.028],[122.792,-5.018],[122.763,-5.041],[122.757,-5.038],[122.744,-5.055],[122.739,-5.045],[122.767,-5.008],[122.81,-4.984],[122.819,-4.927],[122.832,-4.921],[122.828,-4.888],[122.806,-4.868],[122.818,-4.838],[122.815,-4.828],[122.84,-4.835],[122.856,-4.786],[122.841,-4.74],[122.841,-4.697],[122.828,-4.677],[122.849,-4.606],[122.858,-4.606],[122.86,-4.62],[122.867,-4.621],[122.89,-4.605],[122.892,-4.61],[122.928,-4.61],[122.923,-4.656],[122.901,-4.673],[122.897,-4.736],[122.88,-4.777],[122.901,-4.82],[122.914,-4.829],[122.916,-4.845],[122.912,-4.883],[122.889,-4.919],[122.893,-4.939],[122.884,-4.954],[122.891,-5.011],[122.873,-5.032],[122.865,-5.027],[122.857,-5.041],[122.85,-5.038],[122.832,-5.074]]],[[[122.716,-4.514],[122.741,-4.531],[122.729,-4.54],[122.743,-4.55],[122.743,-4.575],[122.723,-4.56],[122.701,-4.563],[122.688,-4.547],[122.693,-4.527],[122.714,-4.521],[122.716,-4.514]]]]}},{"type":"Feature","properties":{"kode":"12.17","nama":"Samosir","prov":"Sumatera Utara","kota":false},"geometry":{"type":"Polygon","coordinates":[[[98.895,2.663],[98.906,2.595],[98.924,2.568],[98.99,2.52],[99.019,2.484],[99.019,2.439],[98.982,2.394],[98.941,2.396],[98.912,2.408],[98.875,2.402],[98.86,2.396],[98.862,2.373],[98.85,2.356],[98.838,2.358],[98.808,2.374],[98.796,2.393],[98.766,2.416],[98.764,2.428],[98.751,2.434],[98.73,2.439],[98.673,2.406],[98.619,2.396],[98.564,2.436],[98.537,2.441],[98.524,2.426],[98.457,2.437],[98.421,2.476],[98.43,2.468],[98.426,2.485],[98.444,2.505],[98.42,2.537],[98.459,2.551],[98.49,2.549],[98.526,2.559],[98.56,2.58],[98.573,2.725],[98.59,2.755],[98.629,2.795],[98.645,2.789],[98.694,2.798],[98.738,2.792],[98.811,2.746],[98.838,2.715],[98.866,2.703],[98.895,2.663]]]}},{"type":"Feature","properties":{"kode":"16.12","nama":"Penukal Abab Lematang Ilir","prov":"Sumatera Selatan","kota":false},"geometry":{"type":"Polygon","coordinates":[[[104.143,-3.048],[104.193,-3.052],[104.231,-3.021],[104.258,-3.031],[104.234,-3.211],[104.219,-3.224],[104.21,-3.262],[104.23,-3.27],[104.234,-3.283],[104.2,-3.321],[104.193,-3.316],[104.189,-3.326],[104.173,-3.33],[104.172,-3.317],[104.163,-3.324],[104.152,-3.319],[104.154,-3.329],[104.14,-3.334],[104.138,-3.325],[104.127,-3.325],[104.132,-3.344],[104.113,-3.351],[104.1,-3.339],[104.093,-3.356],[104.059,-3.338],[104.029,-3.341],[104.025,-3.406],[103.993,-3.414],[103.949,-3.413],[103.918,-3.399],[103.907,-3.36],[103.892,-3.344],[103.867,-3.328],[103.855,-3.332],[103.85,-3.317],[103.83,-3.315],[103.821,-3.326],[103.801,-3.309],[103.787,-3.318],[103.761,-3.28],[103.744,-3.286],[103.737,-3.298],[103.734,-3.352],[103.717,-3.335],[103.722,-3.305],[103.707,-3.294],[103.627,-3.359],[103.618,-3.351],[103.618,-3.324],[103.605,-3.288],[103.632,-3.256],[103.648,-3.248],[103.635,-3.262],[103.66,-3.265],[103.716,-3.236],[103.721,-3.255],[103.736,-3.261],[103.784,-3.239],[103.796,-3.24],[103.797,-3.224],[103.78,-3.179],[103.797,-3.151],[103.791,-3.135],[103.812,-3.122],[103.819,-3.103],[103.836,-3.104],[103.854,-3.08],[103.89,-3.076],[103.911,-3.024],[103.927,-3.023],[103.95,-3.004],[104.026,-3.03],[104.049,-3.01],[104.094,-3.002],[104.135,-3.012],[104.132,-3.027],[104.143,-3.048]]]}},{"type":"Feature","properties":{"kode":"92.11","nama":"Manokwari Selatan","prov":"Papua Barat","kota":false},"geometry":{"type":"Polygon","coordinates":[[[134.102,-1.766],[134.078,-1.802],[134.051,-1.815],[134.04,-1.832],[134.002,-1.841],[133.987,-1.833],[133.938,-1.849],[133.927,-1.842],[133.919,-1.852],[133.883,-1.845],[133.879,-1.837],[133.888,-1.82],[133.918,-1.808],[133.907,-1.783],[133.907,-1.762],[133.9,-1.752],[133.892,-1.753],[133.889,-1.713],[133.855,-1.694],[133.854,-1.684],[133.814,-1.672],[133.802,-1.659],[133.775,-1.667],[133.769,-1.655],[133.778,-1.634],[133.756,-1.622],[133.732,-1.633],[133.697,-1.621],[133.662,-1.63],[133.652,-1.619],[133.662,-1.613],[133.696,-1.618],[133.716,-1.609],[133.716,-1.592],[133.722,-1.59],[133.697,-1.552],[133.7,-1.534],[133.691,-1.531],[133.699,-1.522],[133.732,-1.51],[133.748,-1.514],[133.748,-1.528],[133.774,-1.528],[133.786,-1.514],[133.816,-1.544],[133.844,-1.558],[133.853,-1.527],[133.85,-1.506],[133.881,-1.52],[133.888,-1.531],[133.904,-1.525],[133.918,-1.536],[133.939,-1.537],[133.933,-1.518],[133.94,-1.508],[133.952,-1.51],[133.958,-1.49],[133.972,-1.486],[133.974,-1.472],[134.012,-1.464],[134.005,-1.451],[134.01,-1.431],[134.076,-1.443],[134.079,-1.419],[134.038,-1.412],[134.05,-1.404],[134.08,-1.416],[134.075,-1.395],[134.046,-1.375],[134.044,-1.362],[134.045,-1.356],[134.063,-1.357],[134.069,-1.341],[134.083,-1.336],[134.085,-1.325],[134.073,-1.307],[134.083,-1.295],[134.081,-1.282],[134.055,-1.278],[134.052,-1.262],[134.037,-1.256],[134.044,-1.241],[134.077,-1.229],[134.093,-1.212],[134.102,-1.224],[134.137,-1.229],[134.17,-1.218],[134.185,-1.198],[134.212,-1.254],[134.242,-1.291],[134.245,-1.313],[134.275,-1.337],[134.278,-1.349],[134.274,-1.354],[134.261,-1.346],[134.238,-1.363],[134.213,-1.407],[134.211,-1.436],[134.198,-1.456],[134.211,-1.499],[134.202,-1.55],[134.143,-1.599],[134.117,-1.64],[134.095,-1.641],[134.069,-1.654],[134.081,-1.661],[134.069,-1.675],[134.078,-1.678],[134.077,-1.689],[134.088,-1.702],[134.084,-1.719],[134.102,-1.746],[134.102,-1.766]]]}},{"type":"Feature","properties":{"kode":"73.14","nama":"Sidenreng Rappang","prov":"Sulawesi Selatan","kota":false},"geometry":{"type":"Polygon","coordinates":[[[120.321,-3.647],[120.339,-3.678],[120.314,-3.684],[120.305,-3.701],[120.305,-3.723],[120.297,-3.725],[120.299,-3.705],[120.265,-3.677],[120.243,-3.675],[120.191,-3.644],[120.157,-3.642],[120.143,-3.683],[120.21,-3.723],[120.192,-3.773],[120.153,-3.765],[120.125,-3.813],[120.086,-3.792],[120.073,-3.823],[120.079,-3.847],[120.067,-3.846],[120.046,-3.871],[120.042,-3.9],[120.016,-3.939],[119.959,-3.939],[119.931,-3.929],[119.911,-3.934],[119.908,-3.969],[119.899,-3.974],[119.899,-3.992],[119.885,-4.013],[119.888,-4.044],[119.908,-4.069],[119.898,-4.076],[119.894,-4.109],[119.849,-4.099],[119.812,-4.111],[119.802,-4.13],[119.783,-4.125],[119.777,-4.132],[119.751,-4.127],[119.726,-4.098],[119.71,-4.067],[119.719,-4.045],[119.702,-4.034],[119.702,-4.02],[119.676,-4.006],[119.686,-3.99],[119.679,-3.991],[119.659,-3.966],[119.696,-3.917],[119.717,-3.908],[119.724,-3.895],[119.728,-3.861],[119.751,-3.814],[119.755,-3.796],[119.747,-3.783],[119.755,-3.768],[119.778,-3.738],[119.803,-3.733],[119.821,-3.752],[119.823,-3.767],[119.846,-3.779],[119.861,-3.811],[119.875,-3.819],[119.907,-3.823],[119.939,-3.803],[119.944,-3.81],[119.961,-3.804],[119.969,-3.789],[119.951,-3.779],[119.94,-3.761],[119.936,-3.712],[119.923,-3.686],[119.952,-3.66],[119.988,-3.663],[119.993,-3.657],[119.992,-3.63],[120.027,-3.596],[120.037,-3.547],[120.061,-3.537],[120.086,-3.494],[120.097,-3.488],[120.112,-3.509],[120.139,-3.523],[120.155,-3.524],[120.155,-3.518],[120.177,-3.508],[120.18,-3.543],[120.196,-3.579],[120.234,-3.584],[120.272,-3.612],[120.289,-3.641],[120.321,-3.647]]]}},{"type":"Feature","properties":{"kode":"63.11","nama":"Balangan","prov":"Kalimantan Selatan","kota":false},"geometry":{"type":"Polygon","coordinates":[[[115.695,-2.041],[115.721,-2.062],[115.782,-2.053],[115.802,-2.067],[115.808,-2.061],[115.814,-2.072],[115.814,-2.098],[115.8,-2.104],[115.796,-2.126],[115.792,-2.164],[115.797,-2.172],[115.786,-2.217],[115.811,-2.238],[115.81,-2.277],[115.833,-2.297],[115.817,-2.317],[115.832,-2.336],[115.835,-2.39],[115.821,-2.395],[115.791,-2.435],[115.795,-2.479],[115.782,-2.514],[115.751,-2.532],[115.68,-2.524],[115.657,-2.51],[115.603,-2.504],[115.59,-2.479],[115.571,-2.49],[115.572,-2.482],[115.545,-2.481],[115.531,-2.499],[115.526,-2.484],[115.499,-2.469],[115.443,-2.454],[115.431,-2.465],[115.314,-2.403],[115.319,-2.355],[115.356,-2.341],[115.357,-2.313],[115.348,-2.308],[115.36,-2.296],[115.405,-2.298],[115.442,-2.27],[115.458,-2.272],[115.478,-2.255],[115.475,-2.242],[115.492,-2.211],[115.551,-2.187],[115.567,-2.162],[115.62,-2.125],[115.617,-2.116],[115.64,-2.13],[115.656,-2.116],[115.67,-2.09],[115.688,-2.077],[115.695,-2.041]]]}},{"type":"Feature","properties":{"kode":"75.02","nama":"Boalemo","prov":"Gorontalo","kota":false},"geometry":{"type":"Polygon","coordinates":[[[122.636,0.535],[122.655,0.494],[122.642,0.476],[122.631,0.487],[122.594,0.495],[122.595,0.503],[122.579,0.493],[122.562,0.498],[122.567,0.514],[122.553,0.514],[122.558,0.5],[122.546,0.49],[122.544,0.504],[122.484,0.501],[122.451,0.508],[122.448,0.516],[122.436,0.5],[122.418,0.503],[122.397,0.52],[122.38,0.517],[122.367,0.503],[122.355,0.51],[122.349,0.504],[122.353,0.495],[122.342,0.494],[122.329,0.504],[122.327,0.492],[122.319,0.502],[122.281,0.475],[122.233,0.486],[122.202,0.474],[122.191,0.48],[122.168,0.47],[122.148,0.471],[122.148,0.48],[122.121,0.495],[122.127,0.667],[122.111,0.737],[122.101,0.902],[122.179,0.911],[122.199,0.898],[122.248,0.914],[122.255,0.863],[122.248,0.855],[122.261,0.843],[122.245,0.812],[122.252,0.795],[122.283,0.78],[122.319,0.796],[122.341,0.795],[122.409,0.758],[122.409,0.764],[122.431,0.755],[122.442,0.763],[122.45,0.754],[122.467,0.756],[122.481,0.739],[122.494,0.74],[122.5,0.733],[122.493,0.727],[122.507,0.709],[122.544,0.7],[122.571,0.659],[122.598,0.652],[122.612,0.606],[122.631,0.589],[122.638,0.563],[122.63,0.533],[122.636,0.535]]]}},{"type":"Feature","properties":{"kode":"11.10","nama":"Aceh Singkil","prov":"Aceh","kota":false},"geometry":{"type":"MultiPolygon","coordinates":[[[[97.113,2.115],[97.151,2.091],[97.161,2.069],[97.153,2.056],[97.121,2.041],[97.128,2.01],[97.115,2.005],[97.076,2.077],[97.078,2.087],[97.098,2.093],[97.098,2.113],[97.113,2.115]]],[[[97.169,2.236],[97.179,2.234],[97.182,2.222],[97.189,2.225],[97.192,2.204],[97.204,2.212],[97.208,2.205],[97.223,2.206],[97.236,2.235],[97.269,2.233],[97.275,2.225],[97.297,2.23],[97.305,2.205],[97.293,2.201],[97.316,2.172],[97.319,2.178],[97.331,2.172],[97.327,2.166],[97.341,2.154],[97.344,2.139],[97.337,2.134],[97.345,2.128],[97.334,2.118],[97.349,2.112],[97.346,2.107],[97.358,2.098],[97.354,2.083],[97.342,2.088],[97.348,2.076],[97.341,2.076],[97.341,2.066],[97.349,2.067],[97.339,2.034],[97.328,2.04],[97.341,2.055],[97.307,2.063],[97.285,2.101],[97.265,2.107],[97.26,2.136],[97.231,2.15],[97.236,2.166],[97.218,2.16],[97.206,2.183],[97.174,2.179],[97.149,2.201],[97.124,2.2],[97.113,2.216],[97.123,2.227],[97.16,2.224],[97.169,2.236]]],[[[98.077,2.575],[98.084,2.505],[98.147,2.424],[98.197,2.312],[98.186,2.294],[98.179,2.24],[98.163,2.231],[98.127,2.17],[98.083,2.204],[97.952,2.27],[97.913,2.272],[97.88,2.243],[97.832,2.265],[97.8,2.271],[97.786,2.231],[97.736,2.313],[97.665,2.395],[97.733,2.424],[97.791,2.5],[97.865,2.499],[97.865,2.527],[97.855,2.527],[97.855,2.565],[97.906,2.563],[98.007,2.583],[98.077,2.575]]]]}},{"type":"Feature","properties":{"kode":"73.06","nama":"Gowa","prov":"Sulawesi Selatan","kota":false},"geometry":{"type":"Polygon","coordinates":[[[119.971,-5.139],[119.973,-5.159],[120.005,-5.166],[120.031,-5.189],[120.023,-5.198],[119.99,-5.205],[119.998,-5.228],[119.981,-5.246],[119.974,-5.278],[119.957,-5.29],[119.929,-5.342],[119.938,-5.356],[119.93,-5.372],[119.937,-5.388],[119.908,-5.421],[119.873,-5.431],[119.841,-5.474],[119.833,-5.504],[119.818,-5.518],[119.804,-5.556],[119.78,-5.569],[119.732,-5.563],[119.705,-5.542],[119.701,-5.497],[119.69,-5.495],[119.672,-5.516],[119.661,-5.506],[119.665,-5.479],[119.654,-5.469],[119.633,-5.474],[119.626,-5.468],[119.627,-5.46],[119.639,-5.459],[119.652,-5.466],[119.643,-5.433],[119.627,-5.42],[119.641,-5.414],[119.646,-5.397],[119.635,-5.378],[119.618,-5.368],[119.618,-5.355],[119.6,-5.329],[119.587,-5.327],[119.581,-5.312],[119.572,-5.309],[119.57,-5.293],[119.547,-5.296],[119.543,-5.306],[119.523,-5.3],[119.504,-5.312],[119.502,-5.323],[119.481,-5.311],[119.455,-5.323],[119.456,-5.33],[119.475,-5.33],[119.451,-5.356],[119.447,-5.365],[119.455,-5.376],[119.44,-5.386],[119.44,-5.396],[119.428,-5.396],[119.424,-5.424],[119.434,-5.437],[119.412,-5.437],[119.421,-5.411],[119.407,-5.406],[119.373,-5.426],[119.365,-5.422],[119.369,-5.397],[119.398,-5.383],[119.391,-5.373],[119.4,-5.374],[119.404,-5.365],[119.394,-5.311],[119.376,-5.292],[119.404,-5.249],[119.414,-5.251],[119.416,-5.24],[119.404,-5.221],[119.411,-5.205],[119.395,-5.196],[119.401,-5.188],[119.41,-5.187],[119.415,-5.196],[119.46,-5.191],[119.464,-5.174],[119.494,-5.191],[119.516,-5.189],[119.512,-5.177],[119.519,-5.165],[119.548,-5.159],[119.565,-5.172],[119.58,-5.158],[119.599,-5.157],[119.605,-5.147],[119.607,-5.158],[119.624,-5.162],[119.638,-5.176],[119.682,-5.167],[119.72,-5.183],[119.749,-5.183],[119.763,-5.189],[119.774,-5.206],[119.799,-5.212],[119.831,-5.195],[119.864,-5.162],[119.856,-5.149],[119.87,-5.119],[119.858,-5.112],[119.864,-5.092],[119.887,-5.093],[119.922,-5.133],[119.939,-5.129],[119.971,-5.139]]]}},{"type":"Feature","properties":{"kode":"35.08","nama":"Lumajang","prov":"Jawa Timur","kota":false},"geometry":{"type":"Polygon","coordinates":[[[113.361,-8.028],[113.349,-8.055],[113.367,-8.085],[113.364,-8.104],[113.379,-8.158],[113.367,-8.168],[113.368,-8.185],[113.353,-8.204],[113.333,-8.208],[113.313,-8.229],[113.32,-8.265],[113.303,-8.307],[113.263,-8.29],[113.217,-8.283],[113.125,-8.291],[113.08,-8.287],[112.984,-8.321],[112.946,-8.354],[112.937,-8.31],[112.914,-8.282],[112.922,-8.239],[112.904,-8.192],[112.926,-8.11],[112.92,-8.088],[112.906,-8.082],[112.9,-8.062],[112.908,-8.042],[112.923,-8.032],[112.931,-8.012],[112.925,-8.001],[112.938,-7.999],[112.941,-7.982],[112.962,-7.984],[112.992,-7.962],[113.009,-7.963],[113.037,-7.982],[113.059,-8.01],[113.079,-7.984],[113.106,-7.984],[113.113,-7.995],[113.136,-7.976],[113.15,-7.98],[113.205,-7.927],[113.209,-7.9],[113.246,-7.907],[113.262,-7.899],[113.275,-7.925],[113.304,-7.925],[113.342,-7.944],[113.361,-8.028]]]}},{"type":"Feature","properties":{"kode":"53.17","nama":"Sumba Tengah","prov":"Nusa Tenggara Timur","kota":false},"geometry":{"type":"Polygon","coordinates":[[[119.675,-9.829],[119.69,-9.818],[119.684,-9.803],[119.674,-9.801],[119.678,-9.79],[119.671,-9.781],[119.653,-9.776],[119.646,-9.793],[119.621,-9.8],[119.616,-9.795],[119.628,-9.779],[119.626,-9.767],[119.618,-9.763],[119.595,-9.779],[119.583,-9.762],[119.567,-9.769],[119.553,-9.766],[119.545,-9.752],[119.537,-9.758],[119.546,-9.738],[119.533,-9.708],[119.541,-9.697],[119.489,-9.665],[119.496,-9.623],[119.482,-9.607],[119.495,-9.605],[119.498,-9.585],[119.515,-9.564],[119.52,-9.527],[119.516,-9.521],[119.486,-9.527],[119.466,-9.515],[119.455,-9.469],[119.432,-9.438],[119.426,-9.415],[119.407,-9.399],[119.415,-9.388],[119.403,-9.376],[119.477,-9.359],[119.53,-9.378],[119.586,-9.351],[119.631,-9.346],[119.686,-9.382],[119.761,-9.386],[119.773,-9.397],[119.797,-9.399],[119.865,-9.344],[119.876,-9.371],[119.909,-9.383],[119.912,-9.402],[119.899,-9.434],[119.925,-9.485],[119.911,-9.497],[119.909,-9.513],[119.889,-9.513],[119.875,-9.528],[119.875,-9.541],[119.858,-9.556],[119.853,-9.574],[119.842,-9.577],[119.84,-9.588],[119.853,-9.614],[119.845,-9.66],[119.823,-9.664],[119.819,-9.674],[119.773,-9.704],[119.756,-9.704],[119.741,-9.726],[119.748,-9.734],[119.725,-9.754],[119.691,-9.82],[119.675,-9.829]]]}},{"type":"Feature","properties":{"kode":"73.16","nama":"Enrekang","prov":"Sulawesi Selatan","kota":false},"geometry":{"type":"Polygon","coordinates":[[[120.041,-3.368],[120.025,-3.385],[120.04,-3.409],[120.06,-3.406],[120.075,-3.446],[120.1,-3.477],[120.097,-3.488],[120.086,-3.494],[120.061,-3.537],[120.037,-3.547],[120.027,-3.596],[119.992,-3.63],[119.996,-3.643],[119.988,-3.663],[119.952,-3.66],[119.923,-3.686],[119.936,-3.712],[119.94,-3.761],[119.951,-3.779],[119.969,-3.789],[119.961,-3.804],[119.944,-3.81],[119.939,-3.803],[119.907,-3.823],[119.875,-3.819],[119.861,-3.811],[119.846,-3.779],[119.823,-3.767],[119.816,-3.745],[119.757,-3.708],[119.765,-3.686],[119.749,-3.664],[119.74,-3.615],[119.724,-3.589],[119.727,-3.58],[119.717,-3.555],[119.7,-3.545],[119.702,-3.524],[119.693,-3.501],[119.706,-3.486],[119.686,-3.451],[119.695,-3.447],[119.697,-3.387],[119.717,-3.388],[119.723,-3.377],[119.716,-3.287],[119.729,-3.293],[119.77,-3.274],[119.776,-3.241],[119.784,-3.238],[119.815,-3.245],[119.818,-3.256],[119.829,-3.265],[119.841,-3.264],[119.85,-3.281],[119.861,-3.27],[119.878,-3.269],[119.88,-3.259],[119.906,-3.26],[119.923,-3.266],[119.934,-3.29],[119.98,-3.298],[119.988,-3.308],[119.996,-3.302],[120.005,-3.334],[120.041,-3.368]]]}},{"type":"Feature","properties":{"kode":"11.11","nama":"Bireuen","prov":"Aceh","kota":false},"geometry":{"type":"Polygon","coordinates":[[[96.907,5.251],[96.918,5.201],[96.89,5.175],[96.891,5.152],[96.878,5.137],[96.876,5.117],[96.834,5.089],[96.837,5.059],[96.82,5.038],[96.821,5.001],[96.813,4.976],[96.787,4.94],[96.779,4.952],[96.742,4.966],[96.712,4.964],[96.7,4.973],[96.666,4.96],[96.63,4.969],[96.539,4.936],[96.511,4.901],[96.481,4.889],[96.471,4.891],[96.464,4.914],[96.435,4.937],[96.403,4.941],[96.373,4.932],[96.365,4.942],[96.34,4.945],[96.326,4.966],[96.345,4.99],[96.346,5.015],[96.364,5.034],[96.365,5.046],[96.35,5.069],[96.355,5.091],[96.335,5.148],[96.343,5.226],[96.393,5.21],[96.467,5.237],[96.489,5.207],[96.532,5.198],[96.581,5.211],[96.641,5.214],[96.732,5.25],[96.827,5.275],[96.859,5.275],[96.878,5.25],[96.907,5.251]]]}},{"type":"Feature","properties":{"kode":"35.05","nama":"Blitar","prov":"Jawa Timur","kota":false},"geometry":{"type":"Polygon","coordinates":[[[112.453,-7.927],[112.478,-7.971],[112.468,-7.999],[112.475,-8.014],[112.454,-8.062],[112.453,-8.145],[112.431,-8.159],[112.389,-8.162],[112.367,-8.175],[112.367,-8.184],[112.383,-8.191],[112.389,-8.215],[112.389,-8.233],[112.379,-8.238],[112.388,-8.285],[112.371,-8.313],[112.36,-8.348],[112.339,-8.342],[112.335,-8.333],[112.323,-8.332],[112.315,-8.342],[112.296,-8.331],[112.274,-8.338],[112.266,-8.349],[112.255,-8.343],[112.242,-8.347],[112.221,-8.342],[112.22,-8.327],[112.169,-8.32],[112.156,-8.329],[112.14,-8.315],[112.13,-8.325],[112.123,-8.315],[112.065,-8.322],[112.03,-8.318],[112.034,-8.301],[112.025,-8.288],[112.031,-8.263],[112.023,-8.244],[112.029,-8.169],[112.051,-8.18],[112.064,-8.177],[112.067,-8.187],[112.079,-8.188],[112.105,-8.158],[112.115,-8.159],[112.121,-8.125],[112.097,-8.112],[112.079,-8.119],[111.997,-8.092],[111.989,-8.076],[111.995,-8.059],[111.972,-8.043],[111.956,-7.998],[111.974,-8.011],[111.978,-7.998],[112.014,-8.002],[112.036,-7.993],[112.091,-7.992],[112.096,-7.97],[112.178,-7.974],[112.25,-7.945],[112.299,-7.939],[112.311,-7.928],[112.371,-7.957],[112.409,-7.949],[112.434,-7.93],[112.453,-7.927]]]}},{"type":"Feature","properties":{"kode":"11.09","nama":"Simeulue","prov":"Aceh","kota":false},"geometry":{"type":"MultiPolygon","coordinates":[[[[96.65,2.125],[96.677,2.113],[96.689,2.091],[96.678,2.075],[96.645,2.058],[96.618,2.076],[96.611,2.104],[96.625,2.121],[96.65,2.125]]],[[[96.626,2.189],[96.662,2.166],[96.652,2.151],[96.637,2.151],[96.61,2.178],[96.609,2.184],[96.626,2.189]]],[[[95.802,2.93],[95.802,2.909],[95.82,2.912],[95.822,2.902],[95.834,2.902],[95.835,2.912],[95.872,2.913],[95.905,2.895],[95.918,2.869],[95.914,2.86],[95.909,2.848],[95.883,2.873],[95.874,2.871],[95.868,2.85],[95.887,2.843],[95.88,2.83],[95.904,2.824],[95.915,2.845],[95.931,2.825],[95.976,2.812],[95.982,2.789],[96.001,2.785],[96.008,2.767],[96.026,2.757],[96.084,2.756],[96.082,2.731],[96.092,2.749],[96.126,2.728],[96.111,2.728],[96.118,2.71],[96.127,2.701],[96.143,2.711],[96.147,2.704],[96.134,2.683],[96.117,2.692],[96.1,2.679],[96.105,2.651],[96.099,2.649],[96.108,2.636],[96.124,2.634],[96.128,2.644],[96.144,2.648],[96.143,2.638],[96.159,2.641],[96.177,2.617],[96.191,2.617],[96.181,2.656],[96.171,2.668],[96.183,2.665],[96.188,2.651],[96.219,2.633],[96.222,2.624],[96.239,2.619],[96.252,2.587],[96.346,2.546],[96.34,2.522],[96.365,2.515],[96.362,2.505],[96.37,2.487],[96.383,2.481],[96.385,2.465],[96.403,2.455],[96.407,2.46],[96.402,2.51],[96.409,2.512],[96.425,2.478],[96.428,2.491],[96.453,2.476],[96.472,2.449],[96.467,2.437],[96.49,2.409],[96.476,2.399],[96.492,2.387],[96.498,2.363],[96.481,2.344],[96.444,2.328],[96.409,2.331],[96.387,2.349],[96.364,2.338],[96.345,2.341],[96.314,2.36],[96.335,2.374],[96.336,2.389],[96.313,2.387],[96.32,2.405],[96.312,2.421],[96.228,2.442],[96.215,2.466],[96.187,2.489],[96.171,2.49],[96.161,2.512],[96.138,2.515],[96.118,2.541],[96.084,2.558],[96.08,2.567],[96.063,2.57],[96.059,2.563],[96.05,2.578],[96.016,2.59],[96.004,2.587],[95.997,2.567],[95.995,2.582],[95.981,2.588],[95.966,2.585],[95.955,2.57],[95.942,2.572],[95.917,2.599],[95.885,2.604],[95.889,2.621],[95.863,2.638],[95.845,2.637],[95.839,2.622],[95.818,2.648],[95.804,2.639],[95.803,2.628],[95.797,2.63],[95.785,2.682],[95.755,2.7],[95.763,2.715],[95.751,2.72],[95.751,2.73],[95.725,2.739],[95.735,2.756],[95.726,2.76],[95.702,2.749],[95.692,2.774],[95.717,2.809],[95.719,2.825],[95.735,2.832],[95.777,2.823],[95.792,2.832],[95.795,2.841],[95.766,2.847],[95.763,2.879],[95.787,2.926],[95.802,2.93]]]]}},{"type":"Feature","properties":{"kode":"71.11","nama":"Bolaang Mongondow Selatan","prov":"Sulawesi Utara","kota":false},"geometry":{"type":"Polygon","coordinates":[[[124.338,0.615],[124.375,0.598],[124.382,0.581],[124.419,0.565],[124.44,0.566],[124.436,0.534],[124.46,0.518],[124.469,0.498],[124.466,0.477],[124.476,0.467],[124.45,0.466],[124.453,0.445],[124.421,0.455],[124.372,0.441],[124.359,0.443],[124.357,0.453],[124.353,0.447],[124.343,0.45],[124.338,0.439],[124.324,0.446],[124.318,0.418],[124.304,0.428],[124.271,0.428],[124.288,0.407],[124.244,0.399],[124.232,0.389],[124.224,0.395],[124.219,0.384],[124.212,0.398],[124.194,0.398],[124.081,0.388],[124.052,0.365],[124.046,0.377],[124.035,0.369],[123.999,0.376],[123.98,0.37],[123.977,0.359],[123.946,0.363],[123.923,0.353],[123.92,0.345],[123.916,0.351],[123.893,0.35],[123.86,0.328],[123.808,0.335],[123.798,0.317],[123.779,0.312],[123.737,0.324],[123.707,0.319],[123.679,0.297],[123.651,0.305],[123.635,0.303],[123.631,0.293],[123.62,0.295],[123.613,0.309],[123.59,0.309],[123.575,0.322],[123.546,0.323],[123.492,0.307],[123.474,0.32],[123.482,0.323],[123.48,0.353],[123.494,0.357],[123.498,0.382],[123.55,0.434],[123.548,0.442],[123.525,0.457],[123.523,0.49],[123.546,0.496],[123.552,0.511],[123.526,0.544],[123.537,0.579],[123.565,0.578],[123.586,0.586],[123.608,0.562],[123.631,0.564],[123.643,0.574],[123.682,0.563],[123.709,0.571],[123.72,0.526],[123.71,0.505],[123.69,0.486],[123.698,0.457],[123.713,0.467],[123.737,0.466],[123.777,0.455],[123.792,0.441],[123.826,0.444],[123.86,0.459],[123.93,0.431],[123.969,0.466],[123.99,0.464],[124.025,0.478],[124.033,0.493],[124.046,0.497],[124.048,0.511],[124.063,0.519],[124.074,0.514],[124.113,0.527],[124.116,0.539],[124.145,0.56],[124.161,0.562],[124.168,0.555],[124.181,0.539],[124.178,0.525],[124.218,0.537],[124.233,0.51],[124.248,0.515],[124.239,0.542],[124.254,0.544],[124.256,0.527],[124.294,0.532],[124.3,0.543],[124.32,0.546],[124.31,0.568],[124.299,0.563],[124.302,0.572],[124.321,0.584],[124.338,0.615]]]}},{"type":"Feature","properties":{"kode":"82.05","nama":"Kepulauan Sula","prov":"Maluku Utara","kota":false},"geometry":{"type":"MultiPolygon","coordinates":[[[[125.899,-1.983],[125.938,-1.978],[125.957,-1.989],[125.992,-2.028],[125.993,-2.046],[125.982,-2.055],[125.962,-2.114],[125.958,-2.161],[126.073,-2.423],[126.073,-2.445],[126.046,-2.477],[125.992,-2.441],[125.976,-2.417],[125.962,-2.377],[125.959,-2.326],[125.881,-2.212],[125.887,-2.17],[125.88,-2.137],[125.857,-2.091],[125.859,-2.059],[125.899,-1.983]]],[[[126.457,-1.801],[126.447,-1.808],[126.467,-1.804],[126.464,-1.819],[126.484,-1.819],[126.479,-1.833],[126.449,-1.838],[126.413,-1.828],[126.383,-1.838],[126.383,-1.83],[126.374,-1.827],[126.351,-1.828],[126.457,-1.801]]],[[[125.41,-1.778],[125.412,-1.798],[125.428,-1.809],[125.45,-1.8],[125.458,-1.778],[125.48,-1.78],[125.486,-1.788],[125.472,-1.801],[125.488,-1.809],[125.486,-1.818],[125.502,-1.821],[125.508,-1.81],[125.517,-1.813],[125.515,-1.805],[125.521,-1.802],[125.525,-1.811],[125.526,-1.798],[125.538,-1.787],[125.542,-1.812],[125.551,-1.802],[125.591,-1.815],[125.598,-1.808],[125.611,-1.821],[125.623,-1.813],[125.629,-1.828],[125.637,-1.83],[125.649,-1.821],[125.69,-1.824],[125.698,-1.83],[125.713,-1.817],[125.726,-1.827],[125.73,-1.816],[125.749,-1.807],[125.754,-1.815],[125.755,-1.807],[125.78,-1.809],[125.779,-1.8],[125.815,-1.811],[125.832,-1.803],[125.873,-1.807],[125.884,-1.796],[125.914,-1.793],[126.131,-1.812],[126.197,-1.804],[126.208,-1.815],[126.267,-1.815],[126.305,-1.829],[126.332,-1.812],[126.349,-1.816],[126.339,-1.818],[126.323,-1.841],[126.274,-1.857],[126.246,-1.879],[126.208,-1.867],[126.138,-1.891],[126.089,-1.879],[125.985,-1.916],[125.948,-1.921],[125.918,-1.939],[125.843,-1.895],[125.794,-1.913],[125.784,-1.928],[125.769,-1.921],[125.759,-1.929],[125.577,-1.929],[125.517,-1.949],[125.489,-1.934],[125.423,-1.95],[125.418,-1.944],[125.44,-1.928],[125.433,-1.915],[125.436,-1.888],[125.399,-1.873],[125.391,-1.859],[125.388,-1.867],[125.375,-1.863],[125.371,-1.846],[125.359,-1.885],[125.346,-1.888],[125.333,-1.876],[125.329,-1.858],[125.328,-1.834],[125.341,-1.813],[125.353,-1.805],[125.375,-1.807],[125.373,-1.799],[125.357,-1.795],[125.366,-1.781],[125.41,-1.778]]]]}},{"type":"Feature","properties":{"kode":"35.24","nama":"Lamongan","prov":"Jawa Timur","kota":false},"geometry":{"type":"Polygon","coordinates":[[[112.423,-6.864],[112.448,-6.884],[112.424,-6.911],[112.43,-6.93],[112.423,-6.947],[112.406,-6.96],[112.377,-6.953],[112.367,-6.988],[112.39,-6.986],[112.43,-7.003],[112.453,-7.001],[112.449,-7.012],[112.455,-7.016],[112.479,-7.003],[112.484,-7.011],[112.512,-7.013],[112.497,-7.024],[112.502,-7.034],[112.518,-7.046],[112.524,-7.039],[112.541,-7.053],[112.547,-7.048],[112.552,-7.052],[112.532,-7.082],[112.536,-7.095],[112.517,-7.107],[112.501,-7.107],[112.488,-7.129],[112.476,-7.126],[112.47,-7.159],[112.506,-7.164],[112.501,-7.192],[112.456,-7.207],[112.435,-7.229],[112.415,-7.235],[112.399,-7.265],[112.412,-7.275],[112.41,-7.305],[112.389,-7.322],[112.357,-7.329],[112.346,-7.345],[112.308,-7.352],[112.313,-7.365],[112.306,-7.358],[112.275,-7.357],[112.25,-7.363],[112.211,-7.349],[112.106,-7.383],[112.082,-7.383],[112.088,-7.358],[112.073,-7.333],[112.09,-7.298],[112.092,-7.267],[112.084,-7.26],[112.09,-7.228],[112.109,-7.223],[112.14,-7.157],[112.15,-7.159],[112.166,-7.117],[112.154,-7.12],[112.152,-7.109],[112.179,-7.097],[112.184,-7.089],[112.174,-7.086],[112.179,-7.076],[112.189,-7.084],[112.219,-7.069],[112.219,-7.036],[112.203,-7.029],[112.214,-7.009],[112.203,-6.918],[112.18,-6.913],[112.171,-6.897],[112.223,-6.873],[112.271,-6.877],[112.288,-6.868],[112.31,-6.872],[112.331,-6.862],[112.343,-6.87],[112.358,-6.864],[112.388,-6.876],[112.423,-6.864]]]}},{"type":"Feature","properties":{"kode":"53.06","nama":"Flores Timur","prov":"Nusa Tenggara Timur","kota":false},"geometry":{"type":"MultiPolygon","coordinates":[[[[123.146,-8.424],[123.163,-8.431],[123.168,-8.441],[123.149,-8.461],[123.117,-8.467],[123.066,-8.491],[123.051,-8.492],[123.022,-8.476],[122.976,-8.515],[122.936,-8.596],[122.909,-8.611],[122.886,-8.609],[122.87,-8.584],[122.885,-8.524],[122.945,-8.493],[122.952,-8.46],[122.976,-8.436],[122.997,-8.436],[123.022,-8.449],[123.037,-8.436],[123.116,-8.436],[123.146,-8.424]]],[[[123.211,-8.225],[123.215,-8.242],[123.245,-8.228],[123.276,-8.25],[123.3,-8.246],[123.334,-8.264],[123.323,-8.285],[123.305,-8.296],[123.308,-8.36],[123.295,-8.388],[123.23,-8.396],[123.217,-8.387],[123.179,-8.385],[123.13,-8.391],[123.11,-8.402],[123.077,-8.403],[123.07,-8.412],[123.053,-8.398],[123.001,-8.411],[122.999,-8.369],[123.029,-8.312],[123.081,-8.275],[123.109,-8.265],[123.142,-8.234],[123.183,-8.24],[123.196,-8.225],[123.211,-8.225]]],[[[122.654,-8.637],[122.649,-8.617],[122.656,-8.563],[122.666,-8.518],[122.687,-8.485],[122.674,-8.46],[122.684,-8.443],[122.684,-8.422],[122.677,-8.414],[122.683,-8.384],[122.736,-8.358],[122.766,-8.363],[122.789,-8.317],[122.812,-8.298],[122.884,-8.287],[122.912,-8.218],[122.94,-8.2],[122.938,-8.193],[122.922,-8.195],[122.901,-8.179],[122.866,-8.176],[122.859,-8.186],[122.85,-8.189],[122.848,-8.182],[122.809,-8.198],[122.788,-8.236],[122.762,-8.225],[122.755,-8.23],[122.731,-8.225],[122.731,-8.217],[122.76,-8.194],[122.761,-8.179],[122.785,-8.149],[122.778,-8.136],[122.783,-8.108],[122.831,-8.096],[122.844,-8.07],[122.85,-8.075],[122.866,-8.063],[122.893,-8.088],[122.969,-8.13],[122.971,-8.175],[122.962,-8.195],[122.98,-8.216],[122.983,-8.251],[123.018,-8.281],[123.021,-8.315],[122.983,-8.347],[122.963,-8.352],[122.93,-8.328],[122.914,-8.328],[122.878,-8.384],[122.893,-8.42],[122.89,-8.447],[122.872,-8.455],[122.829,-8.438],[122.829,-8.432],[122.814,-8.434],[122.811,-8.426],[122.788,-8.423],[122.779,-8.458],[122.79,-8.484],[122.832,-8.518],[122.844,-8.547],[122.845,-8.562],[122.831,-8.59],[122.775,-8.612],[122.737,-8.608],[122.727,-8.62],[122.728,-8.633],[122.677,-8.622],[122.654,-8.637]]]]}},{"type":"Feature","properties":{"kode":"33.29","nama":"Brebes","prov":"Jawa Tengah","kota":false},"geometry":{"type":"Polygon","coordinates":[[[109.102,-6.84],[109.076,-6.875],[109.075,-6.912],[109.082,-6.927],[109.071,-6.973],[109.074,-6.993],[109.066,-6.975],[109.03,-6.988],[109.019,-7.024],[109.025,-7.044],[109.016,-7.048],[109.004,-7.041],[108.988,-7.061],[108.969,-7.06],[108.986,-7.096],[108.984,-7.111],[108.979,-7.12],[108.952,-7.123],[108.953,-7.129],[108.968,-7.151],[108.976,-7.138],[108.993,-7.136],[109.056,-7.15],[109.061,-7.124],[109.075,-7.13],[109.084,-7.148],[109.058,-7.192],[109.116,-7.214],[109.141,-7.238],[109.153,-7.242],[109.179,-7.233],[109.197,-7.25],[109.163,-7.271],[109.147,-7.266],[109.135,-7.276],[109.124,-7.275],[109.129,-7.284],[109.115,-7.295],[109.087,-7.295],[109.063,-7.339],[109.047,-7.339],[109.035,-7.351],[109.039,-7.34],[109.026,-7.327],[109.014,-7.335],[109.011,-7.329],[109.003,-7.335],[108.957,-7.336],[108.945,-7.309],[108.934,-7.321],[108.922,-7.313],[108.911,-7.302],[108.911,-7.289],[108.897,-7.286],[108.893,-7.276],[108.864,-7.271],[108.857,-7.24],[108.818,-7.231],[108.815,-7.203],[108.79,-7.21],[108.775,-7.199],[108.724,-7.195],[108.718,-7.179],[108.697,-7.167],[108.695,-7.152],[108.726,-7.115],[108.767,-7.114],[108.778,-7.096],[108.774,-7.084],[108.785,-7.057],[108.776,-7.043],[108.778,-7.035],[108.791,-7.032],[108.795,-7.018],[108.792,-7.003],[108.758,-6.985],[108.763,-6.942],[108.754,-6.918],[108.765,-6.894],[108.793,-6.879],[108.825,-6.832],[108.831,-6.785],[108.848,-6.819],[108.865,-6.808],[108.946,-6.824],[108.969,-6.806],[109.006,-6.805],[109.022,-6.793],[109.044,-6.803],[109.044,-6.791],[109.053,-6.79],[109.066,-6.758],[109.067,-6.783],[109.073,-6.774],[109.081,-6.779],[109.068,-6.809],[109.102,-6.84]]]}},{"type":"Feature","properties":{"kode":"32.04","nama":"Bandung","prov":"Jawa Barat","kota":false},"geometry":{"type":"Polygon","coordinates":[[[107.915,-6.953],[107.916,-6.968],[107.889,-6.982],[107.906,-6.99],[107.91,-7.036],[107.936,-7.036],[107.933,-7.044],[107.924,-7.053],[107.892,-7.051],[107.849,-7.059],[107.835,-7.069],[107.834,-7.09],[107.811,-7.098],[107.807,-7.143],[107.788,-7.162],[107.765,-7.156],[107.736,-7.174],[107.721,-7.198],[107.725,-7.211],[107.706,-7.238],[107.71,-7.248],[107.738,-7.264],[107.737,-7.276],[107.722,-7.289],[107.731,-7.295],[107.727,-7.298],[107.716,-7.299],[107.695,-7.283],[107.666,-7.301],[107.655,-7.291],[107.612,-7.31],[107.605,-7.308],[107.599,-7.283],[107.582,-7.277],[107.557,-7.252],[107.546,-7.258],[107.534,-7.248],[107.525,-7.256],[107.501,-7.25],[107.492,-7.258],[107.446,-7.244],[107.421,-7.257],[107.353,-7.236],[107.356,-7.218],[107.343,-7.204],[107.331,-7.207],[107.32,-7.191],[107.305,-7.194],[107.306,-7.204],[107.291,-7.213],[107.251,-7.201],[107.272,-7.169],[107.275,-7.18],[107.304,-7.165],[107.31,-7.125],[107.331,-7.098],[107.348,-7.099],[107.359,-7.09],[107.372,-7.103],[107.381,-7.093],[107.392,-7.099],[107.422,-7.075],[107.425,-7.051],[107.475,-7.051],[107.481,-7.022],[107.47,-6.999],[107.478,-6.995],[107.486,-7.0],[107.488,-6.98],[107.505,-6.981],[107.531,-6.94],[107.522,-6.936],[107.528,-6.917],[107.544,-6.919],[107.561,-6.949],[107.583,-6.962],[107.694,-6.97],[107.716,-6.961],[107.713,-6.947],[107.74,-6.902],[107.717,-6.899],[107.708,-6.89],[107.704,-6.907],[107.696,-6.907],[107.663,-6.884],[107.656,-6.894],[107.629,-6.881],[107.624,-6.862],[107.661,-6.832],[107.69,-6.83],[107.703,-6.84],[107.725,-6.833],[107.75,-6.813],[107.741,-6.855],[107.759,-6.898],[107.753,-6.954],[107.842,-6.97],[107.89,-6.964],[107.9,-6.953],[107.915,-6.953]]]}},{"type":"Feature","properties":{"kode":"52.07","nama":"Sumbawa Barat","prov":"Nusa Tenggara Barat","kota":false},"geometry":{"type":"Polygon","coordinates":[[[116.873,-8.529],[116.876,-8.541],[116.915,-8.573],[116.921,-8.592],[116.936,-8.591],[116.935,-8.606],[116.961,-8.605],[116.971,-8.617],[116.995,-8.616],[117.042,-8.672],[117.065,-8.675],[117.09,-8.703],[117.08,-8.726],[117.09,-8.76],[117.051,-8.795],[117.041,-8.791],[117.035,-8.8],[117.063,-8.807],[117.085,-8.826],[117.073,-8.857],[117.061,-8.862],[117.065,-8.876],[117.054,-8.889],[117.064,-8.9],[117.084,-8.903],[117.088,-8.931],[117.085,-8.944],[117.074,-8.942],[117.062,-8.953],[117.07,-8.971],[117.062,-9.013],[117.067,-9.035],[117.039,-9.105],[117.009,-9.106],[117.004,-9.093],[116.97,-9.079],[116.942,-9.053],[116.898,-9.065],[116.839,-9.041],[116.833,-9.046],[116.81,-9.033],[116.789,-9.036],[116.739,-8.997],[116.73,-9.003],[116.737,-8.979],[116.731,-8.972],[116.716,-8.973],[116.716,-8.966],[116.737,-8.955],[116.735,-8.938],[116.751,-8.921],[116.725,-8.91],[116.73,-8.895],[116.749,-8.899],[116.752,-8.89],[116.739,-8.883],[116.735,-8.866],[116.757,-8.864],[116.771,-8.848],[116.767,-8.835],[116.791,-8.82],[116.808,-8.824],[116.814,-8.809],[116.809,-8.785],[116.793,-8.766],[116.781,-8.775],[116.784,-8.753],[116.766,-8.741],[116.772,-8.726],[116.781,-8.728],[116.786,-8.721],[116.773,-8.674],[116.759,-8.675],[116.749,-8.664],[116.764,-8.654],[116.788,-8.59],[116.815,-8.58],[116.833,-8.557],[116.819,-8.518],[116.831,-8.515],[116.843,-8.539],[116.873,-8.529]]]}},{"type":"Feature","properties":{"kode":"53.09","nama":"Ngada","prov":"Nusa Tenggara Timur","kota":false},"geometry":{"type":"Polygon","coordinates":[[[121.173,-8.441],[121.18,-8.46],[121.162,-8.48],[121.192,-8.505],[121.192,-8.526],[121.186,-8.536],[121.162,-8.536],[121.158,-8.547],[121.143,-8.551],[121.13,-8.594],[121.141,-8.605],[121.141,-8.63],[121.133,-8.643],[121.109,-8.646],[121.101,-8.662],[121.109,-8.682],[121.125,-8.685],[121.128,-8.702],[121.111,-8.716],[121.117,-8.741],[121.104,-8.75],[121.14,-8.843],[121.123,-8.85],[121.115,-8.875],[121.139,-8.898],[121.03,-8.956],[121.001,-8.956],[120.932,-8.933],[120.873,-8.887],[120.849,-8.834],[120.811,-8.83],[120.824,-8.821],[120.834,-8.789],[120.841,-8.791],[120.844,-8.763],[120.856,-8.748],[120.845,-8.707],[120.875,-8.697],[120.891,-8.65],[120.884,-8.644],[120.889,-8.629],[120.88,-8.6],[120.857,-8.569],[120.848,-8.51],[120.893,-8.497],[120.924,-8.471],[120.911,-8.453],[120.929,-8.422],[120.913,-8.41],[120.914,-8.394],[120.917,-8.382],[120.935,-8.373],[120.926,-8.354],[120.93,-8.351],[120.94,-8.348],[120.946,-8.371],[120.957,-8.369],[120.943,-8.346],[120.986,-8.353],[120.981,-8.366],[120.974,-8.371],[120.963,-8.364],[120.963,-8.37],[120.976,-8.383],[120.985,-8.376],[120.99,-8.392],[121.015,-8.398],[121.022,-8.415],[121.075,-8.413],[121.104,-8.425],[121.145,-8.43],[121.165,-8.445],[121.173,-8.441]]]}},{"type":"Feature","properties":{"kode":"74.10","nama":"Buton Utara","prov":"Sulawesi Tenggara","kota":false},"geometry":{"type":"MultiPolygon","coordinates":[[[[123.085,-4.795],[123.118,-4.799],[123.114,-4.847],[123.1,-4.849],[123.102,-4.84],[123.094,-4.835],[123.097,-4.849],[123.085,-4.853],[123.083,-4.847],[123.078,-4.851],[123.064,-4.84],[123.058,-4.848],[123.034,-4.833],[123.039,-4.823],[123.057,-4.827],[123.045,-4.815],[123.085,-4.795]]],[[[122.95,-5.147],[122.904,-5.122],[122.886,-5.122],[122.881,-5.113],[122.853,-5.11],[122.832,-5.074],[122.85,-5.038],[122.857,-5.041],[122.865,-5.027],[122.873,-5.032],[122.891,-5.011],[122.884,-4.954],[122.893,-4.939],[122.889,-4.919],[122.912,-4.883],[122.916,-4.845],[122.914,-4.829],[122.901,-4.82],[122.88,-4.777],[122.897,-4.736],[122.901,-4.673],[122.923,-4.656],[122.928,-4.61],[122.892,-4.61],[122.89,-4.605],[122.86,-4.62],[122.848,-4.592],[122.868,-4.546],[122.868,-4.526],[122.879,-4.518],[122.879,-4.505],[122.908,-4.46],[122.993,-4.394],[123.014,-4.392],[123.042,-4.37],[123.08,-4.367],[123.078,-4.402],[123.055,-4.412],[123.046,-4.425],[123.072,-4.434],[123.079,-4.458],[123.106,-4.46],[123.114,-4.483],[123.118,-4.475],[123.138,-4.482],[123.147,-4.513],[123.18,-4.556],[123.201,-4.609],[123.208,-4.612],[123.205,-4.623],[123.193,-4.62],[123.184,-4.634],[123.19,-4.646],[123.183,-4.643],[123.186,-4.66],[123.177,-4.671],[123.187,-4.671],[123.19,-4.685],[123.199,-4.684],[123.191,-4.664],[123.202,-4.658],[123.211,-4.698],[123.202,-4.777],[123.214,-4.826],[123.213,-4.859],[123.205,-4.867],[123.174,-4.838],[123.168,-4.793],[123.176,-4.771],[123.132,-4.755],[123.147,-4.741],[123.146,-4.734],[123.123,-4.716],[123.113,-4.696],[123.107,-4.715],[123.115,-4.731],[123.103,-4.735],[123.102,-4.757],[123.11,-4.772],[123.101,-4.794],[123.077,-4.791],[123.084,-4.759],[123.079,-4.749],[123.076,-4.756],[123.065,-4.753],[123.055,-4.769],[123.031,-4.749],[123.024,-4.765],[123.04,-4.801],[122.994,-4.826],[123.009,-4.882],[123.007,-4.92],[123.0,-4.939],[122.969,-4.953],[122.952,-5.019],[122.955,-5.029],[122.97,-5.029],[122.98,-5.06],[122.969,-5.091],[122.974,-5.115],[122.95,-5.147]]]]}},{"type":"Feature","properties":{"kode":"35.13","nama":"Probolinggo","prov":"Jawa Timur","kota":false},"geometry":{"type":"Polygon","coordinates":[[[113.598,-7.715],[113.579,-7.726],[113.573,-7.742],[113.576,-7.756],[113.598,-7.771],[113.604,-7.798],[113.593,-7.804],[113.612,-7.824],[113.603,-7.843],[113.626,-7.917],[113.611,-7.948],[113.644,-7.973],[113.629,-7.976],[113.613,-7.991],[113.595,-7.976],[113.591,-7.983],[113.563,-7.983],[113.559,-7.995],[113.533,-8.009],[113.48,-7.997],[113.476,-8.025],[113.465,-8.027],[113.391,-7.997],[113.379,-8.021],[113.361,-8.028],[113.342,-7.944],[113.304,-7.925],[113.275,-7.925],[113.262,-7.899],[113.246,-7.907],[113.209,-7.9],[113.205,-7.927],[113.15,-7.98],[113.136,-7.976],[113.113,-7.995],[113.106,-7.984],[113.079,-7.984],[113.059,-8.01],[113.037,-7.982],[113.009,-7.963],[112.992,-7.962],[112.976,-7.979],[112.95,-7.987],[112.941,-7.982],[112.945,-7.975],[112.926,-7.966],[112.953,-7.943],[112.957,-7.918],[112.948,-7.908],[112.956,-7.899],[112.968,-7.9],[112.971,-7.887],[113.047,-7.82],[113.055,-7.748],[113.1,-7.702],[113.108,-7.721],[113.142,-7.727],[113.15,-7.739],[113.168,-7.738],[113.168,-7.728],[113.176,-7.725],[113.18,-7.744],[113.17,-7.754],[113.164,-7.779],[113.183,-7.791],[113.179,-7.81],[113.2,-7.812],[113.205,-7.804],[113.205,-7.813],[113.216,-7.82],[113.241,-7.798],[113.237,-7.739],[113.255,-7.743],[113.269,-7.772],[113.287,-7.784],[113.304,-7.769],[113.326,-7.776],[113.345,-7.771],[113.381,-7.737],[113.392,-7.743],[113.438,-7.734],[113.486,-7.699],[113.545,-7.713],[113.577,-7.707],[113.598,-7.715]]]}},{"type":"Feature","properties":{"kode":"63.06","nama":"Hulu Sungai Selatan","prov":"Kalimantan Selatan","kota":false},"geometry":{"type":"Polygon","coordinates":[[[115.155,-2.555],[115.175,-2.558],[115.157,-2.568],[115.17,-2.6],[115.158,-2.611],[115.175,-2.638],[115.189,-2.632],[115.231,-2.683],[115.292,-2.691],[115.295,-2.7],[115.326,-2.696],[115.378,-2.746],[115.409,-2.758],[115.409,-2.766],[115.422,-2.769],[115.423,-2.776],[115.444,-2.78],[115.486,-2.728],[115.488,-2.734],[115.502,-2.728],[115.548,-2.729],[115.575,-2.712],[115.591,-2.716],[115.598,-2.721],[115.592,-2.754],[115.57,-2.815],[115.556,-2.831],[115.543,-2.834],[115.512,-2.885],[115.462,-2.872],[115.445,-2.889],[115.437,-2.884],[115.414,-2.893],[115.382,-2.882],[115.375,-2.894],[115.385,-2.904],[115.381,-2.916],[115.344,-2.937],[115.302,-2.922],[115.296,-2.933],[115.266,-2.93],[115.232,-2.868],[115.218,-2.875],[115.188,-2.87],[115.176,-2.856],[115.095,-2.829],[115.069,-2.845],[115.063,-2.834],[115.074,-2.786],[115.025,-2.78],[114.997,-2.756],[114.865,-2.528],[114.92,-2.521],[114.925,-2.504],[114.955,-2.51],[114.999,-2.499],[115.135,-2.54],[115.161,-2.552],[115.155,-2.555]]]}},{"type":"Feature","properties":{"kode":"82.72","nama":"Kota Tidore Kepulauan","prov":"Maluku Utara","kota":true},"geometry":{"type":"MultiPolygon","coordinates":[[[[127.406,0.757],[127.409,0.748],[127.447,0.746],[127.46,0.716],[127.448,0.654],[127.429,0.629],[127.402,0.622],[127.379,0.631],[127.367,0.647],[127.362,0.678],[127.386,0.726],[127.385,0.747],[127.406,0.757]]],[[[127.731,0.76],[127.758,0.751],[127.768,0.707],[127.783,0.693],[127.792,0.631],[127.81,0.615],[127.81,0.599],[127.832,0.572],[127.823,0.567],[127.826,0.543],[127.807,0.526],[127.812,0.522],[127.804,0.508],[127.806,0.49],[127.796,0.482],[127.784,0.488],[127.778,0.483],[127.769,0.455],[127.775,0.413],[127.806,0.374],[127.799,0.317],[127.82,0.273],[127.797,0.25],[127.823,0.21],[127.805,0.19],[127.788,0.155],[127.799,0.132],[127.796,-0.024],[127.698,0.007],[127.722,0.072],[127.713,0.103],[127.689,0.103],[127.701,0.13],[127.692,0.146],[127.697,0.188],[127.716,0.265],[127.734,0.302],[127.722,0.341],[127.707,0.352],[127.692,0.345],[127.677,0.35],[127.658,0.344],[127.649,0.358],[127.623,0.359],[127.622,0.396],[127.595,0.402],[127.579,0.414],[127.562,0.515],[127.527,0.553],[127.537,0.574],[127.53,0.613],[127.541,0.632],[127.54,0.655],[127.551,0.682],[127.547,0.729],[127.559,0.741],[127.602,0.76],[127.599,0.772],[127.618,0.789],[127.636,0.77],[127.663,0.775],[127.682,0.758],[127.731,0.76]]]]}},{"type":"Feature","properties":{"kode":"75.05","nama":"Gorontalo Utara","prov":"Gorontalo","kota":false},"geometry":{"type":"Polygon","coordinates":[[[123.119,0.926],[123.112,0.915],[123.119,0.896],[123.138,0.879],[123.206,0.857],[123.271,0.803],[123.269,0.768],[123.249,0.748],[123.214,0.762],[123.167,0.752],[123.157,0.774],[123.134,0.766],[123.124,0.788],[123.073,0.806],[123.038,0.782],[123.006,0.783],[122.975,0.747],[122.976,0.726],[122.949,0.712],[122.93,0.712],[122.921,0.692],[122.906,0.703],[122.907,0.731],[122.891,0.751],[122.88,0.751],[122.882,0.759],[122.849,0.762],[122.825,0.746],[122.81,0.761],[122.785,0.76],[122.782,0.77],[122.756,0.765],[122.75,0.775],[122.687,0.806],[122.678,0.824],[122.643,0.848],[122.607,0.852],[122.6,0.846],[122.596,0.861],[122.579,0.875],[122.535,0.87],[122.507,0.887],[122.497,0.872],[122.457,0.889],[122.416,0.885],[122.359,0.909],[122.352,0.921],[122.333,0.918],[122.325,0.926],[122.279,0.91],[122.262,0.928],[122.248,0.914],[122.199,0.898],[122.184,0.911],[122.105,0.899],[122.087,0.909],[122.033,0.886],[121.998,0.891],[121.982,0.907],[122.016,0.909],[122.018,0.922],[122.036,0.932],[122.038,0.959],[122.017,0.955],[122.042,0.987],[122.069,1.005],[122.089,0.998],[122.159,1.032],[122.196,1.039],[122.209,1.021],[122.222,1.025],[122.228,1.013],[122.22,1.001],[122.233,0.993],[122.242,1.01],[122.252,1.002],[122.262,1.012],[122.276,1.005],[122.316,1.007],[122.321,1.021],[122.331,1.023],[122.334,1.041],[122.36,1.01],[122.362,0.996],[122.375,0.994],[122.394,1.014],[122.412,0.993],[122.435,0.994],[122.445,1.001],[122.441,1.023],[122.453,1.032],[122.494,0.987],[122.609,0.945],[122.619,0.961],[122.639,0.942],[122.65,0.949],[122.682,0.9],[122.72,0.886],[122.713,0.867],[122.732,0.87],[122.742,0.88],[122.764,0.862],[122.772,0.879],[122.801,0.852],[122.801,0.845],[122.789,0.85],[122.797,0.835],[122.823,0.833],[122.832,0.819],[122.839,0.823],[122.85,0.802],[122.859,0.808],[122.861,0.828],[122.88,0.831],[122.898,0.854],[122.922,0.861],[122.931,0.885],[122.951,0.895],[122.947,0.913],[122.977,0.938],[122.946,0.939],[122.94,0.945],[122.944,0.963],[122.986,0.968],[123.001,0.956],[122.997,0.944],[123.012,0.944],[123.027,0.932],[123.047,0.94],[123.059,0.919],[123.084,0.914],[123.086,0.907],[123.096,0.913],[123.096,0.93],[123.119,0.926]]]}},{"type":"Feature","properties":{"kode":"53.07","nama":"Sikka","prov":"Nusa Tenggara Timur","kota":false},"geometry":{"type":"MultiPolygon","coordinates":[[[[122.345,-8.428],[122.394,-8.435],[122.407,-8.448],[122.416,-8.437],[122.422,-8.447],[122.413,-8.458],[122.415,-8.477],[122.389,-8.498],[122.358,-8.489],[122.335,-8.463],[122.334,-8.436],[122.345,-8.428]]],[[[122.683,-8.384],[122.677,-8.414],[122.684,-8.422],[122.684,-8.443],[122.674,-8.46],[122.687,-8.485],[122.666,-8.518],[122.656,-8.563],[122.649,-8.617],[122.654,-8.637],[122.629,-8.64],[122.618,-8.655],[122.604,-8.649],[122.587,-8.662],[122.556,-8.668],[122.54,-8.701],[122.528,-8.709],[122.477,-8.723],[122.47,-8.732],[122.43,-8.735],[122.421,-8.744],[122.383,-8.744],[122.377,-8.752],[122.334,-8.739],[122.307,-8.742],[122.284,-8.755],[122.237,-8.742],[122.206,-8.751],[122.195,-8.749],[122.175,-8.73],[122.116,-8.729],[122.084,-8.742],[122.075,-8.759],[122.052,-8.768],[122.031,-8.794],[122.016,-8.794],[122.001,-8.807],[121.99,-8.796],[121.993,-8.754],[121.959,-8.757],[121.928,-8.717],[121.945,-8.688],[121.958,-8.686],[121.958,-8.662],[121.974,-8.655],[121.968,-8.64],[121.976,-8.625],[121.966,-8.613],[121.988,-8.611],[121.991,-8.604],[122.005,-8.555],[121.986,-8.544],[122.0,-8.516],[122.01,-8.514],[122.018,-8.531],[122.046,-8.525],[122.057,-8.53],[122.065,-8.522],[122.077,-8.527],[122.081,-8.542],[122.105,-8.531],[122.159,-8.554],[122.221,-8.62],[122.29,-8.642],[122.317,-8.633],[122.33,-8.619],[122.364,-8.611],[122.45,-8.603],[122.472,-8.61],[122.517,-8.548],[122.518,-8.526],[122.497,-8.517],[122.479,-8.494],[122.491,-8.473],[122.547,-8.466],[122.57,-8.43],[122.592,-8.424],[122.597,-8.393],[122.607,-8.399],[122.615,-8.398],[122.621,-8.384],[122.662,-8.391],[122.683,-8.384]]],[[[121.708,-8.293],[121.73,-8.298],[121.745,-8.327],[121.74,-8.345],[121.726,-8.355],[121.691,-8.35],[121.676,-8.337],[121.685,-8.305],[121.708,-8.293]]]]}},{"type":"Feature","properties":{"kode":"74.04","nama":"Buton","prov":"Sulawesi Tenggara","kota":false},"geometry":{"type":"Polygon","coordinates":[[[122.822,-5.069],[122.853,-5.11],[122.881,-5.113],[122.886,-5.122],[122.904,-5.122],[122.95,-5.147],[122.938,-5.166],[122.921,-5.175],[122.945,-5.216],[122.956,-5.216],[123.002,-5.151],[123.034,-5.136],[123.068,-5.161],[123.059,-5.192],[123.087,-5.175],[123.105,-5.189],[123.103,-5.213],[123.11,-5.204],[123.12,-5.209],[123.152,-5.248],[123.181,-5.247],[123.197,-5.26],[123.196,-5.271],[123.224,-5.277],[123.218,-5.301],[123.134,-5.397],[123.016,-5.444],[122.995,-5.399],[122.976,-5.394],[122.923,-5.437],[122.894,-5.439],[122.872,-5.455],[122.847,-5.49],[122.844,-5.522],[122.862,-5.522],[122.873,-5.508],[122.892,-5.514],[122.898,-5.522],[122.896,-5.565],[122.823,-5.652],[122.8,-5.629],[122.791,-5.604],[122.789,-5.488],[122.765,-5.49],[122.742,-5.48],[122.752,-5.46],[122.749,-5.449],[122.757,-5.447],[122.761,-5.422],[122.77,-5.414],[122.76,-5.376],[122.749,-5.361],[122.726,-5.354],[122.726,-5.329],[122.714,-5.316],[122.684,-5.322],[122.715,-5.261],[122.733,-5.242],[122.745,-5.242],[122.755,-5.255],[122.771,-5.254],[122.794,-5.242],[122.811,-5.221],[122.806,-5.201],[122.793,-5.185],[122.783,-5.185],[122.755,-5.229],[122.747,-5.217],[122.756,-5.185],[122.751,-5.173],[122.743,-5.18],[122.737,-5.17],[122.772,-5.111],[122.791,-5.106],[122.789,-5.082],[122.822,-5.069]]]}},{"type":"Feature","properties":{"kode":"35.12","nama":"Situbondo","prov":"Jawa Timur","kota":false},"geometry":{"type":"Polygon","coordinates":[[[114.424,-7.936],[114.413,-7.94],[114.299,-7.886],[114.25,-7.939],[114.224,-7.987],[114.177,-7.97],[114.132,-7.988],[114.117,-7.954],[114.111,-7.909],[114.094,-7.881],[114.095,-7.84],[114.087,-7.799],[114.076,-7.784],[114.079,-7.771],[114.062,-7.759],[114.009,-7.756],[113.993,-7.778],[113.951,-7.765],[113.936,-7.777],[113.937,-7.792],[113.918,-7.789],[113.905,-7.802],[113.878,-7.792],[113.85,-7.796],[113.837,-7.812],[113.802,-7.816],[113.793,-7.803],[113.761,-7.792],[113.747,-7.796],[113.739,-7.789],[113.722,-7.879],[113.663,-7.922],[113.661,-7.938],[113.624,-7.962],[113.611,-7.948],[113.626,-7.917],[113.603,-7.843],[113.612,-7.824],[113.593,-7.804],[113.604,-7.798],[113.603,-7.783],[113.598,-7.771],[113.576,-7.756],[113.573,-7.742],[113.591,-7.717],[113.65,-7.724],[113.668,-7.737],[113.713,-7.709],[113.725,-7.722],[113.764,-7.737],[113.794,-7.729],[113.817,-7.699],[113.84,-7.685],[113.867,-7.682],[113.896,-7.697],[113.93,-7.701],[113.938,-7.68],[113.957,-7.677],[113.974,-7.651],[114.001,-7.637],[114.03,-7.61],[114.047,-7.609],[114.109,-7.707],[114.166,-7.715],[114.195,-7.709],[114.208,-7.718],[114.239,-7.698],[114.296,-7.748],[114.309,-7.746],[114.329,-7.758],[114.379,-7.756],[114.422,-7.787],[114.438,-7.789],[114.465,-7.825],[114.458,-7.848],[114.465,-7.856],[114.459,-7.86],[114.465,-7.886],[114.423,-7.917],[114.424,-7.936]]]}},{"type":"Feature","properties":{"kode":"17.07","nama":"Lebong","prov":"Bengkulu","kota":false},"geometry":{"type":"Polygon","coordinates":[[[102.064,-2.768],[102.073,-2.794],[102.093,-2.811],[102.111,-2.814],[102.129,-2.835],[102.131,-2.875],[102.199,-2.918],[102.211,-2.916],[102.224,-2.931],[102.243,-3.019],[102.254,-3.035],[102.268,-3.043],[102.284,-3.039],[102.318,-3.07],[102.395,-3.045],[102.408,-3.055],[102.442,-3.059],[102.471,-3.087],[102.487,-3.11],[102.491,-3.139],[102.487,-3.157],[102.494,-3.169],[102.486,-3.204],[102.49,-3.216],[102.484,-3.228],[102.492,-3.239],[102.485,-3.248],[102.494,-3.268],[102.488,-3.296],[102.5,-3.318],[102.488,-3.327],[102.45,-3.321],[102.443,-3.344],[102.423,-3.358],[102.384,-3.355],[102.388,-3.368],[102.375,-3.384],[102.271,-3.366],[102.276,-3.343],[102.296,-3.324],[102.291,-3.284],[102.251,-3.264],[102.236,-3.241],[102.191,-3.221],[102.166,-3.224],[102.147,-3.207],[102.127,-3.17],[102.137,-3.144],[102.133,-3.128],[102.144,-3.113],[102.137,-3.066],[102.105,-3.039],[102.101,-3.022],[102.078,-3.0],[102.042,-2.984],[102.018,-2.854],[102.0,-2.84],[101.99,-2.844],[101.968,-2.826],[101.941,-2.782],[101.926,-2.77],[101.919,-2.736],[101.954,-2.731],[101.962,-2.722],[101.997,-2.724],[102.033,-2.758],[102.064,-2.768]]]}},{"type":"Feature","properties":{"kode":"71.08","nama":"Bolaang Mongondow Utara","prov":"Sulawesi Utara","kota":false},"geometry":{"type":"Polygon","coordinates":[[[123.727,0.864],[123.689,0.794],[123.711,0.759],[123.702,0.735],[123.719,0.726],[123.741,0.685],[123.732,0.654],[123.726,0.637],[123.701,0.614],[123.679,0.611],[123.666,0.618],[123.641,0.606],[123.634,0.588],[123.643,0.574],[123.631,0.564],[123.608,0.562],[123.586,0.586],[123.547,0.575],[123.509,0.584],[123.487,0.602],[123.492,0.619],[123.486,0.626],[123.428,0.641],[123.383,0.64],[123.359,0.651],[123.322,0.699],[123.274,0.698],[123.248,0.719],[123.246,0.733],[123.253,0.757],[123.269,0.768],[123.271,0.803],[123.206,0.857],[123.138,0.879],[123.119,0.896],[123.112,0.915],[123.119,0.926],[123.141,0.923],[123.152,0.91],[123.176,0.902],[123.198,0.921],[123.168,0.951],[123.184,0.954],[123.195,0.941],[123.213,0.94],[123.215,0.947],[123.242,0.945],[123.24,0.957],[123.251,0.958],[123.261,0.934],[123.254,0.924],[123.262,0.914],[123.339,0.912],[123.358,0.903],[123.373,0.913],[123.397,0.899],[123.4,0.916],[123.419,0.892],[123.447,0.905],[123.463,0.894],[123.525,0.886],[123.555,0.887],[123.58,0.904],[123.597,0.904],[123.682,0.876],[123.701,0.859],[123.707,0.859],[123.71,0.873],[123.727,0.864]]]}},{"type":"Feature","properties":{"kode":"52.03","nama":"Lombok Timur","prov":"Nusa Tenggara Barat","kota":false},"geometry":{"type":"Polygon","coordinates":[[[116.403,-8.865],[116.396,-8.818],[116.415,-8.806],[116.418,-8.776],[116.425,-8.773],[116.428,-8.756],[116.446,-8.744],[116.445,-8.721],[116.433,-8.715],[116.428,-8.691],[116.403,-8.678],[116.397,-8.684],[116.378,-8.663],[116.384,-8.653],[116.376,-8.637],[116.379,-8.532],[116.384,-8.491],[116.403,-8.469],[116.403,-8.443],[116.424,-8.411],[116.42,-8.39],[116.467,-8.331],[116.47,-8.274],[116.494,-8.245],[116.599,-8.281],[116.651,-8.288],[116.688,-8.333],[116.718,-8.348],[116.725,-8.383],[116.71,-8.414],[116.711,-8.444],[116.662,-8.486],[116.671,-8.503],[116.678,-8.497],[116.659,-8.529],[116.667,-8.559],[116.624,-8.604],[116.62,-8.627],[116.585,-8.669],[116.543,-8.757],[116.513,-8.777],[116.501,-8.806],[116.48,-8.81],[116.484,-8.816],[116.499,-8.812],[116.493,-8.848],[116.504,-8.859],[116.51,-8.857],[116.504,-8.842],[116.531,-8.838],[116.525,-8.826],[116.54,-8.833],[116.536,-8.86],[116.594,-8.861],[116.57,-8.879],[116.57,-8.891],[116.525,-8.909],[116.52,-8.907],[116.523,-8.888],[116.51,-8.883],[116.499,-8.909],[116.472,-8.921],[116.436,-8.92],[116.433,-8.914],[116.448,-8.899],[116.458,-8.857],[116.472,-8.845],[116.471,-8.824],[116.446,-8.829],[116.442,-8.841],[116.421,-8.828],[116.403,-8.865]]]}},{"type":"Feature","properties":{"kode":"32.07","nama":"Ciamis","prov":"Jawa Barat","kota":false},"geometry":{"type":"Polygon","coordinates":[[[108.358,-7.052],[108.426,-7.096],[108.439,-7.118],[108.481,-7.121],[108.505,-7.131],[108.506,-7.141],[108.516,-7.141],[108.513,-7.159],[108.526,-7.181],[108.581,-7.207],[108.585,-7.241],[108.557,-7.287],[108.564,-7.304],[108.559,-7.332],[108.535,-7.344],[108.524,-7.359],[108.489,-7.35],[108.471,-7.365],[108.478,-7.371],[108.469,-7.38],[108.533,-7.416],[108.544,-7.412],[108.566,-7.43],[108.564,-7.44],[108.578,-7.43],[108.58,-7.418],[108.591,-7.415],[108.6,-7.394],[108.616,-7.406],[108.636,-7.381],[108.65,-7.388],[108.662,-7.353],[108.676,-7.358],[108.686,-7.396],[108.718,-7.427],[108.721,-7.445],[108.713,-7.46],[108.718,-7.469],[108.706,-7.477],[108.699,-7.462],[108.649,-7.468],[108.66,-7.513],[108.647,-7.54],[108.598,-7.562],[108.528,-7.574],[108.522,-7.544],[108.534,-7.535],[108.526,-7.527],[108.495,-7.532],[108.458,-7.516],[108.453,-7.504],[108.427,-7.501],[108.441,-7.49],[108.425,-7.484],[108.421,-7.423],[108.405,-7.422],[108.396,-7.408],[108.4,-7.389],[108.415,-7.377],[108.408,-7.365],[108.363,-7.352],[108.342,-7.356],[108.324,-7.34],[108.298,-7.332],[108.288,-7.336],[108.199,-7.283],[108.188,-7.263],[108.199,-7.231],[108.192,-7.173],[108.203,-7.14],[108.216,-7.131],[108.22,-7.088],[108.167,-7.064],[108.21,-7.053],[108.245,-7.067],[108.313,-7.057],[108.342,-7.07],[108.358,-7.052]]]}},{"type":"Feature","properties":{"kode":"35.06","nama":"Kediri","prov":"Jawa Timur","kota":false},"geometry":{"type":"Polygon","coordinates":[[[112.417,-7.764],[112.412,-7.777],[112.396,-7.785],[112.382,-7.785],[112.35,-7.762],[112.329,-7.777],[112.288,-7.771],[112.307,-7.801],[112.307,-7.83],[112.309,-7.839],[112.319,-7.839],[112.319,-7.863],[112.326,-7.871],[112.306,-7.936],[112.25,-7.945],[112.178,-7.974],[112.096,-7.97],[112.091,-7.992],[112.036,-7.993],[112.014,-8.002],[111.978,-7.998],[111.974,-8.011],[111.957,-7.998],[111.945,-7.953],[111.928,-7.963],[111.883,-7.947],[111.863,-7.908],[111.83,-7.877],[111.803,-7.866],[111.797,-7.848],[111.814,-7.813],[111.93,-7.72],[111.954,-7.68],[111.985,-7.686],[111.988,-7.724],[111.997,-7.729],[112.002,-7.752],[112.022,-7.763],[112.028,-7.725],[112.059,-7.723],[112.075,-7.704],[112.076,-7.679],[112.097,-7.646],[112.111,-7.593],[112.118,-7.604],[112.165,-7.613],[112.218,-7.677],[112.215,-7.689],[112.257,-7.728],[112.267,-7.723],[112.31,-7.731],[112.396,-7.776],[112.417,-7.764]]]}},{"type":"Feature","properties":{"kode":"33.18","nama":"Pati","prov":"Jawa Tengah","kota":false},"geometry":{"type":"Polygon","coordinates":[[[111.234,-6.687],[111.243,-6.707],[111.234,-6.753],[111.247,-6.764],[111.245,-6.796],[111.27,-6.829],[111.256,-6.837],[111.263,-6.856],[111.243,-6.863],[111.226,-6.85],[111.221,-6.87],[111.203,-6.875],[111.203,-6.895],[111.163,-6.909],[111.144,-6.899],[111.141,-6.918],[111.132,-6.92],[111.117,-6.909],[111.089,-6.932],[111.086,-6.962],[111.061,-6.97],[110.96,-6.973],[110.948,-6.964],[110.931,-6.973],[110.914,-6.966],[110.906,-6.983],[110.892,-6.984],[110.88,-6.97],[110.867,-6.976],[110.852,-7.0],[110.846,-6.991],[110.835,-6.992],[110.828,-7.002],[110.804,-6.99],[110.815,-6.939],[110.844,-6.936],[110.858,-6.901],[110.883,-6.905],[110.883,-6.867],[110.949,-6.858],[110.977,-6.833],[110.961,-6.76],[110.945,-6.756],[110.94,-6.735],[110.93,-6.738],[110.923,-6.731],[110.925,-6.715],[110.935,-6.719],[110.937,-6.709],[110.909,-6.649],[110.898,-6.64],[110.912,-6.599],[110.906,-6.583],[110.918,-6.54],[110.909,-6.521],[110.912,-6.501],[110.929,-6.496],[110.937,-6.484],[110.945,-6.485],[110.969,-6.461],[110.977,-6.437],[110.969,-6.41],[111.046,-6.427],[111.064,-6.52],[111.127,-6.638],[111.139,-6.651],[111.234,-6.687]]]}},{"type":"Feature","properties":{"kode":"32.11","nama":"Sumedang","prov":"Jawa Barat","kota":false},"geometry":{"type":"Polygon","coordinates":[[[108.034,-6.643],[108.05,-6.638],[108.058,-6.655],[108.108,-6.688],[108.118,-6.705],[108.159,-6.721],[108.164,-6.728],[108.149,-6.755],[108.165,-6.762],[108.17,-6.786],[108.154,-6.803],[108.162,-6.81],[108.16,-6.827],[108.179,-6.833],[108.179,-6.852],[108.198,-6.87],[108.193,-6.885],[108.213,-6.888],[108.216,-6.932],[108.18,-6.957],[108.163,-7.001],[108.138,-7.039],[108.129,-7.041],[108.1,-7.019],[108.082,-6.987],[108.042,-6.996],[108.016,-6.98],[107.986,-6.979],[107.967,-6.959],[107.93,-6.955],[107.926,-6.949],[107.915,-6.946],[107.89,-6.964],[107.842,-6.97],[107.753,-6.954],[107.759,-6.898],[107.744,-6.876],[107.745,-6.828],[107.75,-6.813],[107.773,-6.803],[107.808,-6.808],[107.837,-6.777],[107.833,-6.714],[107.839,-6.698],[107.828,-6.688],[107.851,-6.651],[107.856,-6.602],[107.849,-6.581],[107.906,-6.594],[107.939,-6.625],[108.019,-6.663],[108.028,-6.664],[108.034,-6.643]]]}},{"type":"Feature","properties":{"kode":"63.07","nama":"Hulu Sungai Tengah","prov":"Kalimantan Selatan","kota":false},"geometry":{"type":"Polygon","coordinates":[[[115.399,-2.454],[115.437,-2.465],[115.443,-2.454],[115.499,-2.469],[115.526,-2.484],[115.531,-2.499],[115.545,-2.481],[115.572,-2.482],[115.571,-2.49],[115.59,-2.479],[115.603,-2.504],[115.751,-2.532],[115.756,-2.551],[115.767,-2.555],[115.781,-2.546],[115.796,-2.568],[115.817,-2.561],[115.82,-2.601],[115.809,-2.617],[115.757,-2.617],[115.757,-2.6],[115.745,-2.617],[115.712,-2.59],[115.69,-2.59],[115.677,-2.613],[115.727,-2.639],[115.734,-2.658],[115.747,-2.666],[115.732,-2.685],[115.713,-2.669],[115.716,-2.692],[115.708,-2.702],[115.665,-2.721],[115.664,-2.764],[115.59,-2.76],[115.598,-2.721],[115.575,-2.712],[115.548,-2.729],[115.481,-2.731],[115.442,-2.781],[115.409,-2.766],[115.4,-2.752],[115.378,-2.746],[115.326,-2.696],[115.295,-2.7],[115.292,-2.691],[115.231,-2.683],[115.189,-2.632],[115.17,-2.634],[115.158,-2.611],[115.17,-2.6],[115.157,-2.568],[115.175,-2.558],[115.155,-2.555],[115.249,-2.533],[115.296,-2.51],[115.341,-2.468],[115.356,-2.496],[115.382,-2.505],[115.399,-2.454]]]}},{"type":"Feature","properties":{"kode":"35.11","nama":"Bondowoso","prov":"Jawa Timur","kota":false},"geometry":{"type":"Polygon","coordinates":[[[114.224,-7.987],[114.238,-8.007],[114.236,-8.031],[114.248,-8.043],[114.247,-8.054],[114.219,-8.075],[114.213,-8.1],[114.196,-8.103],[114.184,-8.121],[114.17,-8.108],[114.147,-8.101],[114.092,-8.116],[114.081,-8.126],[114.06,-8.122],[114.053,-8.128],[114.04,-8.114],[114.028,-8.113],[114.003,-8.074],[113.895,-8.016],[113.887,-8.017],[113.885,-8.03],[113.869,-8.032],[113.857,-8.018],[113.846,-8.022],[113.858,-8.039],[113.854,-8.044],[113.812,-8.046],[113.802,-8.058],[113.772,-8.038],[113.747,-8.061],[113.726,-8.024],[113.71,-8.011],[113.687,-8.011],[113.672,-7.986],[113.67,-7.968],[113.644,-7.973],[113.624,-7.962],[113.661,-7.938],[113.663,-7.922],[113.722,-7.879],[113.739,-7.789],[113.747,-7.796],[113.761,-7.792],[113.793,-7.803],[113.802,-7.816],[113.837,-7.812],[113.85,-7.796],[113.878,-7.792],[113.905,-7.802],[113.918,-7.789],[113.937,-7.792],[113.936,-7.777],[113.951,-7.765],[113.993,-7.778],[114.009,-7.756],[114.062,-7.759],[114.079,-7.771],[114.076,-7.784],[114.087,-7.799],[114.095,-7.84],[114.094,-7.881],[114.111,-7.909],[114.126,-7.984],[114.132,-7.988],[114.177,-7.97],[114.224,-7.987]]]}},{"type":"Feature","properties":{"kode":"17.02","nama":"Rejang Lebong","prov":"Bengkulu","kota":false},"geometry":{"type":"Polygon","coordinates":[[[102.758,-3.29],[102.776,-3.282],[102.778,-3.293],[102.79,-3.297],[102.798,-3.332],[102.84,-3.334],[102.842,-3.344],[102.864,-3.345],[102.896,-3.327],[102.89,-3.352],[102.895,-3.376],[102.912,-3.378],[102.956,-3.361],[102.988,-3.369],[103.004,-3.435],[102.997,-3.445],[103.005,-3.467],[102.994,-3.489],[102.995,-3.525],[102.973,-3.532],[102.962,-3.562],[102.907,-3.616],[102.891,-3.609],[102.886,-3.579],[102.869,-3.557],[102.848,-3.537],[102.819,-3.528],[102.775,-3.547],[102.751,-3.543],[102.722,-3.553],[102.655,-3.541],[102.637,-3.533],[102.628,-3.516],[102.594,-3.526],[102.532,-3.495],[102.5,-3.498],[102.497,-3.514],[102.446,-3.529],[102.424,-3.524],[102.427,-3.5],[102.403,-3.434],[102.39,-3.414],[102.369,-3.404],[102.388,-3.368],[102.384,-3.355],[102.423,-3.358],[102.443,-3.344],[102.45,-3.321],[102.488,-3.327],[102.5,-3.318],[102.488,-3.296],[102.494,-3.268],[102.533,-3.274],[102.546,-3.291],[102.566,-3.277],[102.592,-3.317],[102.611,-3.319],[102.625,-3.332],[102.632,-3.326],[102.638,-3.338],[102.675,-3.316],[102.74,-3.305],[102.751,-3.309],[102.758,-3.29]]]}},{"type":"Feature","properties":{"kode":"35.14","nama":"Pasuruan","prov":"Jawa Timur","kota":false},"geometry":{"type":"Polygon","coordinates":[[[112.706,-7.545],[112.724,-7.569],[112.739,-7.573],[112.771,-7.575],[112.785,-7.563],[112.831,-7.553],[112.845,-7.577],[112.865,-7.574],[112.889,-7.616],[112.903,-7.625],[112.886,-7.623],[112.884,-7.632],[112.873,-7.634],[112.873,-7.662],[112.879,-7.655],[112.897,-7.685],[112.931,-7.669],[112.945,-7.652],[112.953,-7.622],[112.97,-7.649],[112.985,-7.656],[113.029,-7.645],[113.058,-7.663],[113.088,-7.704],[113.1,-7.702],[113.055,-7.748],[113.047,-7.82],[112.971,-7.887],[112.968,-7.9],[112.956,-7.899],[112.948,-7.908],[112.957,-7.918],[112.953,-7.943],[112.935,-7.956],[112.915,-7.951],[112.913,-7.957],[112.902,-7.947],[112.885,-7.952],[112.854,-7.934],[112.84,-7.939],[112.806,-7.926],[112.784,-7.9],[112.781,-7.874],[112.762,-7.876],[112.76,-7.854],[112.739,-7.838],[112.732,-7.819],[112.632,-7.798],[112.588,-7.763],[112.575,-7.733],[112.624,-7.667],[112.629,-7.643],[112.621,-7.615],[112.629,-7.617],[112.652,-7.598],[112.657,-7.568],[112.67,-7.562],[112.674,-7.55],[112.706,-7.545]]]}},{"type":"Feature","properties":{"kode":"34.03","nama":"Gunungkidul","prov":"Daerah Istimewa Yogyakarta","kota":false},"geometry":{"type":"Polygon","coordinates":[[[110.715,-7.791],[110.741,-7.806],[110.751,-7.824],[110.762,-7.823],[110.764,-7.809],[110.786,-7.817],[110.783,-7.871],[110.77,-7.904],[110.768,-7.977],[110.756,-8.024],[110.787,-8.104],[110.786,-8.151],[110.805,-8.162],[110.815,-8.138],[110.83,-8.136],[110.829,-8.146],[110.813,-8.161],[110.815,-8.181],[110.822,-8.182],[110.829,-8.168],[110.838,-8.177],[110.835,-8.203],[110.786,-8.193],[110.706,-8.197],[110.706,-8.183],[110.678,-8.182],[110.604,-8.145],[110.588,-8.146],[110.579,-8.138],[110.436,-8.1],[110.431,-8.089],[110.376,-8.072],[110.339,-8.028],[110.334,-7.996],[110.351,-7.994],[110.35,-7.984],[110.363,-7.982],[110.365,-7.973],[110.391,-7.981],[110.398,-7.981],[110.396,-7.968],[110.421,-7.973],[110.441,-7.967],[110.449,-7.947],[110.457,-7.966],[110.465,-7.955],[110.476,-7.965],[110.476,-7.943],[110.488,-7.945],[110.492,-7.939],[110.498,-7.906],[110.496,-7.892],[110.475,-7.889],[110.47,-7.863],[110.489,-7.838],[110.516,-7.838],[110.523,-7.828],[110.541,-7.824],[110.544,-7.793],[110.556,-7.784],[110.582,-7.789],[110.584,-7.798],[110.576,-7.802],[110.589,-7.807],[110.6,-7.807],[110.604,-7.798],[110.627,-7.803],[110.65,-7.793],[110.656,-7.804],[110.672,-7.786],[110.682,-7.806],[110.698,-7.808],[110.714,-7.8],[110.715,-7.791]]]}},{"type":"Feature","properties":{"kode":"36.04","nama":"Serang","prov":"Banten","kota":false},"geometry":{"type":"Polygon","coordinates":[[[106.148,-6.02],[106.147,-6.067],[106.11,-6.087],[106.089,-6.117],[106.074,-6.122],[106.069,-6.133],[106.076,-6.151],[106.066,-6.175],[106.076,-6.183],[106.087,-6.173],[106.102,-6.173],[106.111,-6.182],[106.122,-6.168],[106.15,-6.169],[106.152,-6.177],[106.136,-6.192],[106.138,-6.209],[106.192,-6.218],[106.2,-6.198],[106.23,-6.193],[106.219,-6.187],[106.236,-6.17],[106.242,-6.174],[106.256,-6.146],[106.239,-6.129],[106.225,-6.129],[106.23,-6.1],[106.219,-6.083],[106.225,-6.034],[106.216,-6.016],[106.242,-5.992],[106.244,-5.967],[106.263,-5.96],[106.307,-5.969],[106.331,-5.984],[106.356,-5.962],[106.355,-5.97],[106.367,-5.965],[106.39,-5.98],[106.412,-6.024],[106.407,-6.031],[106.393,-6.028],[106.366,-6.039],[106.352,-6.05],[106.349,-6.063],[106.339,-6.063],[106.34,-6.074],[106.353,-6.092],[106.351,-6.11],[106.377,-6.129],[106.393,-6.152],[106.391,-6.179],[106.374,-6.191],[106.379,-6.201],[106.367,-6.218],[106.386,-6.228],[106.383,-6.261],[106.398,-6.297],[106.394,-6.314],[106.401,-6.33],[106.32,-6.335],[106.28,-6.303],[106.26,-6.311],[106.257,-6.299],[106.245,-6.297],[106.244,-6.305],[106.234,-6.302],[106.222,-6.312],[106.214,-6.293],[106.172,-6.291],[106.18,-6.267],[106.174,-6.251],[106.132,-6.258],[106.128,-6.25],[106.109,-6.252],[106.092,-6.229],[106.066,-6.263],[106.027,-6.275],[105.995,-6.273],[105.982,-6.266],[105.977,-6.246],[105.949,-6.248],[105.947,-6.237],[105.934,-6.24],[105.93,-6.281],[105.914,-6.248],[105.898,-6.244],[105.888,-6.224],[105.88,-6.227],[105.877,-6.24],[105.841,-6.24],[105.827,-6.248],[105.832,-6.212],[105.855,-6.145],[105.878,-6.112],[105.887,-6.068],[105.944,-6.046],[105.964,-6.058],[105.972,-6.051],[105.986,-6.062],[105.985,-6.038],[106.002,-6.046],[106.03,-6.04],[106.02,-6.065],[106.02,-6.078],[106.031,-6.08],[106.05,-6.075],[106.064,-6.046],[106.085,-6.036],[106.088,-6.003],[106.065,-5.993],[106.058,-5.959],[106.031,-5.934],[106.045,-5.912],[106.041,-5.876],[106.075,-5.884],[106.114,-5.93],[106.105,-5.948],[106.112,-5.988],[106.101,-5.988],[106.108,-5.995],[106.12,-5.989],[106.112,-5.998],[106.117,-6.007],[106.148,-6.02]]]}},{"type":"Feature","properties":{"kode":"71.05","nama":"Minahasa Selatan","prov":"Sulawesi Utara","kota":false},"geometry":{"type":"Polygon","coordinates":[[[124.737,1.115],[124.693,1.12],[124.664,1.134],[124.649,1.116],[124.598,1.105],[124.587,1.114],[124.552,1.085],[124.55,1.071],[124.563,1.045],[124.554,1.035],[124.566,1.011],[124.579,1.005],[124.566,0.967],[124.579,0.934],[124.596,0.937],[124.559,0.888],[124.56,0.867],[124.551,0.855],[124.525,0.84],[124.516,0.825],[124.497,0.82],[124.489,0.804],[124.49,0.776],[124.472,0.763],[124.462,0.774],[124.447,0.772],[124.42,0.804],[124.435,0.831],[124.406,0.858],[124.38,0.87],[124.377,0.913],[124.367,0.922],[124.375,0.957],[124.355,0.987],[124.334,0.988],[124.314,1.006],[124.297,1.004],[124.32,1.074],[124.339,1.099],[124.34,1.118],[124.356,1.137],[124.343,1.155],[124.348,1.161],[124.416,1.196],[124.454,1.186],[124.518,1.189],[124.517,1.204],[124.528,1.215],[124.549,1.208],[124.567,1.185],[124.584,1.195],[124.609,1.23],[124.612,1.254],[124.57,1.279],[124.55,1.272],[124.515,1.3],[124.518,1.327],[124.556,1.379],[124.588,1.369],[124.595,1.351],[124.621,1.337],[124.717,1.326],[124.723,1.316],[124.707,1.297],[124.717,1.282],[124.75,1.267],[124.76,1.252],[124.75,1.23],[124.752,1.211],[124.747,1.206],[124.73,1.211],[124.727,1.184],[124.743,1.14],[124.737,1.115]]]}},{"type":"Feature","properties":{"kode":"73.09","nama":"Maros","prov":"Sulawesi Selatan","kota":false},"geometry":{"type":"Polygon","coordinates":[[[119.864,-5.092],[119.858,-5.112],[119.87,-5.119],[119.856,-5.149],[119.864,-5.162],[119.831,-5.195],[119.799,-5.212],[119.774,-5.206],[119.763,-5.189],[119.749,-5.183],[119.72,-5.183],[119.682,-5.167],[119.638,-5.176],[119.624,-5.162],[119.607,-5.158],[119.605,-5.147],[119.599,-5.157],[119.58,-5.158],[119.565,-5.172],[119.548,-5.159],[119.531,-5.167],[119.501,-5.161],[119.501,-5.147],[119.519,-5.151],[119.539,-5.122],[119.543,-5.08],[119.529,-5.065],[119.502,-5.069],[119.479,-5.06],[119.476,-5.035],[119.467,-5.029],[119.479,-4.989],[119.52,-4.939],[119.524,-4.914],[119.515,-4.885],[119.531,-4.894],[119.564,-4.893],[119.575,-4.905],[119.587,-4.896],[119.597,-4.905],[119.603,-4.889],[119.633,-4.891],[119.623,-4.908],[119.663,-4.923],[119.669,-4.934],[119.667,-4.95],[119.705,-4.948],[119.747,-4.929],[119.775,-4.943],[119.788,-4.927],[119.805,-4.926],[119.806,-4.886],[119.796,-4.865],[119.81,-4.824],[119.813,-4.762],[119.821,-4.765],[119.844,-4.743],[119.867,-4.744],[119.885,-4.718],[119.906,-4.729],[119.937,-4.758],[119.961,-4.767],[119.973,-4.785],[119.951,-4.795],[119.937,-4.843],[119.947,-4.844],[119.95,-4.859],[119.933,-4.875],[119.929,-4.894],[119.896,-4.921],[119.898,-4.933],[119.885,-4.963],[119.89,-4.973],[119.885,-4.999],[119.847,-5.046],[119.864,-5.092]]]}},{"type":"Feature","properties":{"kode":"35.01","nama":"Pacitan","prov":"Jawa Timur","kota":false},"geometry":{"type":"Polygon","coordinates":[[[111.28,-7.919],[111.286,-7.921],[111.287,-7.939],[111.314,-7.935],[111.326,-7.965],[111.349,-7.979],[111.345,-8.006],[111.36,-8.014],[111.358,-8.026],[111.367,-8.031],[111.346,-8.066],[111.354,-8.078],[111.349,-8.084],[111.362,-8.1],[111.347,-8.107],[111.349,-8.115],[111.368,-8.121],[111.38,-8.137],[111.378,-8.16],[111.427,-8.175],[111.424,-8.192],[111.403,-8.197],[111.409,-8.213],[111.394,-8.23],[111.406,-8.258],[111.399,-8.277],[111.377,-8.273],[111.368,-8.261],[111.354,-8.269],[111.333,-8.263],[111.325,-8.272],[111.311,-8.258],[111.288,-8.26],[111.285,-8.272],[111.278,-8.267],[111.281,-8.258],[111.261,-8.248],[111.228,-8.26],[111.225,-8.268],[111.202,-8.265],[111.194,-8.278],[111.177,-8.273],[111.167,-8.28],[111.146,-8.279],[111.133,-8.273],[111.138,-8.263],[111.104,-8.253],[111.097,-8.243],[111.106,-8.233],[111.094,-8.221],[111.076,-8.223],[111.077,-8.245],[111.028,-8.257],[111.021,-8.249],[111.0,-8.252],[110.961,-8.229],[110.9,-8.211],[110.895,-8.167],[110.907,-8.121],[110.953,-8.062],[110.983,-8.079],[111.009,-8.073],[111.034,-8.079],[111.067,-8.061],[111.08,-8.043],[111.091,-8.063],[111.112,-8.063],[111.121,-8.055],[111.12,-8.035],[111.135,-8.021],[111.126,-7.97],[111.145,-7.952],[111.14,-7.937],[111.154,-7.922],[111.182,-7.916],[111.192,-7.923],[111.192,-7.935],[111.221,-7.93],[111.231,-7.948],[111.25,-7.946],[111.28,-7.919]]]}},{"type":"Feature","properties":{"kode":"35.02","nama":"Ponorogo","prov":"Jawa Timur","kota":false},"geometry":{"type":"Polygon","coordinates":[[[111.751,-7.799],[111.767,-7.823],[111.776,-7.82],[111.786,-7.833],[111.771,-7.856],[111.778,-7.863],[111.769,-7.887],[111.755,-7.908],[111.748,-7.88],[111.701,-7.896],[111.707,-7.907],[111.688,-7.933],[111.668,-7.945],[111.656,-7.941],[111.648,-7.96],[111.663,-7.968],[111.653,-7.983],[111.653,-8.021],[111.648,-8.004],[111.636,-8.002],[111.606,-8.019],[111.591,-8.019],[111.573,-8.048],[111.535,-8.06],[111.543,-8.066],[111.527,-8.082],[111.528,-8.107],[111.484,-8.108],[111.474,-8.153],[111.477,-8.173],[111.438,-8.165],[111.405,-8.172],[111.389,-8.159],[111.378,-8.16],[111.38,-8.137],[111.368,-8.121],[111.349,-8.115],[111.347,-8.107],[111.362,-8.1],[111.349,-8.084],[111.354,-8.078],[111.346,-8.066],[111.367,-8.031],[111.358,-8.026],[111.36,-8.014],[111.345,-8.006],[111.349,-7.979],[111.326,-7.965],[111.314,-7.935],[111.287,-7.939],[111.286,-7.921],[111.28,-7.919],[111.297,-7.877],[111.296,-7.858],[111.314,-7.851],[111.289,-7.793],[111.308,-7.798],[111.315,-7.792],[111.33,-7.8],[111.342,-7.784],[111.413,-7.776],[111.456,-7.784],[111.466,-7.777],[111.508,-7.798],[111.57,-7.802],[111.596,-7.789],[111.599,-7.778],[111.608,-7.782],[111.659,-7.767],[111.688,-7.786],[111.694,-7.805],[111.715,-7.811],[111.751,-7.799]]]}},{"type":"Feature","properties":{"kode":"53.16","nama":"Nagekeo","prov":"Nusa Tenggara Timur","kota":false},"geometry":{"type":"Polygon","coordinates":[[[121.504,-8.612],[121.525,-8.624],[121.521,-8.635],[121.46,-8.655],[121.454,-8.666],[121.432,-8.671],[121.413,-8.688],[121.395,-8.719],[121.417,-8.744],[121.416,-8.787],[121.414,-8.793],[121.389,-8.789],[121.375,-8.802],[121.369,-8.879],[121.343,-8.905],[121.299,-8.907],[121.269,-8.886],[121.199,-8.894],[121.179,-8.885],[121.139,-8.898],[121.115,-8.876],[121.123,-8.85],[121.14,-8.843],[121.104,-8.75],[121.117,-8.741],[121.111,-8.716],[121.128,-8.702],[121.125,-8.685],[121.109,-8.682],[121.101,-8.662],[121.109,-8.646],[121.133,-8.643],[121.141,-8.63],[121.141,-8.605],[121.13,-8.594],[121.143,-8.551],[121.158,-8.547],[121.162,-8.536],[121.186,-8.536],[121.192,-8.526],[121.192,-8.505],[121.162,-8.48],[121.18,-8.46],[121.173,-8.441],[121.198,-8.446],[121.217,-8.462],[121.246,-8.469],[121.265,-8.465],[121.308,-8.48],[121.343,-8.548],[121.408,-8.574],[121.418,-8.592],[121.457,-8.566],[121.477,-8.565],[121.486,-8.581],[121.498,-8.577],[121.502,-8.583],[121.5,-8.6],[121.513,-8.607],[121.504,-8.612]]]}},{"type":"Feature","properties":{"kode":"35.21","nama":"Ngawi","prov":"Jawa Timur","kota":false},"geometry":{"type":"Polygon","coordinates":[[[111.223,-7.255],[111.244,-7.285],[111.284,-7.289],[111.326,-7.316],[111.345,-7.319],[111.345,-7.335],[111.361,-7.33],[111.372,-7.341],[111.42,-7.346],[111.433,-7.365],[111.463,-7.378],[111.456,-7.367],[111.472,-7.357],[111.513,-7.363],[111.528,-7.372],[111.567,-7.36],[111.575,-7.349],[111.674,-7.412],[111.651,-7.439],[111.652,-7.451],[111.642,-7.451],[111.627,-7.467],[111.613,-7.467],[111.58,-7.515],[111.584,-7.522],[111.552,-7.528],[111.547,-7.536],[111.56,-7.536],[111.561,-7.547],[111.536,-7.538],[111.53,-7.546],[111.508,-7.537],[111.512,-7.524],[111.497,-7.513],[111.483,-7.517],[111.462,-7.509],[111.461,-7.517],[111.44,-7.518],[111.431,-7.531],[111.414,-7.537],[111.384,-7.537],[111.368,-7.556],[111.374,-7.562],[111.37,-7.573],[111.354,-7.57],[111.302,-7.587],[111.291,-7.604],[111.258,-7.598],[111.194,-7.618],[111.192,-7.603],[111.168,-7.59],[111.153,-7.562],[111.152,-7.498],[111.133,-7.476],[111.12,-7.41],[111.138,-7.386],[111.142,-7.332],[111.155,-7.313],[111.135,-7.299],[111.15,-7.26],[111.178,-7.265],[111.207,-7.245],[111.223,-7.255]]]}},{"type":"Feature","properties":{"kode":"33.02","nama":"Banyumas","prov":"Jawa Tengah","kota":false},"geometry":{"type":"Polygon","coordinates":[[[109.362,-7.485],[109.364,-7.518],[109.404,-7.541],[109.433,-7.536],[109.43,-7.554],[109.419,-7.559],[109.416,-7.571],[109.446,-7.62],[109.435,-7.636],[109.425,-7.632],[109.415,-7.649],[109.391,-7.644],[109.381,-7.666],[109.365,-7.657],[109.359,-7.639],[109.342,-7.641],[109.262,-7.62],[109.267,-7.592],[109.181,-7.549],[109.171,-7.551],[109.168,-7.569],[109.155,-7.578],[109.109,-7.582],[109.066,-7.573],[109.058,-7.556],[109.043,-7.559],[109.024,-7.543],[109.007,-7.545],[109.005,-7.528],[108.973,-7.518],[108.956,-7.496],[108.964,-7.485],[108.956,-7.47],[108.925,-7.463],[108.9,-7.472],[108.89,-7.453],[108.91,-7.447],[108.939,-7.417],[108.938,-7.394],[108.955,-7.366],[108.949,-7.363],[108.976,-7.335],[109.011,-7.329],[109.014,-7.335],[109.026,-7.327],[109.039,-7.34],[109.035,-7.351],[109.047,-7.339],[109.063,-7.339],[109.087,-7.295],[109.115,-7.295],[109.129,-7.284],[109.124,-7.275],[109.135,-7.276],[109.147,-7.266],[109.163,-7.271],[109.203,-7.247],[109.224,-7.246],[109.255,-7.281],[109.313,-7.41],[109.333,-7.429],[109.331,-7.443],[109.341,-7.457],[109.321,-7.474],[109.322,-7.483],[109.362,-7.485]]]}},{"type":"Feature","properties":{"kode":"53.18","nama":"Sumba Barat Daya","prov":"Nusa Tenggara Timur","kota":false},"geometry":{"type":"Polygon","coordinates":[[[119.367,-9.379],[119.379,-9.412],[119.367,-9.467],[119.395,-9.517],[119.394,-9.538],[119.405,-9.548],[119.404,-9.56],[119.383,-9.581],[119.365,-9.616],[119.309,-9.634],[119.278,-9.684],[119.265,-9.679],[119.234,-9.69],[119.216,-9.683],[119.199,-9.664],[119.197,-9.648],[119.187,-9.649],[119.167,-9.658],[119.141,-9.692],[119.149,-9.719],[119.142,-9.729],[119.118,-9.726],[119.026,-9.675],[118.984,-9.606],[118.928,-9.558],[118.941,-9.516],[118.965,-9.482],[119.0,-9.449],[119.044,-9.427],[119.101,-9.421],[119.178,-9.375],[119.197,-9.376],[119.22,-9.391],[119.293,-9.358],[119.367,-9.379]]]}},{"type":"Feature","properties":{"kode":"13.04","nama":"Tanah Datar","prov":"Sumatera Barat","kota":false},"geometry":{"type":"Polygon","coordinates":[[[100.536,-0.279],[100.58,-0.288],[100.567,-0.323],[100.584,-0.339],[100.619,-0.352],[100.664,-0.351],[100.663,-0.33],[100.678,-0.324],[100.757,-0.371],[100.78,-0.367],[100.773,-0.356],[100.778,-0.348],[100.825,-0.353],[100.837,-0.393],[100.829,-0.4],[100.849,-0.427],[100.835,-0.468],[100.84,-0.481],[100.822,-0.487],[100.832,-0.495],[100.819,-0.505],[100.822,-0.516],[100.804,-0.567],[100.794,-0.565],[100.783,-0.548],[100.773,-0.56],[100.716,-0.561],[100.705,-0.571],[100.697,-0.55],[100.665,-0.532],[100.64,-0.539],[100.623,-0.558],[100.589,-0.555],[100.595,-0.561],[100.583,-0.585],[100.593,-0.596],[100.523,-0.642],[100.487,-0.659],[100.425,-0.66],[100.402,-0.653],[100.398,-0.633],[100.417,-0.621],[100.419,-0.584],[100.415,-0.564],[100.403,-0.564],[100.384,-0.526],[100.383,-0.503],[100.393,-0.492],[100.321,-0.48],[100.313,-0.442],[100.318,-0.421],[100.332,-0.399],[100.359,-0.389],[100.399,-0.384],[100.418,-0.392],[100.471,-0.391],[100.512,-0.296],[100.536,-0.279]]]}},{"type":"Feature","properties":{"kode":"73.12","nama":"Soppeng","prov":"Sulawesi Selatan","kota":false},"geometry":{"type":"Polygon","coordinates":[[[119.849,-4.099],[119.95,-4.123],[119.95,-4.188],[119.937,-4.206],[119.938,-4.238],[119.96,-4.258],[119.961,-4.272],[120.041,-4.263],[120.045,-4.286],[120.073,-4.285],[120.061,-4.321],[120.089,-4.327],[120.097,-4.346],[120.092,-4.406],[120.05,-4.397],[120.049,-4.406],[120.06,-4.408],[120.064,-4.42],[120.06,-4.486],[120.034,-4.526],[119.994,-4.521],[119.978,-4.539],[119.929,-4.53],[119.906,-4.516],[119.898,-4.517],[119.903,-4.526],[119.895,-4.532],[119.859,-4.527],[119.854,-4.541],[119.827,-4.54],[119.82,-4.531],[119.808,-4.537],[119.79,-4.513],[119.791,-4.495],[119.758,-4.48],[119.759,-4.407],[119.75,-4.367],[119.759,-4.348],[119.754,-4.284],[119.743,-4.282],[119.745,-4.268],[119.716,-4.251],[119.707,-4.232],[119.722,-4.215],[119.758,-4.206],[119.757,-4.194],[119.731,-4.176],[119.73,-4.151],[119.748,-4.139],[119.751,-4.127],[119.802,-4.13],[119.812,-4.111],[119.849,-4.099]]]}},{"type":"Feature","properties":{"kode":"12.15","nama":"Pakpak Bharat","prov":"Sumatera Utara","kota":false},"geometry":{"type":"Polygon","coordinates":[[[98.468,2.549],[98.42,2.537],[98.444,2.505],[98.426,2.485],[98.43,2.468],[98.421,2.476],[98.409,2.462],[98.364,2.459],[98.349,2.423],[98.299,2.417],[98.308,2.387],[98.303,2.335],[98.277,2.339],[98.252,2.356],[98.262,2.342],[98.266,2.264],[98.197,2.312],[98.147,2.424],[98.084,2.505],[98.077,2.575],[98.085,2.603],[98.108,2.604],[98.11,2.611],[98.104,2.682],[98.072,2.734],[98.076,2.751],[98.069,2.764],[98.12,2.786],[98.14,2.77],[98.158,2.769],[98.161,2.758],[98.17,2.754],[98.178,2.76],[98.205,2.729],[98.24,2.719],[98.247,2.709],[98.261,2.72],[98.277,2.717],[98.307,2.696],[98.338,2.703],[98.34,2.679],[98.357,2.66],[98.425,2.632],[98.443,2.582],[98.465,2.562],[98.468,2.549]]]}},{"type":"Feature","properties":{"kode":"53.10","nama":"Manggarai","prov":"Nusa Tenggara Timur","kota":false},"geometry":{"type":"MultiPolygon","coordinates":[[[[120.301,-8.876],[120.306,-8.9],[120.287,-8.912],[120.273,-8.915],[120.257,-8.902],[120.282,-8.87],[120.301,-8.876]]],[[[120.494,-8.293],[120.491,-8.316],[120.481,-8.319],[120.478,-8.382],[120.512,-8.408],[120.535,-8.451],[120.546,-8.494],[120.541,-8.519],[120.51,-8.566],[120.527,-8.602],[120.524,-8.638],[120.484,-8.655],[120.471,-8.668],[120.468,-8.686],[120.498,-8.714],[120.494,-8.729],[120.508,-8.747],[120.504,-8.781],[120.518,-8.818],[120.437,-8.814],[120.398,-8.825],[120.37,-8.818],[120.315,-8.855],[120.298,-8.844],[120.276,-8.854],[120.233,-8.844],[120.24,-8.83],[120.233,-8.812],[120.251,-8.795],[120.281,-8.789],[120.274,-8.759],[120.294,-8.756],[120.327,-8.716],[120.325,-8.688],[120.306,-8.68],[120.28,-8.648],[120.29,-8.637],[120.281,-8.625],[120.285,-8.597],[120.318,-8.583],[120.317,-8.566],[120.332,-8.558],[120.343,-8.571],[120.36,-8.569],[120.357,-8.526],[120.372,-8.514],[120.399,-8.451],[120.389,-8.425],[120.369,-8.431],[120.353,-8.426],[120.3,-8.456],[120.282,-8.416],[120.29,-8.365],[120.283,-8.326],[120.291,-8.302],[120.287,-8.282],[120.331,-8.281],[120.361,-8.296],[120.388,-8.288],[120.407,-8.281],[120.414,-8.251],[120.428,-8.241],[120.444,-8.25],[120.452,-8.285],[120.465,-8.295],[120.494,-8.293]]]]}},{"type":"Feature","properties":{"kode":"33.05","nama":"Kebumen","prov":"Jawa Tengah","kota":false},"geometry":{"type":"Polygon","coordinates":[[[109.752,-7.446],[109.755,-7.497],[109.773,-7.519],[109.738,-7.535],[109.739,-7.552],[109.731,-7.559],[109.761,-7.601],[109.801,-7.612],[109.814,-7.601],[109.815,-7.631],[109.798,-7.647],[109.808,-7.671],[109.798,-7.696],[109.8,-7.707],[109.832,-7.723],[109.839,-7.774],[109.824,-7.831],[109.554,-7.771],[109.468,-7.758],[109.416,-7.771],[109.388,-7.756],[109.393,-7.722],[109.386,-7.715],[109.393,-7.695],[109.379,-7.687],[109.39,-7.67],[109.381,-7.666],[109.388,-7.659],[109.383,-7.653],[109.391,-7.644],[109.415,-7.649],[109.425,-7.632],[109.435,-7.636],[109.446,-7.62],[109.416,-7.571],[109.419,-7.559],[109.43,-7.554],[109.437,-7.528],[109.483,-7.517],[109.496,-7.506],[109.546,-7.523],[109.559,-7.511],[109.593,-7.513],[109.64,-7.48],[109.645,-7.494],[109.688,-7.502],[109.687,-7.495],[109.698,-7.496],[109.752,-7.446]]]}},{"type":"Feature","properties":{"kode":"13.05","nama":"Padang Pariaman","prov":"Sumatera Barat","kota":false},"geometry":{"type":"Polygon","coordinates":[[[100.103,-0.322],[100.101,-0.335],[100.129,-0.337],[100.138,-0.348],[100.151,-0.348],[100.158,-0.394],[100.179,-0.414],[100.214,-0.415],[100.222,-0.448],[100.243,-0.458],[100.245,-0.473],[100.264,-0.479],[100.284,-0.471],[100.29,-0.455],[100.316,-0.433],[100.321,-0.48],[100.393,-0.492],[100.383,-0.503],[100.384,-0.526],[100.403,-0.564],[100.415,-0.564],[100.419,-0.584],[100.417,-0.621],[100.398,-0.633],[100.402,-0.653],[100.427,-0.658],[100.43,-0.677],[100.441,-0.687],[100.44,-0.707],[100.458,-0.726],[100.385,-0.756],[100.367,-0.8],[100.298,-0.806],[100.291,-0.817],[100.257,-0.769],[100.159,-0.676],[100.153,-0.666],[100.164,-0.651],[100.173,-0.65],[100.174,-0.623],[100.186,-0.624],[100.163,-0.593],[100.142,-0.585],[100.144,-0.572],[100.131,-0.568],[100.132,-0.552],[100.122,-0.55],[100.092,-0.572],[100.051,-0.516],[99.962,-0.434],[99.98,-0.415],[99.982,-0.402],[100.0,-0.397],[99.984,-0.371],[99.992,-0.361],[100.046,-0.364],[100.038,-0.353],[100.059,-0.346],[100.067,-0.325],[100.103,-0.322]]]}},{"type":"Feature","properties":{"kode":"32.10","nama":"Majalengka","prov":"Jawa Barat","kota":false},"geometry":{"type":"Polygon","coordinates":[[[108.324,-6.621],[108.346,-6.626],[108.337,-6.67],[108.368,-6.699],[108.36,-6.711],[108.37,-6.732],[108.359,-6.751],[108.401,-6.779],[108.392,-6.789],[108.408,-6.893],[108.401,-6.935],[108.386,-6.953],[108.383,-7.001],[108.394,-7.028],[108.383,-7.04],[108.393,-7.058],[108.386,-7.074],[108.358,-7.052],[108.342,-7.07],[108.313,-7.057],[108.245,-7.067],[108.21,-7.053],[108.156,-7.067],[108.138,-7.039],[108.163,-7.001],[108.18,-6.957],[108.216,-6.932],[108.213,-6.888],[108.193,-6.885],[108.198,-6.87],[108.179,-6.852],[108.179,-6.833],[108.16,-6.827],[108.162,-6.81],[108.154,-6.803],[108.17,-6.786],[108.165,-6.762],[108.149,-6.755],[108.164,-6.728],[108.159,-6.721],[108.118,-6.705],[108.108,-6.688],[108.058,-6.655],[108.05,-6.638],[108.043,-6.639],[108.072,-6.611],[108.075,-6.575],[108.106,-6.561],[108.12,-6.541],[108.132,-6.555],[108.128,-6.566],[108.142,-6.565],[108.148,-6.578],[108.148,-6.606],[108.162,-6.614],[108.171,-6.604],[108.188,-6.61],[108.207,-6.573],[108.224,-6.573],[108.276,-6.592],[108.273,-6.611],[108.281,-6.621],[108.291,-6.622],[108.294,-6.615],[108.286,-6.61],[108.295,-6.609],[108.31,-6.623],[108.315,-6.608],[108.324,-6.621]]]}},{"type":"Feature","properties":{"kode":"51.08","nama":"Buleleng","prov":"Bali","kota":false},"geometry":{"type":"Polygon","coordinates":[[[115.457,-8.167],[115.415,-8.185],[115.418,-8.175],[115.394,-8.176],[115.363,-8.159],[115.358,-8.164],[115.356,-8.153],[115.347,-8.157],[115.338,-8.148],[115.332,-8.161],[115.32,-8.142],[115.32,-8.154],[115.3,-8.172],[115.284,-8.17],[115.28,-8.161],[115.255,-8.178],[115.246,-8.176],[115.232,-8.24],[115.174,-8.246],[115.138,-8.271],[115.126,-8.308],[115.105,-8.299],[115.103,-8.308],[115.069,-8.315],[115.033,-8.302],[115.028,-8.31],[115.013,-8.312],[114.981,-8.29],[114.984,-8.296],[114.962,-8.314],[114.95,-8.361],[114.936,-8.358],[114.933,-8.381],[114.927,-8.383],[114.904,-8.372],[114.872,-8.338],[114.858,-8.342],[114.823,-8.332],[114.812,-8.251],[114.773,-8.258],[114.752,-8.224],[114.732,-8.223],[114.702,-8.201],[114.684,-8.232],[114.633,-8.214],[114.605,-8.178],[114.588,-8.179],[114.579,-8.19],[114.552,-8.198],[114.548,-8.19],[114.533,-8.193],[114.505,-8.21],[114.491,-8.192],[114.46,-8.195],[114.456,-8.182],[114.467,-8.165],[114.444,-8.157],[114.434,-8.103],[114.451,-8.093],[114.494,-8.096],[114.523,-8.134],[114.522,-8.155],[114.55,-8.134],[114.564,-8.143],[114.569,-8.137],[114.562,-8.132],[114.581,-8.121],[114.591,-8.121],[114.593,-8.136],[114.603,-8.139],[114.617,-8.123],[114.64,-8.138],[114.646,-8.133],[114.655,-8.143],[114.694,-8.144],[114.823,-8.192],[114.862,-8.197],[114.906,-8.182],[114.983,-8.181],[115.004,-8.174],[115.115,-8.084],[115.159,-8.064],[115.184,-8.062],[115.294,-8.105],[115.34,-8.112],[115.36,-8.129],[115.457,-8.167]]]}},{"type":"Feature","properties":{"kode":"35.26","nama":"Bangkalan","prov":"Jawa Timur","kota":false},"geometry":{"type":"Polygon","coordinates":[[[113.125,-6.893],[113.119,-6.931],[113.097,-6.943],[113.107,-6.981],[113.121,-6.986],[113.126,-6.977],[113.135,-6.979],[113.147,-6.99],[113.146,-6.998],[113.133,-7.033],[113.11,-7.031],[113.122,-7.075],[113.12,-7.08],[113.11,-7.079],[113.114,-7.113],[113.094,-7.132],[113.097,-7.154],[113.073,-7.149],[113.067,-7.164],[113.057,-7.164],[113.048,-7.184],[113.06,-7.189],[113.06,-7.199],[113.045,-7.201],[113.04,-7.213],[112.965,-7.2],[112.891,-7.177],[112.865,-7.162],[112.777,-7.159],[112.722,-7.175],[112.691,-7.154],[112.706,-7.098],[112.686,-7.096],[112.674,-7.074],[112.683,-7.032],[112.723,-7.039],[112.772,-7.0],[112.818,-6.947],[112.828,-6.93],[112.822,-6.913],[112.827,-6.907],[112.841,-6.915],[112.858,-6.894],[112.875,-6.898],[112.879,-6.891],[112.922,-6.894],[113.034,-6.88],[113.125,-6.893]]]}},{"type":"Feature","properties":{"kode":"35.18","nama":"Nganjuk","prov":"Jawa Timur","kota":false},"geometry":{"type":"Polygon","coordinates":[[[112.069,-7.397],[112.072,-7.406],[112.063,-7.417],[112.081,-7.452],[112.079,-7.474],[112.1,-7.463],[112.141,-7.459],[112.157,-7.466],[112.168,-7.492],[112.152,-7.506],[112.151,-7.528],[112.136,-7.534],[112.111,-7.567],[112.114,-7.589],[112.097,-7.646],[112.076,-7.679],[112.075,-7.704],[112.059,-7.723],[112.028,-7.725],[112.022,-7.763],[112.002,-7.752],[111.997,-7.729],[111.988,-7.724],[111.985,-7.686],[111.954,-7.68],[111.93,-7.72],[111.814,-7.813],[111.799,-7.837],[111.786,-7.833],[111.776,-7.82],[111.767,-7.823],[111.726,-7.778],[111.733,-7.726],[111.753,-7.705],[111.757,-7.681],[111.778,-7.656],[111.804,-7.545],[111.831,-7.549],[111.849,-7.51],[111.825,-7.495],[111.82,-7.471],[111.802,-7.458],[111.821,-7.44],[111.877,-7.441],[111.905,-7.433],[111.94,-7.44],[111.959,-7.43],[111.946,-7.406],[111.958,-7.413],[111.971,-7.405],[112.02,-7.408],[112.024,-7.396],[112.035,-7.402],[112.049,-7.394],[112.069,-7.397]]]}},{"type":"Feature","properties":{"kode":"71.02","nama":"Minahasa","prov":"Sulawesi Utara","kota":false},"geometry":{"type":"Polygon","coordinates":[[[125.064,1.286],[125.024,1.143],[124.966,1.068],[124.909,1.018],[124.874,1.058],[124.871,1.074],[124.837,1.121],[124.822,1.113],[124.793,1.113],[124.77,1.097],[124.737,1.115],[124.743,1.14],[124.727,1.184],[124.73,1.211],[124.747,1.206],[124.752,1.211],[124.75,1.23],[124.76,1.252],[124.75,1.267],[124.717,1.282],[124.707,1.297],[124.723,1.316],[124.717,1.326],[124.621,1.337],[124.595,1.351],[124.588,1.369],[124.565,1.379],[124.58,1.398],[124.601,1.401],[124.618,1.419],[124.639,1.4],[124.674,1.394],[124.741,1.436],[124.752,1.454],[124.771,1.461],[124.784,1.461],[124.792,1.441],[124.823,1.428],[124.858,1.436],[124.879,1.462],[124.895,1.464],[124.904,1.452],[124.901,1.427],[124.916,1.41],[124.91,1.398],[124.926,1.377],[124.912,1.353],[124.963,1.319],[124.98,1.322],[124.982,1.336],[124.999,1.336],[124.995,1.33],[125.003,1.324],[125.022,1.326],[125.017,1.316],[125.029,1.3],[125.027,1.291],[125.064,1.286]]]}},{"type":"Feature","properties":{"kode":"32.17","nama":"Bandung Barat","prov":"Jawa Barat","kota":false},"geometry":{"type":"Polygon","coordinates":[[[107.594,-6.729],[107.604,-6.748],[107.601,-6.761],[107.618,-6.76],[107.629,-6.774],[107.662,-6.774],[107.688,-6.798],[107.708,-6.793],[107.726,-6.811],[107.746,-6.814],[107.725,-6.833],[107.703,-6.84],[107.69,-6.83],[107.661,-6.832],[107.624,-6.862],[107.613,-6.849],[107.602,-6.856],[107.604,-6.842],[107.594,-6.841],[107.572,-6.882],[107.551,-6.847],[107.552,-6.829],[107.54,-6.832],[107.537,-6.855],[107.513,-6.885],[107.511,-6.901],[107.526,-6.921],[107.522,-6.936],[107.531,-6.94],[107.505,-6.981],[107.488,-6.98],[107.486,-7.0],[107.478,-6.995],[107.47,-6.999],[107.481,-7.022],[107.473,-7.054],[107.438,-7.046],[107.425,-7.051],[107.422,-7.075],[107.407,-7.092],[107.392,-7.099],[107.381,-7.093],[107.372,-7.103],[107.359,-7.09],[107.32,-7.106],[107.303,-7.085],[107.286,-7.085],[107.253,-7.049],[107.183,-7.058],[107.195,-7.022],[107.185,-6.995],[107.19,-6.968],[107.255,-6.927],[107.283,-6.923],[107.323,-6.888],[107.34,-6.886],[107.349,-6.866],[107.349,-6.853],[107.33,-6.856],[107.314,-6.801],[107.284,-6.774],[107.297,-6.73],[107.324,-6.723],[107.344,-6.694],[107.369,-6.701],[107.374,-6.691],[107.393,-6.696],[107.407,-6.689],[107.425,-6.7],[107.452,-6.7],[107.488,-6.736],[107.502,-6.737],[107.513,-6.754],[107.555,-6.775],[107.561,-6.773],[107.571,-6.736],[107.594,-6.729]]]}},{"type":"Feature","properties":{"kode":"73.26","nama":"Toraja Utara","prov":"Sulawesi Selatan","kota":false},"geometry":{"type":"Polygon","coordinates":[[[119.886,-2.763],[119.913,-2.78],[119.942,-2.779],[119.953,-2.8],[119.961,-2.802],[119.989,-2.845],[119.984,-2.852],[120.007,-2.894],[120.005,-2.902],[120.053,-2.932],[120.049,-2.953],[120.06,-2.968],[120.051,-2.983],[120.084,-3.005],[120.086,-3.031],[120.046,-3.047],[120.034,-3.045],[120.025,-3.055],[120.011,-3.048],[120.008,-3.053],[120.027,-3.071],[120.016,-3.095],[120.023,-3.109],[120.009,-3.169],[119.987,-3.183],[119.973,-3.174],[119.978,-3.155],[119.968,-3.13],[119.978,-3.106],[119.96,-3.103],[119.969,-3.07],[119.936,-3.067],[119.927,-3.05],[119.895,-3.045],[119.894,-3.026],[119.878,-3.021],[119.853,-3.052],[119.833,-3.012],[119.818,-3.028],[119.804,-3.024],[119.812,-3.007],[119.812,-2.985],[119.808,-2.959],[119.797,-2.945],[119.774,-2.939],[119.75,-2.954],[119.719,-2.954],[119.7,-2.924],[119.683,-2.926],[119.676,-2.919],[119.69,-2.869],[119.687,-2.853],[119.697,-2.845],[119.692,-2.823],[119.674,-2.805],[119.685,-2.777],[119.679,-2.76],[119.708,-2.732],[119.748,-2.714],[119.756,-2.637],[119.744,-2.611],[119.76,-2.587],[119.784,-2.597],[119.787,-2.612],[119.835,-2.616],[119.849,-2.635],[119.839,-2.647],[119.839,-2.689],[119.853,-2.689],[119.886,-2.763]]]}},{"type":"Feature","properties":{"kode":"53.13","nama":"Lembata","prov":"Nusa Tenggara Timur","kota":false},"geometry":{"type":"Polygon","coordinates":[[[123.783,-8.171],[123.843,-8.204],[123.856,-8.229],[123.863,-8.212],[123.902,-8.215],[123.924,-8.25],[123.833,-8.284],[123.796,-8.273],[123.766,-8.288],[123.699,-8.386],[123.693,-8.412],[123.671,-8.43],[123.652,-8.426],[123.652,-8.406],[123.619,-8.407],[123.612,-8.422],[123.566,-8.454],[123.553,-8.471],[123.582,-8.506],[123.587,-8.531],[123.584,-8.542],[123.545,-8.572],[123.518,-8.564],[123.508,-8.549],[123.506,-8.526],[123.491,-8.515],[123.448,-8.536],[123.425,-8.576],[123.405,-8.584],[123.366,-8.573],[123.349,-8.558],[123.344,-8.54],[123.314,-8.527],[123.292,-8.549],[123.242,-8.539],[123.221,-8.554],[123.219,-8.535],[123.207,-8.534],[123.212,-8.511],[123.232,-8.511],[123.29,-8.464],[123.34,-8.398],[123.375,-8.388],[123.391,-8.371],[123.435,-8.367],[123.471,-8.338],[123.453,-8.315],[123.415,-8.293],[123.344,-8.304],[123.366,-8.29],[123.377,-8.267],[123.409,-8.252],[123.424,-8.268],[123.458,-8.271],[123.489,-8.243],[123.538,-8.235],[123.558,-8.241],[123.562,-8.249],[123.547,-8.259],[123.543,-8.283],[123.498,-8.338],[123.5,-8.351],[123.552,-8.369],[123.58,-8.358],[123.597,-8.334],[123.591,-8.316],[123.572,-8.311],[123.575,-8.288],[123.604,-8.29],[123.6,-8.318],[123.635,-8.291],[123.627,-8.249],[123.606,-8.239],[123.607,-8.222],[123.65,-8.218],[123.659,-8.228],[123.655,-8.249],[123.686,-8.259],[123.71,-8.242],[123.696,-8.223],[123.701,-8.217],[123.729,-8.211],[123.772,-8.171],[123.783,-8.171]]]}},{"type":"Feature","properties":{"kode":"53.14","nama":"Rote Ndao","prov":"Nusa Tenggara Timur","kota":false},"geometry":{"type":"MultiPolygon","coordinates":[[[[122.863,-10.964],[122.882,-10.978],[122.887,-10.998],[122.872,-11.007],[122.854,-10.993],[122.845,-10.97],[122.863,-10.964]]],[[[123.404,-10.499],[123.439,-10.492],[123.442,-10.501],[123.399,-10.537],[123.388,-10.559],[123.381,-10.558],[123.375,-10.544],[123.406,-10.516],[123.404,-10.499]]],[[[123.379,-10.431],[123.405,-10.455],[123.41,-10.47],[123.388,-10.487],[123.396,-10.501],[123.391,-10.521],[123.384,-10.529],[123.369,-10.529],[123.359,-10.551],[123.379,-10.554],[123.383,-10.569],[123.368,-10.584],[123.343,-10.587],[123.36,-10.6],[123.389,-10.597],[123.421,-10.614],[123.425,-10.657],[123.406,-10.669],[123.41,-10.674],[123.401,-10.687],[123.391,-10.682],[123.379,-10.691],[123.364,-10.681],[123.346,-10.686],[123.331,-10.679],[123.329,-10.692],[123.304,-10.705],[123.294,-10.723],[123.253,-10.735],[123.236,-10.754],[123.245,-10.777],[123.223,-10.827],[123.21,-10.821],[123.189,-10.837],[123.159,-10.817],[123.126,-10.818],[123.103,-10.831],[123.089,-10.857],[123.071,-10.848],[123.068,-10.856],[123.038,-10.857],[123.016,-10.866],[123.006,-10.859],[122.989,-10.861],[122.969,-10.87],[122.949,-10.893],[122.965,-10.901],[122.969,-10.915],[122.95,-10.904],[122.912,-10.925],[122.91,-10.912],[122.903,-10.912],[122.903,-10.921],[122.898,-10.911],[122.875,-10.914],[122.861,-10.92],[122.856,-10.94],[122.847,-10.942],[122.825,-10.923],[122.821,-10.892],[122.831,-10.871],[122.829,-10.854],[122.82,-10.82],[122.804,-10.803],[122.81,-10.782],[122.837,-10.788],[122.834,-10.774],[122.863,-10.757],[122.898,-10.755],[122.932,-10.738],[122.948,-10.746],[122.995,-10.732],[123.02,-10.735],[123.029,-10.725],[123.042,-10.73],[123.129,-10.643],[123.15,-10.653],[123.178,-10.637],[123.195,-10.594],[123.219,-10.596],[123.229,-10.605],[123.261,-10.605],[123.31,-10.593],[123.312,-10.576],[123.276,-10.579],[123.253,-10.603],[123.245,-10.603],[123.224,-10.597],[123.213,-10.58],[123.263,-10.521],[123.288,-10.517],[123.326,-10.501],[123.339,-10.486],[123.37,-10.478],[123.365,-10.47],[123.376,-10.457],[123.369,-10.44],[123.379,-10.431]]]]}},{"type":"Feature","properties":{"kode":"18.09","nama":"Pesawaran","prov":"Lampung","kota":false},"geometry":{"type":"MultiPolygon","coordinates":[[[[105.289,-5.792],[105.308,-5.816],[105.296,-5.818],[105.284,-5.839],[105.234,-5.835],[105.23,-5.828],[105.269,-5.809],[105.279,-5.813],[105.289,-5.792]]],[[[105.258,-5.179],[105.218,-5.179],[105.195,-5.2],[105.173,-5.195],[105.164,-5.2],[105.153,-5.23],[105.166,-5.237],[105.172,-5.271],[105.145,-5.253],[105.116,-5.3],[105.116,-5.314],[105.141,-5.313],[105.152,-5.327],[105.165,-5.327],[105.168,-5.348],[105.202,-5.347],[105.211,-5.37],[105.206,-5.384],[105.194,-5.387],[105.178,-5.407],[105.19,-5.425],[105.18,-5.433],[105.183,-5.449],[105.222,-5.446],[105.225,-5.49],[105.25,-5.483],[105.265,-5.517],[105.255,-5.526],[105.245,-5.521],[105.25,-5.547],[105.262,-5.545],[105.25,-5.565],[105.238,-5.565],[105.247,-5.58],[105.234,-5.591],[105.203,-5.577],[105.167,-5.601],[105.191,-5.628],[105.19,-5.648],[105.21,-5.647],[105.178,-5.668],[105.192,-5.68],[105.185,-5.689],[105.193,-5.702],[105.214,-5.708],[105.219,-5.718],[105.21,-5.729],[105.198,-5.718],[105.181,-5.721],[105.157,-5.755],[105.176,-5.778],[105.178,-5.771],[105.203,-5.773],[105.206,-5.767],[105.22,-5.789],[105.208,-5.784],[105.195,-5.795],[105.164,-5.793],[105.139,-5.785],[105.135,-5.77],[105.11,-5.75],[105.097,-5.706],[105.081,-5.713],[105.074,-5.646],[105.05,-5.62],[105.031,-5.621],[104.993,-5.582],[104.963,-5.576],[104.967,-5.554],[104.934,-5.487],[104.95,-5.447],[104.964,-5.436],[104.977,-5.441],[104.995,-5.427],[104.999,-5.391],[105.014,-5.399],[105.039,-5.386],[105.067,-5.389],[105.067,-5.394],[105.076,-5.39],[105.081,-5.363],[105.068,-5.361],[105.063,-5.321],[105.056,-5.315],[105.055,-5.325],[105.045,-5.321],[105.037,-5.284],[105.045,-5.266],[105.038,-5.262],[105.054,-5.259],[105.07,-5.229],[105.098,-5.23],[105.079,-5.218],[105.074,-5.225],[105.049,-5.207],[105.058,-5.195],[105.041,-5.185],[105.066,-5.152],[105.077,-5.15],[105.072,-5.134],[105.077,-5.122],[105.083,-5.119],[105.083,-5.142],[105.103,-5.139],[105.093,-5.151],[105.1,-5.161],[105.113,-5.157],[105.138,-5.164],[105.148,-5.13],[105.166,-5.135],[105.191,-5.122],[105.227,-5.154],[105.224,-5.169],[105.241,-5.168],[105.258,-5.179]]]]}},{"type":"Feature","properties":{"kode":"18.12","nama":"Tulang Bawang Barat","prov":"Lampung","kota":false},"geometry":{"type":"Polygon","coordinates":[[[105.05,-4.141],[105.067,-4.214],[105.098,-4.218],[105.101,-4.227],[105.196,-4.179],[105.213,-4.176],[105.232,-4.191],[105.222,-4.196],[105.227,-4.21],[105.216,-4.215],[105.22,-4.225],[105.19,-4.239],[105.189,-4.269],[105.156,-4.268],[105.156,-4.295],[105.16,-4.301],[105.178,-4.297],[105.201,-4.324],[105.195,-4.355],[105.223,-4.344],[105.221,-4.33],[105.232,-4.327],[105.225,-4.337],[105.238,-4.367],[105.207,-4.352],[105.199,-4.357],[105.219,-4.393],[105.242,-4.385],[105.254,-4.4],[105.241,-4.399],[105.225,-4.417],[105.213,-4.416],[105.213,-4.428],[105.203,-4.429],[105.205,-4.461],[105.184,-4.473],[105.178,-4.523],[105.164,-4.531],[105.159,-4.545],[105.175,-4.546],[105.171,-4.563],[105.18,-4.565],[105.199,-4.603],[105.185,-4.598],[105.172,-4.61],[105.179,-4.642],[105.161,-4.673],[105.145,-4.677],[105.143,-4.701],[105.125,-4.726],[105.086,-4.702],[105.072,-4.706],[105.062,-4.697],[105.06,-4.682],[105.002,-4.645],[105.011,-4.639],[105.005,-4.629],[104.996,-4.636],[104.981,-4.63],[104.986,-4.615],[104.997,-4.615],[105.0,-4.606],[104.988,-4.588],[104.994,-4.585],[104.981,-4.535],[104.926,-4.515],[104.933,-4.488],[104.945,-4.48],[104.95,-4.488],[104.957,-4.484],[104.967,-4.475],[104.966,-4.46],[104.986,-4.446],[105.01,-4.449],[105.008,-4.464],[105.017,-4.466],[105.07,-4.436],[105.05,-4.404],[105.034,-4.411],[105.01,-4.388],[104.981,-4.385],[104.982,-4.351],[105.003,-4.353],[104.989,-4.33],[104.996,-4.322],[104.996,-4.288],[104.986,-4.257],[104.954,-4.249],[104.942,-4.232],[104.953,-4.224],[104.944,-4.208],[104.953,-4.178],[104.979,-4.172],[105.003,-4.177],[105.022,-4.166],[105.036,-4.14],[105.05,-4.141]]]}},{"type":"Feature","properties":{"kode":"35.25","nama":"Gresik","prov":"Jawa Timur","kota":false},"geometry":{"type":"MultiPolygon","coordinates":[[[[112.663,-7.193],[112.625,-7.197],[112.621,-7.209],[112.612,-7.201],[112.597,-7.204],[112.601,-7.217],[112.59,-7.215],[112.607,-7.237],[112.602,-7.246],[112.63,-7.26],[112.622,-7.283],[112.63,-7.313],[112.649,-7.315],[112.649,-7.332],[112.658,-7.33],[112.665,-7.341],[112.654,-7.359],[112.588,-7.371],[112.566,-7.398],[112.544,-7.405],[112.525,-7.397],[112.495,-7.409],[112.476,-7.385],[112.48,-7.367],[112.473,-7.356],[112.486,-7.341],[112.478,-7.305],[112.459,-7.312],[112.445,-7.305],[112.439,-7.313],[112.411,-7.312],[112.395,-7.331],[112.371,-7.324],[112.389,-7.322],[112.41,-7.305],[112.412,-7.275],[112.399,-7.265],[112.415,-7.235],[112.435,-7.229],[112.456,-7.207],[112.501,-7.192],[112.506,-7.164],[112.47,-7.159],[112.476,-7.126],[112.488,-7.129],[112.501,-7.107],[112.517,-7.107],[112.536,-7.095],[112.532,-7.082],[112.552,-7.052],[112.541,-7.053],[112.524,-7.039],[112.518,-7.046],[112.502,-7.034],[112.497,-7.024],[112.512,-7.013],[112.484,-7.011],[112.479,-7.003],[112.455,-7.016],[112.449,-7.012],[112.453,-7.001],[112.43,-7.003],[112.39,-6.986],[112.367,-6.988],[112.377,-6.953],[112.406,-6.96],[112.423,-6.947],[112.43,-6.93],[112.424,-6.911],[112.448,-6.884],[112.44,-6.874],[112.474,-6.898],[112.52,-6.906],[112.54,-6.884],[112.54,-6.877],[112.521,-6.871],[112.524,-6.864],[112.556,-6.847],[112.567,-6.856],[112.573,-6.848],[112.58,-6.887],[112.606,-6.877],[112.612,-6.885],[112.617,-6.917],[112.608,-6.926],[112.594,-6.921],[112.593,-6.929],[112.615,-6.992],[112.65,-7.02],[112.643,-7.026],[112.653,-7.042],[112.651,-7.056],[112.634,-7.066],[112.634,-7.098],[112.627,-7.098],[112.623,-7.111],[112.646,-7.107],[112.647,-7.113],[112.623,-7.111],[112.634,-7.126],[112.625,-7.129],[112.631,-7.135],[112.648,-7.128],[112.648,-7.142],[112.659,-7.148],[112.676,-7.182],[112.667,-7.182],[112.663,-7.193]]],[[[112.686,-5.716],[112.705,-5.736],[112.726,-5.737],[112.724,-5.76],[112.736,-5.766],[112.73,-5.771],[112.742,-5.789],[112.728,-5.815],[112.734,-5.831],[112.691,-5.855],[112.632,-5.845],[112.622,-5.861],[112.591,-5.855],[112.577,-5.841],[112.585,-5.831],[112.57,-5.809],[112.582,-5.807],[112.58,-5.79],[112.598,-5.769],[112.612,-5.769],[112.615,-5.749],[112.628,-5.747],[112.645,-5.731],[112.67,-5.737],[112.686,-5.716]]]]}},{"type":"Feature","properties":{"kode":"35.03","nama":"Trenggalek","prov":"Jawa Timur","kota":false},"geometry":{"type":"Polygon","coordinates":[[[111.748,-7.88],[111.76,-7.924],[111.744,-7.932],[111.738,-7.958],[111.759,-7.984],[111.754,-8.031],[111.78,-8.039],[111.814,-8.088],[111.839,-8.094],[111.847,-8.106],[111.822,-8.135],[111.734,-8.142],[111.719,-8.169],[111.717,-8.191],[111.73,-8.206],[111.74,-8.203],[111.727,-8.242],[111.748,-8.258],[111.751,-8.288],[111.77,-8.289],[111.776,-8.308],[111.769,-8.309],[111.77,-8.319],[111.776,-8.325],[111.754,-8.34],[111.74,-8.331],[111.745,-8.304],[111.73,-8.288],[111.713,-8.292],[111.707,-8.303],[111.714,-8.32],[111.695,-8.322],[111.688,-8.335],[111.713,-8.352],[111.723,-8.367],[111.703,-8.368],[111.697,-8.379],[111.686,-8.368],[111.683,-8.375],[111.675,-8.371],[111.667,-8.356],[111.651,-8.366],[111.648,-8.352],[111.625,-8.35],[111.633,-8.337],[111.617,-8.32],[111.606,-8.339],[111.603,-8.325],[111.595,-8.322],[111.588,-8.334],[111.571,-8.332],[111.57,-8.313],[111.55,-8.306],[111.534,-8.315],[111.537,-8.328],[111.527,-8.332],[111.512,-8.333],[111.491,-8.314],[111.482,-8.318],[111.478,-8.305],[111.464,-8.322],[111.445,-8.302],[111.454,-8.289],[111.449,-8.269],[111.427,-8.259],[111.415,-8.276],[111.403,-8.27],[111.406,-8.258],[111.394,-8.237],[111.409,-8.213],[111.403,-8.197],[111.424,-8.192],[111.425,-8.17],[111.438,-8.165],[111.477,-8.173],[111.474,-8.153],[111.484,-8.108],[111.528,-8.107],[111.527,-8.082],[111.543,-8.066],[111.535,-8.06],[111.573,-8.048],[111.591,-8.019],[111.606,-8.019],[111.636,-8.002],[111.648,-8.004],[111.653,-8.021],[111.653,-7.983],[111.663,-7.968],[111.647,-7.955],[111.656,-7.941],[111.668,-7.945],[111.688,-7.933],[111.707,-7.907],[111.701,-7.896],[111.748,-7.88]]]}},{"type":"Feature","properties":{"kode":"32.16","nama":"Bekasi","prov":"Jawa Barat","kota":false},"geometry":{"type":"Polygon","coordinates":[[[107.098,-5.94],[107.085,-5.987],[107.085,-6.003],[107.101,-6.017],[107.096,-6.028],[107.112,-6.03],[107.129,-6.055],[107.135,-6.05],[107.13,-6.061],[107.138,-6.058],[107.143,-6.071],[107.159,-6.067],[107.179,-6.081],[107.186,-6.077],[107.19,-6.09],[107.212,-6.1],[107.248,-6.104],[107.248,-6.116],[107.269,-6.114],[107.27,-6.128],[107.281,-6.128],[107.289,-6.156],[107.278,-6.161],[107.297,-6.203],[107.292,-6.216],[107.273,-6.216],[107.284,-6.226],[107.269,-6.233],[107.276,-6.267],[107.246,-6.3],[107.236,-6.298],[107.22,-6.313],[107.216,-6.328],[107.226,-6.35],[107.216,-6.35],[107.205,-6.37],[107.221,-6.385],[107.221,-6.408],[107.212,-6.417],[107.202,-6.414],[107.202,-6.436],[107.217,-6.461],[107.208,-6.468],[107.196,-6.461],[107.189,-6.47],[107.183,-6.468],[107.174,-6.486],[107.133,-6.464],[107.129,-6.472],[107.059,-6.432],[107.055,-6.405],[107.062,-6.399],[107.052,-6.394],[107.031,-6.411],[107.019,-6.4],[107.01,-6.402],[106.991,-6.363],[107.004,-6.354],[107.014,-6.359],[107.016,-6.33],[107.037,-6.321],[107.04,-6.287],[107.029,-6.279],[107.014,-6.287],[107.014,-6.28],[107.025,-6.255],[107.041,-6.246],[107.042,-6.234],[107.03,-6.227],[107.034,-6.199],[107.006,-6.193],[107.011,-6.172],[106.973,-6.175],[106.972,-6.167],[106.97,-6.091],[107.01,-6.077],[106.995,-6.054],[106.975,-6.055],[106.974,-6.049],[107.0,-6.05],[107.016,-6.035],[107.01,-6.024],[106.995,-6.028],[106.995,-6.019],[107.006,-6.016],[106.995,-6.008],[107.007,-5.999],[107.016,-5.96],[107.004,-5.941],[106.991,-5.937],[107.008,-5.921],[107.036,-5.936],[107.022,-5.923],[107.034,-5.927],[107.038,-5.932],[107.033,-5.957],[107.076,-5.968],[107.075,-5.95],[107.062,-5.931],[107.098,-5.94]]]}},{"type":"Feature","properties":{"kode":"35.27","nama":"Sampang","prov":"Jawa Timur","kota":false},"geometry":{"type":"Polygon","coordinates":[[[113.483,-6.897],[113.478,-6.924],[113.461,-6.936],[113.46,-6.951],[113.434,-6.961],[113.42,-6.994],[113.423,-7.008],[113.392,-7.035],[113.395,-7.071],[113.381,-7.081],[113.385,-7.089],[113.364,-7.1],[113.37,-7.112],[113.362,-7.152],[113.379,-7.148],[113.381,-7.172],[113.372,-7.195],[113.377,-7.208],[113.381,-7.19],[113.397,-7.199],[113.394,-7.217],[113.275,-7.215],[113.261,-7.224],[113.225,-7.22],[113.178,-7.227],[113.152,-7.206],[113.144,-7.211],[113.15,-7.224],[113.101,-7.229],[113.04,-7.213],[113.045,-7.201],[113.06,-7.199],[113.06,-7.189],[113.048,-7.184],[113.057,-7.164],[113.067,-7.164],[113.073,-7.149],[113.097,-7.154],[113.094,-7.132],[113.114,-7.113],[113.11,-7.079],[113.12,-7.08],[113.122,-7.075],[113.11,-7.031],[113.133,-7.033],[113.146,-6.998],[113.147,-6.99],[113.135,-6.979],[113.126,-6.977],[113.121,-6.986],[113.107,-6.981],[113.097,-6.943],[113.119,-6.931],[113.125,-6.893],[113.169,-6.89],[113.198,-6.897],[113.417,-6.887],[113.483,-6.897]]]}},{"type":"Feature","properties":{"kode":"12.24","nama":"Nias Utara","prov":"Sumatera Utara","kota":false},"geometry":{"type":"Polygon","coordinates":[[[97.539,1.421],[97.498,1.382],[97.509,1.368],[97.499,1.339],[97.478,1.352],[97.471,1.348],[97.49,1.317],[97.486,1.301],[97.498,1.293],[97.49,1.287],[97.507,1.262],[97.495,1.262],[97.489,1.237],[97.488,1.188],[97.502,1.192],[97.477,1.139],[97.478,1.085],[97.47,1.084],[97.446,1.119],[97.434,1.092],[97.392,1.085],[97.362,1.09],[97.316,1.162],[97.295,1.169],[97.3,1.18],[97.284,1.194],[97.278,1.212],[97.258,1.214],[97.263,1.243],[97.246,1.251],[97.249,1.259],[97.233,1.254],[97.229,1.268],[97.219,1.274],[97.207,1.266],[97.209,1.283],[97.15,1.367],[97.101,1.407],[97.083,1.408],[97.073,1.388],[97.058,1.413],[97.136,1.435],[97.174,1.408],[97.171,1.397],[97.18,1.401],[97.178,1.411],[97.194,1.419],[97.194,1.41],[97.212,1.403],[97.275,1.419],[97.289,1.449],[97.345,1.481],[97.352,1.504],[97.335,1.523],[97.34,1.536],[97.35,1.542],[97.37,1.531],[97.395,1.5],[97.409,1.502],[97.414,1.522],[97.423,1.518],[97.442,1.473],[97.458,1.47],[97.482,1.48],[97.496,1.449],[97.507,1.446],[97.519,1.426],[97.539,1.421]]]}},{"type":"Feature","properties":{"kode":"17.01","nama":"Bengkulu Selatan","prov":"Bengkulu","kota":false},"geometry":{"type":"Polygon","coordinates":[[[103.168,-4.246],[103.191,-4.236],[103.204,-4.248],[103.224,-4.241],[103.289,-4.262],[103.282,-4.288],[103.243,-4.29],[103.228,-4.294],[103.219,-4.307],[103.201,-4.309],[103.201,-4.394],[103.168,-4.399],[103.121,-4.482],[103.08,-4.509],[103.086,-4.552],[103.08,-4.559],[103.007,-4.521],[102.899,-4.488],[102.902,-4.471],[102.884,-4.441],[102.818,-4.385],[102.796,-4.354],[102.816,-4.324],[102.828,-4.322],[102.844,-4.343],[102.861,-4.284],[102.886,-4.263],[102.918,-4.256],[102.908,-4.242],[102.881,-4.242],[102.906,-4.176],[102.939,-4.183],[102.958,-4.166],[102.987,-4.168],[102.998,-4.161],[103.028,-4.169],[103.059,-4.195],[103.063,-4.211],[103.051,-4.219],[103.07,-4.241],[103.068,-4.257],[103.082,-4.267],[103.097,-4.253],[103.12,-4.249],[103.138,-4.258],[103.159,-4.236],[103.168,-4.246]]]}},{"type":"Feature","properties":{"kode":"21.01","nama":"Bintan","prov":"Kepulauan Riau","kota":false},"geometry":{"type":"MultiPolygon","coordinates":[[[[104.716,0.758],[104.736,0.749],[104.758,0.748],[104.761,0.732],[104.734,0.717],[104.714,0.741],[104.716,0.758]]],[[[104.587,0.792],[104.613,0.787],[104.633,0.792],[104.636,0.784],[104.583,0.752],[104.578,0.767],[104.59,0.776],[104.587,0.792]]],[[[104.699,0.794],[104.746,0.786],[104.753,0.754],[104.737,0.753],[104.692,0.77],[104.685,0.778],[104.699,0.794]]],[[[104.546,0.797],[104.567,0.796],[104.585,0.786],[104.587,0.776],[104.539,0.771],[104.51,0.746],[104.509,0.773],[104.546,0.797]]],[[[104.65,0.867],[104.662,0.848],[104.665,0.826],[104.628,0.804],[104.621,0.808],[104.637,0.828],[104.633,0.846],[104.65,0.867]]],[[[104.684,0.895],[104.696,0.888],[104.694,0.854],[104.677,0.846],[104.661,0.865],[104.684,0.895]]],[[[104.627,0.896],[104.655,0.895],[104.662,0.88],[104.629,0.855],[104.617,0.872],[104.627,0.896]]],[[[107.428,0.978],[107.441,0.97],[107.462,0.975],[107.471,0.969],[107.474,0.944],[107.468,0.945],[107.466,0.925],[107.455,0.92],[107.439,0.932],[107.443,0.944],[107.43,0.952],[107.428,0.978]]],[[[107.537,1.026],[107.587,1.011],[107.602,0.997],[107.554,0.948],[107.548,0.95],[107.55,0.959],[107.571,0.987],[107.564,0.992],[107.547,0.978],[107.542,0.982],[107.552,0.993],[107.541,0.985],[107.53,1.0],[107.537,1.026]]],[[[104.787,1.028],[104.807,1.017],[104.85,1.011],[104.844,0.996],[104.854,0.982],[104.84,0.962],[104.829,0.957],[104.814,0.964],[104.83,0.975],[104.808,0.987],[104.803,1.004],[104.79,1.004],[104.787,1.028]]],[[[104.514,0.844],[104.541,0.877],[104.538,0.896],[104.552,0.915],[104.546,0.941],[104.528,0.945],[104.52,0.975],[104.498,0.979],[104.498,0.991],[104.473,0.983],[104.441,0.998],[104.458,1.02],[104.48,1.014],[104.487,1.019],[104.486,1.035],[104.476,1.027],[104.448,1.054],[104.426,1.051],[104.416,1.04],[104.415,1.056],[104.403,1.053],[104.396,1.028],[104.374,1.01],[104.344,1.02],[104.337,1.03],[104.321,1.042],[104.32,1.025],[104.339,1.025],[104.334,0.997],[104.319,0.993],[104.303,1.001],[104.255,1.002],[104.229,1.017],[104.228,1.03],[104.237,1.036],[104.232,1.051],[104.216,1.064],[104.218,1.089],[104.242,1.121],[104.331,1.141],[104.323,1.156],[104.329,1.165],[104.31,1.179],[104.343,1.187],[104.371,1.179],[104.379,1.183],[104.381,1.197],[104.401,1.202],[104.499,1.169],[104.537,1.182],[104.54,1.196],[104.551,1.2],[104.546,1.218],[104.552,1.224],[104.585,1.227],[104.587,1.205],[104.576,1.192],[104.577,1.155],[104.597,1.126],[104.632,1.11],[104.657,1.046],[104.651,1.011],[104.635,0.985],[104.647,0.959],[104.642,0.948],[104.66,0.941],[104.66,0.92],[104.653,0.907],[104.62,0.901],[104.612,0.881],[104.611,0.833],[104.593,0.81],[104.52,0.826],[104.514,0.844]]]]}},{"type":"Feature","properties":{"kode":"73.11","nama":"Barru","prov":"Sulawesi Selatan","kota":false},"geometry":{"type":"Polygon","coordinates":[[[119.621,-4.067],[119.642,-4.079],[119.667,-4.069],[119.719,-4.077],[119.721,-4.092],[119.751,-4.125],[119.748,-4.139],[119.73,-4.151],[119.735,-4.163],[119.73,-4.173],[119.757,-4.194],[119.758,-4.206],[119.722,-4.215],[119.707,-4.232],[119.716,-4.251],[119.745,-4.268],[119.743,-4.282],[119.754,-4.284],[119.759,-4.348],[119.75,-4.367],[119.759,-4.407],[119.758,-4.48],[119.791,-4.495],[119.79,-4.513],[119.811,-4.542],[119.799,-4.565],[119.8,-4.592],[119.766,-4.616],[119.756,-4.642],[119.763,-4.686],[119.787,-4.688],[119.825,-4.717],[119.818,-4.751],[119.801,-4.763],[119.788,-4.753],[119.773,-4.754],[119.755,-4.775],[119.759,-4.788],[119.749,-4.798],[119.73,-4.801],[119.723,-4.788],[119.698,-4.789],[119.682,-4.771],[119.696,-4.755],[119.692,-4.721],[119.667,-4.719],[119.661,-4.726],[119.655,-4.716],[119.661,-4.696],[119.656,-4.678],[119.667,-4.654],[119.64,-4.627],[119.631,-4.585],[119.619,-4.566],[119.59,-4.556],[119.581,-4.531],[119.6,-4.474],[119.596,-4.417],[119.609,-4.382],[119.627,-4.364],[119.629,-4.349],[119.621,-4.338],[119.636,-4.317],[119.637,-4.3],[119.627,-4.298],[119.595,-4.239],[119.623,-4.239],[119.626,-4.228],[119.609,-4.216],[119.626,-4.199],[119.625,-4.181],[119.638,-4.173],[119.636,-4.162],[119.615,-4.146],[119.62,-4.112],[119.605,-4.103],[119.617,-4.091],[119.606,-4.085],[119.621,-4.067]]]}},{"type":"Feature","properties":{"kode":"32.08","nama":"Kuningan","prov":"Jawa Barat","kota":false},"geometry":{"type":"Polygon","coordinates":[[[108.76,-6.988],[108.792,-7.003],[108.795,-7.018],[108.791,-7.032],[108.778,-7.035],[108.785,-7.057],[108.774,-7.084],[108.778,-7.096],[108.767,-7.114],[108.726,-7.115],[108.695,-7.152],[108.675,-7.157],[108.657,-7.157],[108.635,-7.139],[108.59,-7.154],[108.562,-7.171],[108.563,-7.194],[108.526,-7.181],[108.513,-7.159],[108.516,-7.141],[108.506,-7.141],[108.505,-7.131],[108.481,-7.121],[108.439,-7.118],[108.426,-7.096],[108.386,-7.074],[108.393,-7.058],[108.383,-7.04],[108.394,-7.028],[108.384,-7.011],[108.386,-6.953],[108.401,-6.935],[108.408,-6.893],[108.398,-6.795],[108.417,-6.782],[108.444,-6.781],[108.46,-6.799],[108.469,-6.792],[108.478,-6.799],[108.513,-6.791],[108.508,-6.852],[108.524,-6.857],[108.523,-6.87],[108.537,-6.87],[108.538,-6.878],[108.621,-6.91],[108.653,-6.904],[108.666,-6.917],[108.655,-6.936],[108.668,-6.94],[108.683,-6.924],[108.716,-6.945],[108.726,-6.963],[108.719,-6.995],[108.736,-7.006],[108.742,-6.995],[108.76,-6.988]]]}},{"type":"Feature","properties":{"kode":"11.75","nama":"Kota Subulussalam","prov":"Aceh","kota":true},"geometry":{"type":"Polygon","coordinates":[[[97.9,3.007],[97.955,2.983],[97.944,2.899],[97.993,2.882],[98.04,2.847],[98.05,2.822],[98.098,2.823],[98.106,2.79],[98.117,2.785],[98.069,2.764],[98.076,2.751],[98.072,2.734],[98.104,2.682],[98.11,2.611],[98.108,2.604],[98.085,2.603],[98.077,2.575],[98.007,2.583],[97.906,2.563],[97.855,2.565],[97.855,2.527],[97.865,2.527],[97.865,2.499],[97.791,2.5],[97.797,2.554],[97.825,2.637],[97.813,2.653],[97.817,2.667],[97.766,2.788],[97.788,2.8],[97.785,2.805],[97.852,2.836],[97.86,2.846],[97.859,2.883],[97.903,2.908],[97.909,2.925],[97.9,2.966],[97.815,2.983],[97.828,2.999],[97.869,3.01],[97.9,3.007]]]}},{"type":"Feature","properties":{"kode":"52.02","nama":"Lombok Tengah","prov":"Nusa Tenggara Barat","kota":false},"geometry":{"type":"Polygon","coordinates":[[[116.337,-8.411],[116.382,-8.41],[116.406,-8.434],[116.406,-8.461],[116.384,-8.491],[116.376,-8.637],[116.384,-8.653],[116.378,-8.663],[116.397,-8.684],[116.403,-8.678],[116.428,-8.691],[116.433,-8.715],[116.445,-8.721],[116.446,-8.744],[116.428,-8.756],[116.425,-8.773],[116.418,-8.776],[116.415,-8.806],[116.396,-8.818],[116.405,-8.858],[116.403,-8.865],[116.401,-8.856],[116.393,-8.856],[116.386,-8.866],[116.405,-8.9],[116.395,-8.918],[116.392,-8.952],[116.376,-8.956],[116.367,-8.925],[116.379,-8.913],[116.376,-8.904],[116.366,-8.909],[116.347,-8.898],[116.338,-8.903],[116.347,-8.931],[116.331,-8.912],[116.297,-8.91],[116.28,-8.893],[116.276,-8.908],[116.251,-8.903],[116.238,-8.917],[116.228,-8.9],[116.227,-8.909],[116.207,-8.901],[116.197,-8.913],[116.173,-8.912],[116.156,-8.894],[116.162,-8.873],[116.155,-8.864],[116.109,-8.873],[116.113,-8.863],[116.093,-8.852],[116.092,-8.839],[116.121,-8.806],[116.133,-8.768],[116.142,-8.766],[116.13,-8.744],[116.134,-8.737],[116.166,-8.732],[116.177,-8.712],[116.168,-8.673],[116.181,-8.68],[116.196,-8.674],[116.189,-8.643],[116.175,-8.622],[116.249,-8.593],[116.265,-8.579],[116.267,-8.564],[116.296,-8.55],[116.289,-8.531],[116.321,-8.505],[116.306,-8.457],[116.337,-8.411]]]}},{"type":"Feature","properties":{"kode":"73.02","nama":"Bulukumba","prov":"Sulawesi Selatan","kota":false},"geometry":{"type":"Polygon","coordinates":[[[120.334,-5.288],[120.362,-5.322],[120.406,-5.346],[120.405,-5.384],[120.434,-5.445],[120.433,-5.452],[120.425,-5.452],[120.424,-5.465],[120.451,-5.479],[120.443,-5.496],[120.448,-5.567],[120.459,-5.574],[120.464,-5.608],[120.474,-5.62],[120.46,-5.62],[120.447,-5.608],[120.434,-5.612],[120.405,-5.594],[120.38,-5.57],[120.365,-5.535],[120.347,-5.515],[120.312,-5.507],[120.276,-5.538],[120.22,-5.541],[120.189,-5.566],[120.171,-5.564],[120.13,-5.588],[120.106,-5.589],[120.096,-5.563],[120.102,-5.556],[120.091,-5.492],[120.052,-5.448],[120.055,-5.436],[120.026,-5.412],[120.035,-5.407],[120.029,-5.393],[120.004,-5.387],[119.972,-5.392],[119.958,-5.381],[119.957,-5.344],[120.0,-5.321],[120.04,-5.347],[120.062,-5.334],[120.074,-5.339],[120.079,-5.316],[120.13,-5.308],[120.141,-5.288],[120.178,-5.313],[120.264,-5.286],[120.302,-5.291],[120.305,-5.302],[120.334,-5.288]]]}},{"type":"Feature","properties":{"kode":"33.08","nama":"Magelang","prov":"Jawa Tengah","kota":false},"geometry":{"type":"Polygon","coordinates":[[[110.439,-7.454],[110.416,-7.496],[110.384,-7.508],[110.418,-7.519],[110.445,-7.541],[110.366,-7.615],[110.304,-7.655],[110.27,-7.706],[110.261,-7.685],[110.264,-7.646],[110.255,-7.642],[110.239,-7.653],[110.212,-7.647],[110.206,-7.653],[110.187,-7.646],[110.148,-7.65],[110.125,-7.631],[110.12,-7.609],[110.102,-7.584],[110.102,-7.57],[110.059,-7.574],[110.059,-7.56],[110.044,-7.535],[110.052,-7.482],[110.065,-7.46],[110.06,-7.421],[110.078,-7.382],[110.133,-7.388],[110.176,-7.382],[110.189,-7.388],[110.195,-7.381],[110.212,-7.398],[110.237,-7.373],[110.252,-7.37],[110.255,-7.383],[110.268,-7.381],[110.281,-7.367],[110.314,-7.354],[110.326,-7.324],[110.379,-7.335],[110.382,-7.354],[110.403,-7.364],[110.414,-7.417],[110.439,-7.454]]]}},{"type":"Feature","properties":{"kode":"35.04","nama":"Tulungagung","prov":"Jawa Timur","kota":false},"geometry":{"type":"Polygon","coordinates":[[[111.799,-7.837],[111.803,-7.866],[111.83,-7.877],[111.863,-7.908],[111.883,-7.947],[111.928,-7.963],[111.945,-7.953],[111.957,-8.009],[111.972,-8.043],[111.996,-8.062],[111.989,-8.076],[111.997,-8.092],[112.079,-8.119],[112.097,-8.112],[112.121,-8.125],[112.115,-8.159],[112.105,-8.158],[112.079,-8.188],[112.067,-8.187],[112.064,-8.177],[112.051,-8.18],[112.029,-8.169],[112.023,-8.244],[112.031,-8.263],[112.024,-8.281],[112.034,-8.31],[111.95,-8.277],[111.939,-8.283],[111.935,-8.293],[111.944,-8.296],[111.938,-8.306],[111.916,-8.297],[111.906,-8.303],[111.876,-8.291],[111.849,-8.264],[111.838,-8.261],[111.841,-8.28],[111.833,-8.281],[111.795,-8.255],[111.776,-8.259],[111.77,-8.27],[111.779,-8.276],[111.77,-8.289],[111.759,-8.29],[111.751,-8.288],[111.748,-8.258],[111.727,-8.242],[111.74,-8.203],[111.73,-8.206],[111.716,-8.184],[111.734,-8.142],[111.822,-8.135],[111.847,-8.106],[111.839,-8.094],[111.814,-8.088],[111.78,-8.039],[111.754,-8.031],[111.759,-7.984],[111.738,-7.958],[111.744,-7.932],[111.76,-7.924],[111.757,-7.899],[111.778,-7.863],[111.771,-7.856],[111.786,-7.833],[111.799,-7.837]]]}},{"type":"Feature","properties":{"kode":"33.04","nama":"Banjarnegara","prov":"Jawa Tengah","kota":false},"geometry":{"type":"Polygon","coordinates":[[[109.917,-7.19],[109.907,-7.221],[109.862,-7.233],[109.84,-7.286],[109.798,-7.325],[109.783,-7.363],[109.76,-7.386],[109.795,-7.41],[109.829,-7.42],[109.833,-7.447],[109.784,-7.446],[109.765,-7.436],[109.698,-7.496],[109.687,-7.495],[109.688,-7.502],[109.645,-7.494],[109.64,-7.48],[109.593,-7.513],[109.559,-7.511],[109.546,-7.523],[109.496,-7.506],[109.483,-7.517],[109.437,-7.528],[109.433,-7.536],[109.404,-7.541],[109.364,-7.518],[109.362,-7.485],[109.402,-7.476],[109.401,-7.468],[109.418,-7.479],[109.424,-7.459],[109.446,-7.456],[109.45,-7.447],[109.456,-7.453],[109.49,-7.444],[109.508,-7.448],[109.501,-7.412],[109.548,-7.402],[109.53,-7.354],[109.518,-7.343],[109.527,-7.324],[109.563,-7.332],[109.567,-7.301],[109.585,-7.293],[109.569,-7.265],[109.539,-7.244],[109.567,-7.222],[109.578,-7.222],[109.59,-7.207],[109.611,-7.211],[109.635,-7.178],[109.679,-7.173],[109.69,-7.195],[109.727,-7.202],[109.751,-7.181],[109.799,-7.171],[109.833,-7.189],[109.848,-7.178],[109.877,-7.191],[109.888,-7.18],[109.901,-7.194],[109.917,-7.19]]]}},{"type":"Feature","properties":{"kode":"53.04","nama":"Belu","prov":"Nusa Tenggara Timur","kota":false},"geometry":{"type":"Polygon","coordinates":[[[124.838,-9.334],[124.834,-9.292],[124.847,-9.288],[124.844,-9.276],[124.852,-9.279],[124.858,-9.261],[124.839,-9.242],[124.832,-9.248],[124.826,-9.242],[124.837,-9.23],[124.836,-9.217],[124.82,-9.199],[124.821,-9.174],[124.81,-9.168],[124.827,-9.146],[124.821,-9.144],[124.814,-9.102],[124.82,-9.078],[124.804,-9.054],[124.796,-9.012],[124.816,-9.002],[124.851,-9.007],[124.877,-8.981],[124.945,-8.957],[124.952,-8.967],[124.934,-8.995],[124.932,-9.028],[124.944,-9.049],[124.984,-9.066],[125.007,-9.061],[125.009,-9.051],[125.043,-9.032],[125.077,-9.022],[125.099,-9.0],[125.108,-8.969],[125.181,-9.021],[125.189,-9.046],[125.173,-9.106],[125.179,-9.113],[125.172,-9.122],[125.176,-9.142],[125.193,-9.154],[125.175,-9.174],[125.133,-9.175],[125.097,-9.202],[125.075,-9.176],[125.052,-9.169],[125.041,-9.175],[125.014,-9.169],[124.999,-9.186],[124.983,-9.191],[124.982,-9.239],[124.997,-9.263],[124.995,-9.29],[125.011,-9.3],[125.002,-9.32],[124.988,-9.33],[124.996,-9.352],[124.98,-9.38],[124.96,-9.394],[124.93,-9.377],[124.916,-9.382],[124.899,-9.363],[124.881,-9.386],[124.872,-9.381],[124.85,-9.388],[124.843,-9.384],[124.843,-9.36],[124.83,-9.363],[124.818,-9.343],[124.838,-9.334]]]}},{"type":"Feature","properties":{"kode":"33.27","nama":"Pemalang","prov":"Jawa Tengah","kota":false},"geometry":{"type":"Polygon","coordinates":[[[109.596,-6.841],[109.583,-6.853],[109.584,-6.872],[109.569,-6.882],[109.561,-6.924],[109.513,-6.947],[109.498,-6.966],[109.499,-7.0],[109.485,-7.031],[109.505,-7.1],[109.491,-7.12],[109.493,-7.134],[109.524,-7.194],[109.521,-7.216],[109.532,-7.231],[109.507,-7.239],[109.478,-7.224],[109.457,-7.196],[109.453,-7.166],[109.444,-7.163],[109.41,-7.202],[109.382,-7.19],[109.346,-7.212],[109.326,-7.21],[109.255,-7.225],[109.224,-7.246],[109.203,-7.247],[109.213,-7.233],[109.2,-7.224],[109.198,-7.17],[109.188,-7.156],[109.195,-7.145],[109.187,-7.137],[109.215,-7.13],[109.233,-7.081],[109.273,-7.056],[109.289,-7.0],[109.312,-6.989],[109.335,-6.957],[109.329,-6.954],[109.329,-6.923],[109.36,-6.882],[109.351,-6.862],[109.391,-6.859],[109.44,-6.841],[109.507,-6.791],[109.513,-6.794],[109.524,-6.774],[109.552,-6.819],[109.575,-6.837],[109.596,-6.841]]]}},{"type":"Feature","properties":{"kode":"53.21","nama":"Malaka","prov":"Nusa Tenggara Timur","kota":false},"geometry":{"type":"Polygon","coordinates":[[[124.808,-9.788],[124.809,-9.78],[124.798,-9.771],[124.799,-9.744],[124.821,-9.669],[124.82,-9.657],[124.796,-9.643],[124.8,-9.618],[124.788,-9.61],[124.786,-9.598],[124.764,-9.598],[124.758,-9.61],[124.771,-9.613],[124.792,-9.637],[124.736,-9.651],[124.7,-9.628],[124.68,-9.631],[124.653,-9.618],[124.642,-9.595],[124.645,-9.585],[124.694,-9.586],[124.704,-9.562],[124.725,-9.555],[124.733,-9.553],[124.737,-9.562],[124.757,-9.56],[124.739,-9.51],[124.729,-9.513],[124.721,-9.504],[124.739,-9.498],[124.753,-9.482],[124.767,-9.482],[124.77,-9.468],[124.782,-9.47],[124.781,-9.453],[124.798,-9.425],[124.793,-9.41],[124.779,-9.4],[124.785,-9.391],[124.801,-9.388],[124.809,-9.369],[124.802,-9.35],[124.82,-9.345],[124.83,-9.363],[124.843,-9.36],[124.843,-9.384],[124.85,-9.388],[124.872,-9.381],[124.881,-9.386],[124.899,-9.363],[124.916,-9.382],[124.93,-9.377],[124.96,-9.394],[124.986,-9.372],[124.996,-9.352],[124.988,-9.33],[125.002,-9.32],[125.011,-9.3],[125.052,-9.331],[125.053,-9.364],[125.079,-9.39],[125.079,-9.443],[125.089,-9.457],[125.071,-9.481],[125.028,-9.508],[124.988,-9.559],[124.993,-9.569],[124.983,-9.635],[124.948,-9.681],[124.89,-9.699],[124.847,-9.738],[124.808,-9.788]]]}},{"type":"Feature","properties":{"kode":"32.18","nama":"Pangandaran","prov":"Jawa Barat","kota":false},"geometry":{"type":"Polygon","coordinates":[[[108.718,-7.469],[108.755,-7.559],[108.749,-7.567],[108.751,-7.592],[108.743,-7.591],[108.737,-7.61],[108.765,-7.65],[108.778,-7.653],[108.79,-7.67],[108.8,-7.668],[108.794,-7.691],[108.778,-7.696],[108.773,-7.69],[108.763,-7.696],[108.695,-7.676],[108.676,-7.683],[108.659,-7.701],[108.676,-7.718],[108.671,-7.729],[108.651,-7.719],[108.656,-7.702],[108.641,-7.688],[108.584,-7.684],[108.539,-7.692],[108.517,-7.699],[108.502,-7.714],[108.497,-7.74],[108.508,-7.764],[108.496,-7.793],[108.447,-7.82],[108.378,-7.814],[108.343,-7.819],[108.341,-7.802],[108.324,-7.796],[108.324,-7.758],[108.313,-7.724],[108.331,-7.716],[108.317,-7.693],[108.352,-7.683],[108.366,-7.661],[108.355,-7.637],[108.361,-7.601],[108.355,-7.568],[108.334,-7.551],[108.34,-7.495],[108.352,-7.498],[108.372,-7.479],[108.4,-7.479],[108.412,-7.498],[108.417,-7.491],[108.433,-7.505],[108.453,-7.504],[108.458,-7.516],[108.485,-7.529],[108.521,-7.524],[108.534,-7.535],[108.522,-7.544],[108.524,-7.569],[108.551,-7.574],[108.647,-7.54],[108.66,-7.513],[108.649,-7.468],[108.699,-7.462],[108.706,-7.477],[108.718,-7.469]]]}},{"type":"Feature","properties":{"kode":"17.09","nama":"Bengkulu Tengah","prov":"Bengkulu","kota":false},"geometry":{"type":"Polygon","coordinates":[[[102.446,-3.529],[102.433,-3.546],[102.486,-3.559],[102.491,-3.575],[102.514,-3.593],[102.513,-3.619],[102.531,-3.659],[102.542,-3.659],[102.55,-3.676],[102.578,-3.683],[102.573,-3.699],[102.58,-3.704],[102.583,-3.745],[102.597,-3.748],[102.598,-3.767],[102.62,-3.802],[102.606,-3.811],[102.574,-3.804],[102.563,-3.808],[102.553,-3.833],[102.518,-3.834],[102.49,-3.852],[102.49,-3.86],[102.462,-3.844],[102.415,-3.869],[102.392,-3.871],[102.39,-3.854],[102.362,-3.855],[102.349,-3.824],[102.354,-3.813],[102.332,-3.798],[102.335,-3.785],[102.326,-3.782],[102.33,-3.773],[102.315,-3.775],[102.299,-3.741],[102.27,-3.744],[102.258,-3.756],[102.234,-3.718],[102.245,-3.708],[102.237,-3.684],[102.2,-3.647],[102.215,-3.636],[102.207,-3.626],[102.211,-3.606],[102.199,-3.593],[102.233,-3.562],[102.244,-3.584],[102.243,-3.608],[102.258,-3.605],[102.26,-3.551],[102.33,-3.53],[102.369,-3.495],[102.39,-3.496],[102.417,-3.476],[102.429,-3.511],[102.424,-3.524],[102.446,-3.529]]]}},{"type":"Feature","properties":{"kode":"35.19","nama":"Madiun","prov":"Jawa Timur","kota":false},"geometry":{"type":"Polygon","coordinates":[[[111.674,-7.411],[111.77,-7.47],[111.813,-7.463],[111.825,-7.495],[111.849,-7.51],[111.831,-7.549],[111.804,-7.545],[111.778,-7.656],[111.757,-7.681],[111.753,-7.705],[111.733,-7.726],[111.726,-7.778],[111.751,-7.799],[111.715,-7.811],[111.694,-7.805],[111.688,-7.786],[111.659,-7.767],[111.608,-7.782],[111.599,-7.778],[111.596,-7.789],[111.57,-7.802],[111.508,-7.798],[111.466,-7.777],[111.456,-7.784],[111.45,-7.779],[111.459,-7.725],[111.488,-7.7],[111.497,-7.699],[111.499,-7.674],[111.511,-7.659],[111.528,-7.664],[111.542,-7.659],[111.558,-7.599],[111.52,-7.597],[111.512,-7.608],[111.501,-7.608],[111.499,-7.641],[111.512,-7.636],[111.512,-7.649],[111.501,-7.659],[111.482,-7.66],[111.486,-7.634],[111.469,-7.641],[111.452,-7.62],[111.474,-7.609],[111.479,-7.579],[111.488,-7.565],[111.5,-7.567],[111.511,-7.538],[111.53,-7.546],[111.536,-7.538],[111.548,-7.539],[111.561,-7.547],[111.56,-7.536],[111.547,-7.536],[111.552,-7.528],[111.584,-7.522],[111.58,-7.515],[111.613,-7.467],[111.627,-7.467],[111.642,-7.451],[111.652,-7.451],[111.651,-7.439],[111.674,-7.411]]]}},{"type":"Feature","properties":{"kode":"35.17","nama":"Jombang","prov":"Jawa Timur","kota":false},"geometry":{"type":"Polygon","coordinates":[[[112.346,-7.345],[112.332,-7.38],[112.352,-7.416],[112.334,-7.454],[112.405,-7.461],[112.374,-7.487],[112.374,-7.526],[112.364,-7.553],[112.387,-7.614],[112.38,-7.636],[112.39,-7.651],[112.409,-7.644],[112.412,-7.673],[112.448,-7.743],[112.456,-7.779],[112.442,-7.776],[112.436,-7.765],[112.428,-7.771],[112.417,-7.764],[112.396,-7.776],[112.31,-7.731],[112.267,-7.723],[112.257,-7.728],[112.215,-7.689],[112.218,-7.677],[112.165,-7.613],[112.118,-7.604],[112.111,-7.593],[112.111,-7.567],[112.136,-7.534],[112.151,-7.528],[112.152,-7.506],[112.168,-7.492],[112.157,-7.466],[112.141,-7.459],[112.1,-7.463],[112.079,-7.474],[112.081,-7.452],[112.063,-7.417],[112.076,-7.384],[112.106,-7.383],[112.172,-7.358],[112.211,-7.349],[112.25,-7.363],[112.275,-7.357],[112.306,-7.358],[112.313,-7.365],[112.308,-7.352],[112.346,-7.345]]]}},{"type":"Feature","properties":{"kode":"33.09","nama":"Boyolali","prov":"Jawa Tengah","kota":false},"geometry":{"type":"Polygon","coordinates":[[[110.839,-7.263],[110.804,-7.263],[110.793,-7.278],[110.803,-7.327],[110.8,-7.349],[110.787,-7.364],[110.802,-7.369],[110.773,-7.392],[110.769,-7.415],[110.782,-7.433],[110.77,-7.441],[110.796,-7.462],[110.805,-7.459],[110.815,-7.523],[110.801,-7.534],[110.781,-7.524],[110.709,-7.532],[110.711,-7.549],[110.727,-7.554],[110.703,-7.594],[110.64,-7.586],[110.6,-7.569],[110.597,-7.588],[110.574,-7.582],[110.545,-7.604],[110.551,-7.61],[110.542,-7.616],[110.544,-7.625],[110.531,-7.626],[110.466,-7.545],[110.436,-7.537],[110.418,-7.519],[110.386,-7.513],[110.384,-7.508],[110.424,-7.487],[110.45,-7.429],[110.464,-7.41],[110.481,-7.402],[110.5,-7.412],[110.507,-7.407],[110.516,-7.416],[110.511,-7.42],[110.517,-7.44],[110.539,-7.434],[110.556,-7.449],[110.564,-7.428],[110.571,-7.437],[110.576,-7.426],[110.596,-7.451],[110.586,-7.449],[110.583,-7.44],[110.566,-7.444],[110.583,-7.448],[110.585,-7.463],[110.579,-7.464],[110.602,-7.49],[110.66,-7.497],[110.655,-7.473],[110.629,-7.465],[110.645,-7.447],[110.622,-7.454],[110.638,-7.403],[110.623,-7.381],[110.636,-7.37],[110.632,-7.339],[110.641,-7.325],[110.607,-7.332],[110.6,-7.292],[110.614,-7.283],[110.624,-7.286],[110.626,-7.269],[110.637,-7.263],[110.623,-7.223],[110.644,-7.219],[110.684,-7.242],[110.692,-7.239],[110.706,-7.216],[110.689,-7.192],[110.726,-7.163],[110.742,-7.139],[110.75,-7.149],[110.744,-7.164],[110.757,-7.169],[110.761,-7.187],[110.777,-7.184],[110.785,-7.195],[110.767,-7.244],[110.789,-7.244],[110.831,-7.198],[110.858,-7.212],[110.843,-7.217],[110.829,-7.239],[110.839,-7.263]]]}},{"type":"Feature","properties":{"kode":"73.01","nama":"Kepulauan Selayar","prov":"Sulawesi Selatan","kota":false},"geometry":{"type":"MultiPolygon","coordinates":[[[[121.759,-7.345],[121.828,-7.333],[121.84,-7.352],[121.84,-7.372],[121.824,-7.396],[121.782,-7.423],[121.755,-7.423],[121.745,-7.411],[121.745,-7.385],[121.759,-7.345]]],[[[121.086,-7.304],[121.096,-7.304],[121.108,-7.319],[121.126,-7.321],[121.137,-7.34],[121.163,-7.347],[121.167,-7.358],[121.156,-7.372],[121.1,-7.398],[121.061,-7.374],[121.082,-7.362],[121.078,-7.33],[121.086,-7.304]]],[[[120.819,-7.259],[120.9,-7.273],[120.921,-7.285],[121.003,-7.282],[121.064,-7.301],[121.052,-7.327],[121.001,-7.332],[120.956,-7.325],[120.932,-7.308],[120.898,-7.311],[120.855,-7.294],[120.831,-7.299],[120.806,-7.287],[120.795,-7.272],[120.819,-7.259]]],[[[120.632,-7.0],[120.657,-7.019],[120.673,-7.043],[120.737,-7.075],[120.76,-7.079],[120.783,-7.059],[120.783,-7.095],[120.768,-7.135],[120.745,-7.128],[120.699,-7.134],[120.661,-7.121],[120.653,-7.126],[120.671,-7.13],[120.679,-7.14],[120.668,-7.146],[120.635,-7.129],[120.625,-7.118],[120.635,-7.099],[120.619,-7.095],[120.617,-7.08],[120.604,-7.075],[120.627,-7.048],[120.62,-7.005],[120.632,-7.0]]],[[[120.8,-6.789],[120.814,-6.832],[120.799,-6.866],[120.791,-6.821],[120.779,-6.799],[120.788,-6.779],[120.8,-6.789]]],[[[120.421,-6.129],[120.427,-6.196],[120.415,-6.209],[120.397,-6.198],[120.392,-6.18],[120.415,-6.115],[120.421,-6.129]]],[[[120.495,-5.768],[120.505,-5.782],[120.502,-5.813],[120.516,-5.836],[120.525,-5.835],[120.53,-5.845],[120.534,-5.919],[120.559,-5.992],[120.568,-6.056],[120.555,-6.073],[120.554,-6.107],[120.544,-6.112],[120.551,-6.123],[120.54,-6.124],[120.549,-6.129],[120.529,-6.188],[120.525,-6.221],[120.531,-6.245],[120.538,-6.246],[120.538,-6.328],[120.521,-6.338],[120.527,-6.345],[120.519,-6.348],[120.521,-6.365],[120.514,-6.363],[120.506,-6.393],[120.493,-6.4],[120.51,-6.442],[120.493,-6.468],[120.485,-6.497],[120.461,-6.413],[120.461,-6.403],[120.469,-6.399],[120.461,-6.398],[120.457,-6.388],[120.471,-6.385],[120.477,-6.308],[120.471,-6.3],[120.481,-6.284],[120.472,-6.271],[120.446,-6.267],[120.445,-6.2],[120.429,-6.187],[120.43,-6.17],[120.449,-6.158],[120.448,-6.14],[120.466,-6.092],[120.451,-6.064],[120.445,-5.959],[120.46,-5.799],[120.475,-5.774],[120.495,-5.768]]]]}},{"type":"Feature","properties":{"kode":"33.06","nama":"Purworejo","prov":"Jawa Tengah","kota":false},"geometry":{"type":"Polygon","coordinates":[[[109.974,-7.535],[109.968,-7.562],[109.981,-7.577],[109.996,-7.577],[109.997,-7.59],[110.017,-7.586],[110.016,-7.565],[110.035,-7.552],[110.034,-7.533],[110.044,-7.535],[110.052,-7.548],[110.059,-7.574],[110.102,-7.57],[110.121,-7.623],[110.141,-7.645],[110.116,-7.674],[110.138,-7.695],[110.132,-7.702],[110.134,-7.722],[110.124,-7.731],[110.129,-7.75],[110.113,-7.764],[110.111,-7.777],[110.064,-7.812],[110.034,-7.893],[109.824,-7.831],[109.839,-7.774],[109.832,-7.723],[109.8,-7.707],[109.798,-7.696],[109.808,-7.671],[109.798,-7.647],[109.815,-7.631],[109.816,-7.595],[109.872,-7.548],[109.868,-7.531],[109.875,-7.527],[109.879,-7.533],[109.901,-7.518],[109.941,-7.534],[109.974,-7.535]]]}},{"type":"Feature","properties":{"kode":"33.22","nama":"Semarang","prov":"Jawa Tengah","kota":false},"geometry":{"type":"Polygon","coordinates":[[[110.456,-7.08],[110.5,-7.097],[110.506,-7.123],[110.546,-7.13],[110.574,-7.153],[110.539,-7.183],[110.546,-7.193],[110.571,-7.189],[110.58,-7.2],[110.613,-7.2],[110.611,-7.226],[110.624,-7.229],[110.637,-7.263],[110.626,-7.269],[110.624,-7.286],[110.614,-7.283],[110.6,-7.292],[110.6,-7.315],[110.613,-7.335],[110.641,-7.325],[110.632,-7.339],[110.636,-7.37],[110.623,-7.381],[110.638,-7.403],[110.622,-7.454],[110.645,-7.447],[110.629,-7.465],[110.655,-7.473],[110.66,-7.497],[110.602,-7.49],[110.579,-7.464],[110.585,-7.463],[110.583,-7.448],[110.566,-7.443],[110.583,-7.44],[110.586,-7.449],[110.596,-7.451],[110.586,-7.442],[110.591,-7.439],[110.575,-7.426],[110.571,-7.437],[110.564,-7.428],[110.558,-7.45],[110.539,-7.434],[110.517,-7.44],[110.511,-7.42],[110.516,-7.416],[110.507,-7.407],[110.5,-7.412],[110.481,-7.402],[110.465,-7.408],[110.437,-7.452],[110.414,-7.417],[110.403,-7.364],[110.382,-7.354],[110.379,-7.335],[110.326,-7.324],[110.327,-7.314],[110.314,-7.31],[110.333,-7.297],[110.275,-7.252],[110.272,-7.236],[110.248,-7.207],[110.257,-7.194],[110.304,-7.196],[110.366,-7.176],[110.344,-7.156],[110.353,-7.136],[110.35,-7.105],[110.374,-7.105],[110.373,-7.096],[110.386,-7.115],[110.416,-7.108],[110.423,-7.098],[110.437,-7.099],[110.456,-7.08]]]}},{"type":"Feature","properties":{"kode":"32.09","nama":"Cirebon","prov":"Jawa Barat","kota":false},"geometry":{"type":"Polygon","coordinates":[[[108.562,-6.691],[108.543,-6.697],[108.549,-6.726],[108.535,-6.726],[108.519,-6.741],[108.537,-6.761],[108.53,-6.779],[108.544,-6.796],[108.56,-6.756],[108.591,-6.743],[108.612,-6.768],[108.633,-6.768],[108.654,-6.75],[108.675,-6.765],[108.686,-6.8],[108.75,-6.815],[108.804,-6.783],[108.811,-6.774],[108.806,-6.758],[108.824,-6.748],[108.824,-6.739],[108.842,-6.741],[108.846,-6.759],[108.835,-6.757],[108.827,-6.769],[108.833,-6.8],[108.825,-6.803],[108.825,-6.832],[108.793,-6.879],[108.765,-6.894],[108.754,-6.918],[108.763,-6.942],[108.757,-6.958],[108.76,-6.988],[108.742,-6.995],[108.739,-7.005],[108.719,-6.995],[108.726,-6.963],[108.708,-6.938],[108.683,-6.924],[108.663,-6.94],[108.652,-6.932],[108.666,-6.917],[108.653,-6.904],[108.621,-6.91],[108.538,-6.878],[108.537,-6.87],[108.523,-6.87],[108.524,-6.857],[108.508,-6.852],[108.513,-6.791],[108.478,-6.799],[108.469,-6.792],[108.46,-6.799],[108.444,-6.781],[108.417,-6.782],[108.398,-6.795],[108.392,-6.789],[108.399,-6.774],[108.359,-6.751],[108.37,-6.732],[108.36,-6.711],[108.368,-6.699],[108.337,-6.67],[108.347,-6.639],[108.344,-6.623],[108.324,-6.621],[108.331,-6.594],[108.361,-6.555],[108.418,-6.524],[108.431,-6.52],[108.447,-6.532],[108.443,-6.565],[108.458,-6.572],[108.475,-6.558],[108.487,-6.559],[108.491,-6.545],[108.525,-6.518],[108.539,-6.516],[108.562,-6.691]]]}},{"type":"Feature","properties":{"kode":"33.17","nama":"Rembang","prov":"Jawa Tengah","kota":false},"geometry":{"type":"Polygon","coordinates":[[[111.691,-6.754],[111.684,-6.771],[111.669,-6.764],[111.661,-6.777],[111.668,-6.802],[111.656,-6.827],[111.619,-6.822],[111.602,-6.912],[111.577,-6.905],[111.544,-6.909],[111.533,-6.889],[111.496,-6.894],[111.489,-6.882],[111.476,-6.886],[111.454,-6.876],[111.425,-6.894],[111.414,-6.884],[111.378,-6.891],[111.348,-6.886],[111.33,-6.869],[111.263,-6.856],[111.256,-6.837],[111.27,-6.829],[111.245,-6.796],[111.247,-6.764],[111.234,-6.753],[111.243,-6.707],[111.234,-6.687],[111.292,-6.688],[111.343,-6.703],[111.382,-6.702],[111.462,-6.664],[111.465,-6.641],[111.493,-6.621],[111.509,-6.633],[111.562,-6.639],[111.691,-6.754]]]}},{"type":"Feature","properties":{"kode":"36.03","nama":"Tangerang","prov":"Banten","kota":false},"geometry":{"type":"Polygon","coordinates":[[[106.725,-6.09],[106.676,-6.099],[106.673,-6.12],[106.641,-6.123],[106.642,-6.108],[106.636,-6.106],[106.631,-6.121],[106.614,-6.127],[106.613,-6.148],[106.59,-6.148],[106.592,-6.159],[106.579,-6.172],[106.553,-6.184],[106.554,-6.199],[106.569,-6.206],[106.565,-6.211],[106.589,-6.223],[106.595,-6.208],[106.605,-6.208],[106.619,-6.228],[106.638,-6.23],[106.652,-6.269],[106.646,-6.276],[106.658,-6.292],[106.661,-6.327],[106.647,-6.344],[106.656,-6.36],[106.604,-6.362],[106.588,-6.356],[106.573,-6.338],[106.526,-6.326],[106.513,-6.325],[106.529,-6.338],[106.526,-6.349],[106.476,-6.351],[106.484,-6.323],[106.468,-6.304],[106.427,-6.348],[106.406,-6.34],[106.394,-6.314],[106.392,-6.275],[106.383,-6.261],[106.386,-6.228],[106.367,-6.218],[106.379,-6.201],[106.374,-6.191],[106.391,-6.179],[106.393,-6.152],[106.377,-6.129],[106.351,-6.11],[106.353,-6.092],[106.339,-6.063],[106.349,-6.063],[106.352,-6.05],[106.412,-6.024],[106.486,-6.048],[106.521,-6.035],[106.535,-6.011],[106.549,-6.023],[106.588,-6.032],[106.649,-6.005],[106.663,-6.022],[106.679,-6.013],[106.709,-6.036],[106.709,-6.056],[106.725,-6.09]]]}},{"type":"Feature","properties":{"kode":"33.07","nama":"Wonosobo","prov":"Jawa Tengah","kota":false},"geometry":{"type":"Polygon","coordinates":[[[109.927,-7.191],[109.995,-7.262],[109.99,-7.276],[109.996,-7.3],[110.019,-7.323],[110.029,-7.345],[110.074,-7.385],[110.06,-7.421],[110.065,-7.46],[110.052,-7.482],[110.046,-7.535],[110.034,-7.533],[110.035,-7.552],[110.017,-7.563],[110.017,-7.586],[109.997,-7.59],[109.996,-7.577],[109.981,-7.577],[109.968,-7.562],[109.974,-7.535],[109.941,-7.534],[109.901,-7.518],[109.879,-7.533],[109.875,-7.527],[109.868,-7.531],[109.872,-7.548],[109.849,-7.562],[109.801,-7.612],[109.769,-7.605],[109.731,-7.559],[109.739,-7.552],[109.738,-7.535],[109.773,-7.519],[109.755,-7.497],[109.761,-7.478],[109.752,-7.447],[109.767,-7.436],[109.784,-7.446],[109.833,-7.447],[109.829,-7.42],[109.795,-7.41],[109.76,-7.386],[109.783,-7.363],[109.798,-7.325],[109.84,-7.286],[109.862,-7.233],[109.907,-7.221],[109.917,-7.19],[109.927,-7.191]]]}},{"type":"Feature","properties":{"kode":"33.20","nama":"Jepara","prov":"Jawa Tengah","kota":false},"geometry":{"type":"MultiPolygon","coordinates":[[[[110.969,-6.41],[110.977,-6.437],[110.969,-6.461],[110.945,-6.485],[110.937,-6.484],[110.929,-6.496],[110.912,-6.501],[110.909,-6.521],[110.918,-6.54],[110.909,-6.557],[110.912,-6.599],[110.902,-6.627],[110.89,-6.618],[110.867,-6.62],[110.853,-6.662],[110.835,-6.686],[110.839,-6.703],[110.82,-6.708],[110.825,-6.736],[110.837,-6.738],[110.829,-6.756],[110.817,-6.748],[110.798,-6.758],[110.793,-6.754],[110.769,-6.769],[110.758,-6.794],[110.722,-6.789],[110.705,-6.795],[110.691,-6.769],[110.667,-6.765],[110.671,-6.726],[110.664,-6.717],[110.625,-6.709],[110.596,-6.726],[110.628,-6.689],[110.647,-6.652],[110.638,-6.619],[110.653,-6.609],[110.655,-6.595],[110.644,-6.588],[110.662,-6.573],[110.644,-6.557],[110.665,-6.542],[110.665,-6.532],[110.677,-6.534],[110.683,-6.52],[110.664,-6.503],[110.691,-6.498],[110.69,-6.489],[110.713,-6.469],[110.724,-6.447],[110.756,-6.442],[110.786,-6.426],[110.812,-6.426],[110.837,-6.408],[110.969,-6.41]]],[[[110.464,-5.825],[110.477,-5.852],[110.449,-5.87],[110.447,-5.887],[110.432,-5.879],[110.431,-5.858],[110.417,-5.838],[110.464,-5.825]]],[[[110.484,-5.771],[110.475,-5.795],[110.495,-5.818],[110.483,-5.824],[110.481,-5.835],[110.464,-5.825],[110.477,-5.818],[110.46,-5.811],[110.45,-5.814],[110.484,-5.771]]]]}},{"type":"Feature","properties":{"kode":"33.24","nama":"Kendal","prov":"Jawa Tengah","kota":false},"geometry":{"type":"Polygon","coordinates":[[[110.307,-6.929],[110.293,-6.958],[110.3,-6.96],[110.296,-6.969],[110.288,-6.965],[110.293,-6.983],[110.285,-6.986],[110.284,-7.013],[110.273,-7.016],[110.272,-7.041],[110.301,-7.065],[110.303,-7.097],[110.315,-7.108],[110.336,-7.105],[110.346,-7.088],[110.353,-7.136],[110.344,-7.156],[110.366,-7.176],[110.339,-7.188],[110.272,-7.199],[110.244,-7.185],[110.214,-7.186],[110.192,-7.173],[110.185,-7.152],[110.144,-7.137],[110.145,-7.126],[110.159,-7.126],[110.167,-7.112],[110.191,-7.107],[110.191,-7.08],[110.184,-7.078],[110.174,-7.098],[110.122,-7.093],[110.076,-7.121],[110.05,-7.124],[109.956,-7.195],[109.936,-7.202],[109.923,-7.187],[109.963,-7.095],[109.977,-7.082],[109.974,-7.035],[110.012,-7.017],[110.05,-6.981],[110.05,-6.943],[110.031,-6.929],[110.045,-6.921],[110.026,-6.912],[110.14,-6.876],[110.174,-6.854],[110.173,-6.84],[110.219,-6.861],[110.251,-6.906],[110.307,-6.929]]]}},{"type":"Feature","properties":{"kode":"35.16","nama":"Mojokerto","prov":"Jawa Timur","kota":false},"geometry":{"type":"Polygon","coordinates":[[[112.495,-7.409],[112.485,-7.409],[112.457,-7.447],[112.571,-7.48],[112.663,-7.558],[112.652,-7.598],[112.629,-7.617],[112.621,-7.615],[112.629,-7.643],[112.624,-7.667],[112.585,-7.722],[112.562,-7.738],[112.528,-7.735],[112.49,-7.766],[112.467,-7.768],[112.456,-7.779],[112.448,-7.743],[112.412,-7.673],[112.409,-7.644],[112.39,-7.651],[112.38,-7.636],[112.387,-7.614],[112.364,-7.553],[112.374,-7.526],[112.374,-7.487],[112.405,-7.461],[112.334,-7.454],[112.352,-7.412],[112.341,-7.388],[112.334,-7.388],[112.335,-7.364],[112.357,-7.329],[112.375,-7.324],[112.395,-7.331],[112.411,-7.312],[112.439,-7.313],[112.445,-7.305],[112.459,-7.312],[112.478,-7.305],[112.486,-7.341],[112.473,-7.356],[112.48,-7.367],[112.476,-7.385],[112.495,-7.409]]]}},{"type":"Feature","properties":{"kode":"33.14","nama":"Sragen","prov":"Jawa Tengah","kota":false},"geometry":{"type":"Polygon","coordinates":[[[111.149,-7.264],[111.135,-7.299],[111.155,-7.313],[111.142,-7.332],[111.144,-7.367],[111.12,-7.41],[111.119,-7.425],[111.135,-7.463],[111.133,-7.476],[111.152,-7.498],[111.148,-7.525],[111.128,-7.511],[111.11,-7.524],[111.111,-7.531],[111.081,-7.527],[111.079,-7.5],[111.064,-7.497],[111.057,-7.51],[111.041,-7.511],[111.049,-7.537],[111.042,-7.537],[110.975,-7.516],[110.945,-7.497],[110.872,-7.489],[110.865,-7.476],[110.838,-7.459],[110.796,-7.462],[110.77,-7.441],[110.782,-7.433],[110.77,-7.421],[110.773,-7.392],[110.802,-7.369],[110.787,-7.364],[110.8,-7.349],[110.803,-7.327],[110.793,-7.278],[110.804,-7.263],[110.839,-7.263],[110.858,-7.272],[110.866,-7.266],[110.874,-7.276],[110.889,-7.273],[110.901,-7.282],[110.918,-7.282],[110.924,-7.272],[110.972,-7.282],[111.007,-7.261],[111.03,-7.257],[111.058,-7.271],[111.072,-7.267],[111.08,-7.254],[111.107,-7.247],[111.149,-7.264]]]}},{"type":"Feature","properties":{"kode":"32.14","nama":"Purwakarta","prov":"Jawa Barat","kota":false},"geometry":{"type":"Polygon","coordinates":[[[107.529,-6.418],[107.527,-6.437],[107.542,-6.446],[107.545,-6.47],[107.557,-6.474],[107.564,-6.49],[107.558,-6.562],[107.586,-6.592],[107.589,-6.605],[107.58,-6.636],[107.599,-6.653],[107.585,-6.69],[107.594,-6.729],[107.571,-6.736],[107.561,-6.773],[107.513,-6.754],[107.502,-6.737],[107.488,-6.736],[107.452,-6.7],[107.425,-6.7],[107.417,-6.691],[107.374,-6.691],[107.369,-6.701],[107.344,-6.694],[107.324,-6.723],[107.302,-6.728],[107.288,-6.708],[107.272,-6.707],[107.251,-6.693],[107.265,-6.653],[107.263,-6.634],[107.221,-6.591],[107.248,-6.574],[107.284,-6.531],[107.289,-6.502],[107.34,-6.479],[107.39,-6.511],[107.39,-6.492],[107.373,-6.468],[107.432,-6.46],[107.445,-6.439],[107.453,-6.442],[107.462,-6.427],[107.478,-6.432],[107.5,-6.408],[107.529,-6.418]]]}},{"type":"Feature","properties":{"kode":"71.04","nama":"Kepulauan Talaud","prov":"Sulawesi Utara","kota":false},"geometry":{"type":"MultiPolygon","coordinates":[[[[126.761,3.855],[126.803,3.834],[126.838,3.787],[126.851,3.754],[126.824,3.729],[126.81,3.741],[126.788,3.744],[126.754,3.784],[126.743,3.842],[126.761,3.855]]],[[[126.615,4.044],[126.64,4.024],[126.647,3.977],[126.719,3.919],[126.719,3.893],[126.684,3.867],[126.704,3.814],[126.683,3.813],[126.676,3.857],[126.662,3.882],[126.667,3.932],[126.658,3.94],[126.65,3.936],[126.639,3.95],[126.636,3.97],[126.612,4.003],[126.618,4.022],[126.608,4.04],[126.615,4.044]]],[[[126.748,4.546],[126.775,4.539],[126.777,4.528],[126.786,4.525],[126.805,4.533],[126.829,4.504],[126.829,4.494],[126.855,4.49],[126.853,4.466],[126.868,4.455],[126.869,4.428],[126.852,4.414],[126.851,4.373],[126.896,4.306],[126.911,4.271],[126.862,4.251],[126.86,4.237],[126.869,4.232],[126.87,4.217],[126.831,4.189],[126.796,4.149],[126.804,4.109],[126.811,4.106],[126.801,4.054],[126.805,4.03],[126.796,4.033],[126.791,4.017],[126.762,3.995],[126.742,3.993],[126.702,4.005],[126.685,3.993],[126.671,4.003],[126.67,4.047],[126.686,4.075],[126.712,4.085],[126.733,4.109],[126.759,4.182],[126.791,4.215],[126.793,4.236],[126.776,4.251],[126.759,4.247],[126.745,4.263],[126.716,4.266],[126.706,4.324],[126.681,4.335],[126.69,4.358],[126.686,4.372],[126.699,4.383],[126.693,4.393],[126.703,4.407],[126.702,4.422],[126.717,4.435],[126.718,4.457],[126.722,4.452],[126.734,4.462],[126.724,4.478],[126.728,4.488],[126.72,4.513],[126.735,4.54],[126.748,4.546]]],[[[127.132,4.732],[127.115,4.732],[127.11,4.747],[127.133,4.778],[127.146,4.754],[127.132,4.732]]]]}},{"type":"Feature","properties":{"kode":"33.28","nama":"Tegal","prov":"Jawa Tengah","kota":false},"geometry":{"type":"Polygon","coordinates":[[[109.351,-6.862],[109.36,-6.882],[109.329,-6.923],[109.329,-6.954],[109.335,-6.957],[109.312,-6.989],[109.289,-7.0],[109.273,-7.056],[109.233,-7.081],[109.215,-7.13],[109.187,-7.137],[109.195,-7.145],[109.188,-7.156],[109.198,-7.17],[109.2,-7.224],[109.213,-7.233],[109.203,-7.247],[109.188,-7.247],[109.179,-7.233],[109.153,-7.242],[109.089,-7.199],[109.075,-7.201],[109.058,-7.192],[109.084,-7.148],[109.075,-7.13],[109.061,-7.124],[109.056,-7.15],[109.034,-7.141],[109.019,-7.144],[109.01,-7.136],[109.0,-7.142],[108.976,-7.138],[108.973,-7.148],[108.962,-7.147],[108.952,-7.123],[108.979,-7.12],[108.986,-7.096],[108.969,-7.06],[108.988,-7.061],[109.004,-7.041],[109.016,-7.048],[109.025,-7.044],[109.019,-7.024],[109.03,-6.988],[109.066,-6.975],[109.074,-6.993],[109.071,-6.973],[109.082,-6.927],[109.076,-6.921],[109.076,-6.889],[109.125,-6.899],[109.133,-6.885],[109.148,-6.886],[109.162,-6.845],[109.192,-6.861],[109.273,-6.873],[109.351,-6.862]]]}},{"type":"Feature","properties":{"kode":"71.06","nama":"Minahasa Utara","prov":"Sulawesi Utara","kota":false},"geometry":{"type":"MultiPolygon","coordinates":[[[[124.766,1.744],[124.781,1.7],[124.769,1.692],[124.744,1.704],[124.731,1.727],[124.745,1.722],[124.766,1.744]]],[[[125.148,1.599],[125.125,1.566],[125.085,1.576],[125.067,1.542],[125.079,1.5],[125.05,1.49],[125.036,1.463],[125.037,1.454],[125.094,1.452],[125.089,1.428],[125.108,1.394],[125.076,1.361],[125.076,1.338],[125.062,1.318],[125.068,1.299],[125.064,1.286],[125.027,1.291],[125.029,1.3],[125.017,1.316],[125.022,1.326],[125.003,1.324],[124.995,1.33],[124.999,1.336],[124.982,1.336],[124.98,1.322],[124.963,1.319],[124.935,1.343],[124.924,1.341],[124.923,1.349],[124.912,1.353],[124.926,1.377],[124.91,1.398],[124.916,1.41],[124.901,1.427],[124.904,1.452],[124.885,1.466],[124.902,1.496],[124.934,1.51],[124.925,1.524],[124.927,1.56],[124.9,1.578],[124.842,1.565],[124.821,1.583],[124.832,1.593],[124.867,1.6],[124.872,1.621],[124.926,1.665],[124.932,1.685],[124.941,1.69],[124.942,1.684],[124.966,1.685],[124.957,1.697],[124.967,1.709],[124.962,1.726],[124.966,1.732],[124.983,1.723],[124.981,1.748],[124.991,1.751],[125.025,1.73],[125.016,1.687],[125.038,1.68],[125.047,1.685],[125.069,1.672],[125.091,1.676],[125.106,1.665],[125.122,1.674],[125.132,1.668],[125.145,1.687],[125.151,1.679],[125.165,1.688],[125.175,1.684],[125.174,1.671],[125.163,1.663],[125.165,1.644],[125.151,1.635],[125.154,1.626],[125.144,1.623],[125.148,1.599]]],[[[125.135,1.847],[125.166,1.802],[125.186,1.8],[125.188,1.783],[125.185,1.775],[125.16,1.77],[125.147,1.757],[125.149,1.736],[125.133,1.753],[125.13,1.786],[125.114,1.816],[125.136,1.823],[125.125,1.832],[125.135,1.847]]],[[[125.098,1.888],[125.086,1.838],[125.053,1.805],[125.049,1.809],[125.065,1.857],[125.098,1.888]]]]}},{"type":"Feature","properties":{"kode":"33.21","nama":"Demak","prov":"Jawa Tengah","kota":false},"geometry":{"type":"Polygon","coordinates":[[[110.758,-6.794],[110.779,-6.806],[110.799,-6.839],[110.81,-6.838],[110.817,-6.849],[110.827,-6.846],[110.832,-6.853],[110.787,-6.911],[110.774,-6.965],[110.765,-6.967],[110.774,-6.974],[110.762,-6.98],[110.775,-7.003],[110.764,-7.005],[110.769,-7.01],[110.763,-7.019],[110.753,-7.018],[110.763,-7.022],[110.73,-7.033],[110.694,-7.018],[110.675,-7.052],[110.671,-7.042],[110.691,-7.017],[110.674,-7.009],[110.68,-6.997],[110.668,-6.983],[110.672,-6.976],[110.624,-6.976],[110.626,-7.011],[110.606,-7.05],[110.598,-7.052],[110.588,-7.073],[110.566,-7.075],[110.561,-7.09],[110.582,-7.119],[110.57,-7.148],[110.546,-7.13],[110.532,-7.132],[110.5,-7.119],[110.5,-7.097],[110.477,-7.088],[110.5,-7.067],[110.482,-7.045],[110.484,-7.028],[110.496,-7.03],[110.502,-7.01],[110.49,-7.004],[110.504,-6.981],[110.501,-6.952],[110.49,-6.955],[110.487,-6.946],[110.518,-6.938],[110.511,-6.93],[110.519,-6.937],[110.527,-6.934],[110.487,-6.914],[110.529,-6.928],[110.498,-6.904],[110.52,-6.85],[110.529,-6.848],[110.524,-6.837],[110.559,-6.805],[110.567,-6.776],[110.576,-6.772],[110.568,-6.764],[110.559,-6.773],[110.549,-6.77],[110.54,-6.756],[110.54,-6.746],[110.561,-6.75],[110.551,-6.729],[110.563,-6.721],[110.577,-6.737],[110.625,-6.709],[110.664,-6.717],[110.671,-6.726],[110.667,-6.765],[110.691,-6.769],[110.705,-6.795],[110.722,-6.789],[110.758,-6.794]]]}},{"type":"Feature","properties":{"kode":"81.02","nama":"Maluku Tenggara","prov":"Maluku","kota":false},"geometry":{"type":"MultiPolygon","coordinates":[[[[132.71,-5.594],[132.711,-5.652],[132.704,-5.649],[132.706,-5.63],[132.699,-5.63],[132.691,-5.658],[132.718,-5.661],[132.731,-5.645],[132.743,-5.649],[132.738,-5.69],[132.75,-5.722],[132.766,-5.747],[132.761,-5.718],[132.773,-5.718],[132.779,-5.727],[132.772,-5.768],[132.78,-5.78],[132.769,-5.786],[132.772,-5.814],[132.775,-5.787],[132.791,-5.778],[132.809,-5.801],[132.814,-5.849],[132.797,-5.868],[132.78,-5.942],[132.757,-5.942],[132.733,-5.952],[132.721,-5.947],[132.731,-5.898],[132.72,-5.893],[132.712,-5.899],[132.712,-5.931],[132.694,-5.95],[132.696,-5.914],[132.682,-5.904],[132.664,-5.906],[132.669,-5.854],[132.69,-5.836],[132.689,-5.812],[132.669,-5.776],[132.679,-5.728],[132.648,-5.707],[132.655,-5.685],[132.651,-5.668],[132.645,-5.676],[132.637,-5.673],[132.638,-5.634],[132.612,-5.604],[132.617,-5.597],[132.629,-5.614],[132.676,-5.63],[132.687,-5.602],[132.71,-5.594]]],[[[133.157,-5.276],[133.156,-5.286],[133.182,-5.3],[133.191,-5.329],[133.188,-5.345],[133.181,-5.341],[133.164,-5.367],[133.12,-5.565],[133.083,-5.628],[133.043,-5.643],[132.963,-5.743],[132.942,-5.824],[132.96,-5.855],[132.953,-5.873],[132.927,-5.89],[132.895,-5.953],[132.872,-5.959],[132.845,-6.007],[132.848,-5.982],[132.87,-5.936],[132.868,-5.904],[132.886,-5.907],[132.889,-5.895],[132.873,-5.881],[132.88,-5.861],[132.892,-5.858],[132.882,-5.845],[132.908,-5.82],[132.907,-5.806],[132.937,-5.77],[132.929,-5.763],[132.943,-5.729],[132.942,-5.688],[132.972,-5.644],[132.979,-5.658],[133.005,-5.648],[133.007,-5.622],[133.018,-5.61],[133.013,-5.591],[133.041,-5.532],[133.054,-5.453],[133.074,-5.415],[133.074,-5.388],[133.093,-5.366],[133.114,-5.292],[133.122,-5.283],[133.131,-5.294],[133.141,-5.279],[133.157,-5.276]]]]}},{"type":"Feature","properties":{"kode":"11.18","nama":"Pidie Jaya","prov":"Aceh","kota":false},"geometry":{"type":"Polygon","coordinates":[[[96.063,5.294],[96.19,5.26],[96.261,5.264],[96.343,5.226],[96.335,5.148],[96.355,5.091],[96.35,5.069],[96.365,5.046],[96.364,5.034],[96.346,5.015],[96.345,4.99],[96.326,4.966],[96.347,4.944],[96.325,4.917],[96.289,4.91],[96.263,4.914],[96.244,4.939],[96.212,4.959],[96.191,4.995],[96.207,5.04],[96.194,5.075],[96.167,5.068],[96.148,5.079],[96.126,5.078],[96.113,5.091],[96.092,5.091],[96.058,5.109],[96.041,5.132],[96.02,5.146],[96.034,5.174],[96.043,5.172],[96.052,5.184],[96.048,5.199],[96.054,5.202],[96.037,5.237],[96.056,5.259],[96.045,5.266],[96.051,5.28],[96.063,5.294]]]}},{"type":"Feature","properties":{"kode":"52.01","nama":"Lombok Barat","prov":"Nusa Tenggara Barat","kota":false},"geometry":{"type":"Polygon","coordinates":[[[116.109,-8.873],[116.082,-8.874],[116.077,-8.885],[116.05,-8.885],[116.045,-8.87],[116.068,-8.865],[116.072,-8.857],[116.054,-8.851],[116.035,-8.864],[116.033,-8.858],[116.019,-8.86],[116.01,-8.874],[116.027,-8.888],[116.004,-8.903],[115.997,-8.888],[115.972,-8.879],[115.971,-8.869],[115.963,-8.87],[115.933,-8.833],[115.915,-8.844],[115.902,-8.831],[115.867,-8.818],[115.848,-8.825],[115.849,-8.813],[115.835,-8.811],[115.829,-8.792],[115.825,-8.751],[115.84,-8.727],[115.866,-8.723],[115.867,-8.746],[115.888,-8.764],[115.9,-8.75],[115.894,-8.76],[115.914,-8.775],[115.939,-8.765],[115.942,-8.753],[115.968,-8.734],[115.987,-8.73],[116.014,-8.751],[116.029,-8.739],[116.028,-8.728],[116.045,-8.723],[116.046,-8.746],[116.036,-8.751],[116.041,-8.765],[116.062,-8.767],[116.059,-8.754],[116.078,-8.729],[116.06,-8.73],[116.057,-8.725],[116.072,-8.668],[116.074,-8.624],[116.131,-8.619],[116.136,-8.612],[116.15,-8.612],[116.17,-8.592],[116.149,-8.582],[116.139,-8.565],[116.069,-8.552],[116.064,-8.521],[116.034,-8.484],[116.037,-8.47],[116.069,-8.462],[116.075,-8.473],[116.089,-8.464],[116.129,-8.471],[116.142,-8.454],[116.161,-8.456],[116.168,-8.466],[116.187,-8.464],[116.2,-8.479],[116.214,-8.48],[116.222,-8.457],[116.267,-8.451],[116.337,-8.411],[116.306,-8.457],[116.321,-8.505],[116.289,-8.531],[116.296,-8.55],[116.267,-8.564],[116.265,-8.579],[116.249,-8.593],[116.175,-8.622],[116.189,-8.643],[116.196,-8.674],[116.181,-8.68],[116.168,-8.673],[116.176,-8.703],[116.171,-8.723],[116.155,-8.738],[116.142,-8.731],[116.13,-8.744],[116.142,-8.766],[116.133,-8.768],[116.121,-8.806],[116.092,-8.839],[116.093,-8.852],[116.113,-8.863],[116.109,-8.873]]]}},{"type":"Feature","properties":{"kode":"63.08","nama":"Hulu Sungai Utara","prov":"Kalimantan Selatan","kota":false},"geometry":{"type":"Polygon","coordinates":[[[115.349,-2.34],[115.341,-2.351],[115.319,-2.355],[115.314,-2.403],[115.398,-2.445],[115.394,-2.477],[115.387,-2.481],[115.393,-2.489],[115.382,-2.505],[115.356,-2.496],[115.341,-2.468],[115.296,-2.51],[115.249,-2.533],[115.155,-2.555],[115.161,-2.552],[115.135,-2.54],[114.999,-2.499],[114.955,-2.51],[114.925,-2.504],[114.92,-2.521],[114.911,-2.524],[114.881,-2.528],[114.859,-2.523],[114.874,-2.497],[114.919,-2.464],[114.935,-2.442],[115.074,-2.351],[115.089,-2.349],[115.107,-2.306],[115.126,-2.295],[115.154,-2.303],[115.214,-2.34],[115.283,-2.36],[115.286,-2.347],[115.301,-2.341],[115.349,-2.34]]]}},{"type":"Feature","properties":{"kode":"76.05","nama":"Majene","prov":"Sulawesi Barat","kota":false},"geometry":{"type":"Polygon","coordinates":[[[119.026,-2.96],[119.069,-2.989],[119.081,-3.015],[119.076,-3.038],[119.057,-3.054],[119.074,-3.112],[119.061,-3.112],[119.037,-3.084],[119.025,-3.091],[119.003,-3.085],[118.985,-3.099],[118.962,-3.089],[118.947,-3.107],[118.955,-3.159],[118.91,-3.164],[118.901,-3.192],[118.917,-3.224],[118.91,-3.238],[118.925,-3.293],[118.925,-3.328],[118.939,-3.359],[118.929,-3.364],[118.923,-3.385],[118.914,-3.386],[118.915,-3.409],[118.951,-3.445],[118.949,-3.458],[118.964,-3.472],[118.968,-3.498],[118.982,-3.498],[119.005,-3.533],[118.995,-3.555],[119.0,-3.562],[118.964,-3.546],[118.947,-3.553],[118.938,-3.57],[118.896,-3.505],[118.894,-3.485],[118.879,-3.476],[118.879,-3.442],[118.847,-3.381],[118.852,-3.344],[118.843,-3.324],[118.859,-3.304],[118.831,-3.232],[118.84,-3.213],[118.836,-3.197],[118.826,-3.164],[118.782,-3.124],[118.776,-3.092],[118.778,-3.081],[118.797,-3.081],[118.796,-3.071],[118.824,-3.089],[118.838,-3.082],[118.86,-3.032],[118.848,-3.007],[118.849,-2.987],[118.869,-2.957],[118.878,-2.922],[118.898,-2.935],[118.943,-2.915],[118.951,-2.926],[118.974,-2.928],[118.98,-2.945],[118.997,-2.958],[119.026,-2.96]]]}},{"type":"Feature","properties":{"kode":"33.26","nama":"Pekalongan","prov":"Jawa Tengah","kota":false},"geometry":{"type":"Polygon","coordinates":[[[109.663,-6.851],[109.655,-6.878],[109.648,-6.88],[109.644,-6.921],[109.675,-6.927],[109.684,-6.951],[109.703,-6.965],[109.708,-6.986],[109.719,-6.986],[109.731,-7.003],[109.748,-6.998],[109.759,-7.031],[109.759,-7.068],[109.751,-7.092],[109.739,-7.1],[109.744,-7.112],[109.771,-7.114],[109.771,-7.139],[109.799,-7.171],[109.751,-7.181],[109.727,-7.202],[109.69,-7.195],[109.679,-7.173],[109.664,-7.178],[109.649,-7.172],[109.635,-7.178],[109.611,-7.211],[109.59,-7.207],[109.578,-7.222],[109.567,-7.222],[109.539,-7.244],[109.521,-7.216],[109.524,-7.194],[109.507,-7.17],[109.491,-7.12],[109.505,-7.1],[109.485,-7.045],[109.499,-7.0],[109.498,-6.966],[109.513,-6.947],[109.561,-6.924],[109.569,-6.882],[109.584,-6.872],[109.583,-6.853],[109.596,-6.841],[109.663,-6.851]]]}},{"type":"Feature","properties":{"kode":"12.19","nama":"Batu Bara","prov":"Sumatera Utara","kota":false},"geometry":{"type":"Polygon","coordinates":[[[99.737,3.173],[99.702,3.118],[99.619,3.135],[99.616,3.121],[99.603,3.106],[99.593,3.106],[99.62,3.093],[99.595,3.065],[99.596,3.045],[99.573,3.029],[99.554,3.028],[99.563,3.018],[99.55,3.016],[99.55,3.022],[99.53,3.022],[99.531,3.029],[99.549,3.029],[99.555,3.057],[99.568,3.062],[99.571,3.076],[99.551,3.1],[99.529,3.103],[99.525,3.084],[99.502,3.095],[99.522,3.103],[99.512,3.106],[99.517,3.116],[99.509,3.121],[99.497,3.115],[99.495,3.126],[99.456,3.139],[99.45,3.134],[99.416,3.153],[99.37,3.151],[99.404,3.252],[99.399,3.257],[99.391,3.251],[99.384,3.258],[99.371,3.248],[99.36,3.219],[99.349,3.231],[99.357,3.247],[99.349,3.247],[99.345,3.288],[99.305,3.304],[99.301,3.283],[99.281,3.274],[99.265,3.279],[99.26,3.26],[99.236,3.256],[99.24,3.247],[99.227,3.228],[99.227,3.204],[99.207,3.225],[99.231,3.256],[99.231,3.262],[99.224,3.261],[99.224,3.28],[99.243,3.28],[99.261,3.307],[99.272,3.353],[99.293,3.379],[99.283,3.393],[99.286,3.399],[99.32,3.433],[99.368,3.398],[99.415,3.386],[99.489,3.344],[99.487,3.318],[99.547,3.245],[99.688,3.205],[99.737,3.173]]]}},{"type":"Feature","properties":{"kode":"21.71","nama":"Kota Batam","prov":"Kepulauan Riau","kota":true},"geometry":{"type":"MultiPolygon","coordinates":[[[[104.195,0.609],[104.228,0.574],[104.204,0.573],[104.195,0.546],[104.184,0.588],[104.195,0.609]]],[[[104.215,0.718],[104.242,0.689],[104.26,0.68],[104.26,0.689],[104.281,0.668],[104.288,0.614],[104.265,0.622],[104.247,0.667],[104.234,0.671],[104.212,0.701],[104.215,0.718]]],[[[104.258,0.801],[104.277,0.797],[104.258,0.765],[104.262,0.749],[104.273,0.73],[104.309,0.71],[104.278,0.709],[104.273,0.701],[104.268,0.706],[104.255,0.693],[104.238,0.7],[104.219,0.723],[104.196,0.725],[104.188,0.733],[104.19,0.75],[104.17,0.778],[104.197,0.786],[104.201,0.796],[104.216,0.785],[104.258,0.801]]],[[[104.12,0.962],[104.127,0.936],[104.135,0.943],[104.154,0.927],[104.153,0.899],[104.165,0.905],[104.17,0.899],[104.167,0.867],[104.181,0.878],[104.189,0.873],[104.213,0.881],[104.235,0.874],[104.237,0.861],[104.258,0.866],[104.265,0.859],[104.261,0.841],[104.245,0.83],[104.245,0.82],[104.215,0.804],[104.202,0.806],[104.181,0.783],[104.168,0.787],[104.148,0.853],[104.119,0.865],[104.118,0.876],[104.093,0.875],[104.094,0.928],[104.078,0.945],[104.084,0.958],[104.089,0.953],[104.12,0.962]]],[[[104.062,0.967],[104.08,0.949],[104.073,0.943],[104.08,0.935],[104.07,0.915],[104.045,0.936],[104.046,0.966],[104.062,0.967]]],[[[103.869,1.037],[103.884,1.028],[103.878,1.017],[103.893,1.005],[103.902,1.0],[103.925,1.006],[103.968,0.965],[103.962,0.935],[103.943,0.925],[103.944,0.91],[103.837,0.973],[103.834,1.018],[103.851,1.013],[103.853,1.034],[103.869,1.037]]],[[[103.769,1.048],[103.783,1.041],[103.792,1.046],[103.8,1.025],[103.796,0.997],[103.805,0.973],[103.795,0.97],[103.775,0.989],[103.772,1.009],[103.749,1.03],[103.77,1.036],[103.769,1.048]]],[[[103.844,1.075],[103.882,1.053],[103.872,1.048],[103.876,1.042],[103.842,1.036],[103.847,1.028],[103.836,1.03],[103.833,1.063],[103.844,1.075]]],[[[104.098,1.199],[104.139,1.169],[104.143,1.145],[104.149,1.144],[104.147,1.125],[104.155,1.125],[104.141,1.092],[104.135,1.093],[104.14,1.05],[104.133,1.034],[104.12,1.031],[104.117,1.039],[104.109,1.034],[104.106,1.043],[104.097,1.027],[104.079,1.024],[104.096,0.983],[104.07,0.998],[104.067,0.984],[104.052,0.996],[104.041,0.983],[104.025,0.983],[104.01,0.99],[103.991,1.018],[103.981,1.008],[103.942,1.008],[103.911,1.038],[103.907,1.066],[103.889,1.093],[103.909,1.096],[103.922,1.074],[103.937,1.085],[103.93,1.105],[103.933,1.12],[103.919,1.14],[103.941,1.138],[103.947,1.145],[103.989,1.131],[103.992,1.148],[104.001,1.15],[103.995,1.155],[104.002,1.165],[103.999,1.179],[104.014,1.192],[104.059,1.158],[104.05,1.146],[104.054,1.131],[104.064,1.135],[104.078,1.125],[104.079,1.143],[104.09,1.144],[104.09,1.153],[104.07,1.162],[104.068,1.173],[104.098,1.199]]]]}},{"type":"Feature","properties":{"kode":"33.23","nama":"Temanggung","prov":"Jawa Tengah","kota":false},"geometry":{"type":"Polygon","coordinates":[[[110.257,-7.194],[110.248,-7.207],[110.272,-7.236],[110.275,-7.252],[110.333,-7.297],[110.314,-7.31],[110.327,-7.314],[110.318,-7.337],[110.323,-7.342],[110.268,-7.381],[110.255,-7.383],[110.252,-7.37],[110.237,-7.373],[110.212,-7.398],[110.195,-7.381],[110.189,-7.388],[110.176,-7.382],[110.133,-7.388],[110.07,-7.384],[109.996,-7.301],[109.99,-7.276],[109.995,-7.262],[109.987,-7.252],[109.936,-7.202],[109.968,-7.189],[110.05,-7.124],[110.076,-7.121],[110.122,-7.093],[110.174,-7.098],[110.184,-7.078],[110.191,-7.08],[110.191,-7.107],[110.167,-7.112],[110.159,-7.126],[110.145,-7.126],[110.144,-7.137],[110.185,-7.152],[110.192,-7.173],[110.214,-7.186],[110.244,-7.185],[110.257,-7.194]]]}},{"type":"Feature","properties":{"kode":"73.07","nama":"Sinjai","prov":"Sulawesi Selatan","kota":false},"geometry":{"type":"Polygon","coordinates":[[[120.289,-5.114],[120.271,-5.142],[120.276,-5.166],[120.314,-5.225],[120.334,-5.288],[120.305,-5.302],[120.302,-5.291],[120.264,-5.286],[120.178,-5.313],[120.141,-5.288],[120.13,-5.308],[120.079,-5.316],[120.074,-5.339],[120.062,-5.334],[120.04,-5.347],[120.0,-5.321],[119.957,-5.344],[119.956,-5.354],[119.938,-5.356],[119.929,-5.342],[119.957,-5.29],[119.974,-5.278],[119.981,-5.246],[119.998,-5.228],[119.99,-5.205],[120.023,-5.198],[120.032,-5.184],[120.005,-5.166],[119.973,-5.159],[119.971,-5.131],[119.981,-5.124],[119.997,-5.131],[120.013,-5.122],[120.019,-5.13],[120.057,-5.127],[120.084,-5.075],[120.108,-5.069],[120.132,-5.045],[120.137,-5.057],[120.159,-5.063],[120.165,-5.078],[120.184,-5.071],[120.207,-5.1],[120.236,-5.089],[120.251,-5.096],[120.259,-5.115],[120.264,-5.116],[120.266,-5.102],[120.289,-5.114]]]}},{"type":"Feature","properties":{"kode":"33.25","nama":"Batang","prov":"Jawa Tengah","kota":false},"geometry":{"type":"Polygon","coordinates":[[[110.026,-6.912],[110.045,-6.921],[110.031,-6.929],[110.05,-6.943],[110.05,-6.981],[110.012,-7.017],[109.974,-7.035],[109.977,-7.082],[109.963,-7.095],[109.94,-7.142],[109.93,-7.18],[109.901,-7.194],[109.888,-7.18],[109.877,-7.191],[109.848,-7.178],[109.833,-7.189],[109.79,-7.167],[109.771,-7.139],[109.771,-7.114],[109.744,-7.112],[109.739,-7.1],[109.751,-7.092],[109.759,-7.068],[109.759,-7.031],[109.748,-6.998],[109.731,-7.003],[109.719,-6.986],[109.708,-6.986],[109.703,-6.965],[109.684,-6.951],[109.676,-6.934],[109.697,-6.926],[109.695,-6.91],[109.707,-6.9],[109.711,-6.883],[109.705,-6.87],[109.711,-6.867],[109.87,-6.915],[109.927,-6.912],[109.974,-6.924],[110.026,-6.912]]]}},{"type":"Feature","properties":{"kode":"51.02","nama":"Tabanan","prov":"Bali","kota":false},"geometry":{"type":"Polygon","coordinates":[[[115.099,-8.637],[115.056,-8.579],[114.916,-8.467],[114.937,-8.392],[114.929,-8.376],[114.936,-8.358],[114.95,-8.361],[114.962,-8.314],[114.984,-8.296],[114.981,-8.29],[115.013,-8.312],[115.028,-8.31],[115.033,-8.302],[115.069,-8.315],[115.103,-8.308],[115.105,-8.299],[115.126,-8.308],[115.138,-8.271],[115.179,-8.243],[115.189,-8.256],[115.187,-8.277],[115.209,-8.312],[115.212,-8.331],[115.203,-8.333],[115.198,-8.358],[115.209,-8.379],[115.217,-8.438],[115.203,-8.489],[115.197,-8.483],[115.198,-8.446],[115.189,-8.443],[115.175,-8.464],[115.18,-8.465],[115.177,-8.487],[115.184,-8.489],[115.151,-8.579],[115.155,-8.601],[115.138,-8.616],[115.138,-8.61],[115.12,-8.611],[115.099,-8.637]]]}},{"type":"Feature","properties":{"kode":"71.10","nama":"Bolaang Mongondow Timur","prov":"Sulawesi Utara","kota":false},"geometry":{"type":"Polygon","coordinates":[[[124.652,0.954],[124.648,0.928],[124.633,0.908],[124.637,0.888],[124.661,0.869],[124.684,0.869],[124.7,0.841],[124.672,0.829],[124.625,0.767],[124.629,0.713],[124.612,0.7],[124.599,0.707],[124.594,0.685],[124.577,0.687],[124.576,0.671],[124.555,0.65],[124.544,0.624],[124.565,0.618],[124.569,0.58],[124.563,0.579],[124.559,0.591],[124.54,0.589],[124.527,0.579],[124.521,0.56],[124.494,0.549],[124.489,0.531],[124.499,0.525],[124.503,0.487],[124.512,0.474],[124.496,0.467],[124.49,0.487],[124.476,0.467],[124.466,0.477],[124.469,0.498],[124.46,0.518],[124.436,0.534],[124.438,0.568],[124.419,0.565],[124.382,0.581],[124.375,0.598],[124.338,0.615],[124.344,0.651],[124.379,0.658],[124.349,0.729],[124.35,0.744],[124.369,0.76],[124.418,0.769],[124.438,0.786],[124.453,0.771],[124.456,0.737],[124.465,0.731],[124.47,0.762],[124.49,0.776],[124.489,0.804],[124.497,0.82],[124.516,0.825],[124.525,0.84],[124.551,0.855],[124.56,0.867],[124.559,0.887],[124.58,0.922],[124.601,0.943],[124.652,0.954]]]}},{"type":"Feature","properties":{"kode":"51.01","nama":"Jembrana","prov":"Bali","kota":false},"geometry":{"type":"Polygon","coordinates":[[[114.459,-8.172],[114.458,-8.194],[114.491,-8.192],[114.505,-8.21],[114.533,-8.193],[114.548,-8.19],[114.552,-8.198],[114.579,-8.19],[114.588,-8.179],[114.605,-8.178],[114.632,-8.214],[114.653,-8.227],[114.669,-8.222],[114.684,-8.232],[114.702,-8.201],[114.732,-8.223],[114.752,-8.224],[114.773,-8.258],[114.812,-8.251],[114.823,-8.332],[114.858,-8.342],[114.872,-8.338],[114.904,-8.372],[114.933,-8.381],[114.926,-8.448],[114.916,-8.467],[114.884,-8.45],[114.827,-8.435],[114.797,-8.412],[114.757,-8.401],[114.712,-8.396],[114.623,-8.408],[114.587,-8.401],[114.546,-8.348],[114.519,-8.331],[114.52,-8.311],[114.484,-8.276],[114.448,-8.219],[114.432,-8.171],[114.435,-8.163],[114.441,-8.166],[114.442,-8.181],[114.459,-8.172]]]}},{"type":"Feature","properties":{"kode":"51.07","nama":"Karangasem","prov":"Bali","kota":false},"geometry":{"type":"Polygon","coordinates":[[[115.479,-8.551],[115.476,-8.52],[115.464,-8.504],[115.41,-8.53],[115.405,-8.514],[115.415,-8.509],[115.414,-8.474],[115.39,-8.483],[115.414,-8.434],[115.415,-8.4],[115.396,-8.361],[115.399,-8.344],[115.41,-8.338],[115.409,-8.322],[115.419,-8.322],[115.43,-8.267],[115.458,-8.248],[115.458,-8.242],[115.448,-8.246],[115.438,-8.217],[115.452,-8.194],[115.434,-8.181],[115.457,-8.167],[115.558,-8.231],[115.618,-8.3],[115.63,-8.325],[115.698,-8.358],[115.711,-8.39],[115.693,-8.427],[115.634,-8.463],[115.61,-8.503],[115.581,-8.517],[115.538,-8.501],[115.521,-8.504],[115.508,-8.513],[115.509,-8.54],[115.479,-8.551]]]}},{"type":"Feature","properties":{"kode":"91.71","nama":"Kota Jayapura","prov":"Papua","kota":true},"geometry":{"type":"Polygon","coordinates":[[[141.003,-2.839],[140.987,-2.821],[140.947,-2.803],[140.945,-2.79],[140.924,-2.791],[140.899,-2.779],[140.906,-2.767],[140.892,-2.758],[140.854,-2.751],[140.828,-2.727],[140.83,-2.719],[140.818,-2.714],[140.808,-2.728],[140.799,-2.725],[140.801,-2.719],[140.787,-2.72],[140.76,-2.752],[140.736,-2.752],[140.728,-2.763],[140.698,-2.756],[140.677,-2.762],[140.665,-2.753],[140.645,-2.761],[140.63,-2.758],[140.633,-2.723],[140.621,-2.615],[140.615,-2.613],[140.625,-2.567],[140.604,-2.515],[140.639,-2.505],[140.653,-2.476],[140.663,-2.474],[140.678,-2.482],[140.694,-2.478],[140.727,-2.498],[140.747,-2.535],[140.74,-2.537],[140.729,-2.522],[140.723,-2.535],[140.708,-2.544],[140.72,-2.557],[140.71,-2.57],[140.715,-2.594],[140.7,-2.579],[140.687,-2.614],[140.7,-2.626],[140.727,-2.634],[140.737,-2.627],[140.714,-2.598],[140.74,-2.621],[140.762,-2.629],[140.786,-2.622],[140.789,-2.615],[140.78,-2.607],[140.791,-2.596],[140.814,-2.607],[140.911,-2.624],[140.922,-2.622],[140.926,-2.611],[140.938,-2.615],[141.001,-2.604],[141.003,-2.839]]]}},{"type":"Feature","properties":{"kode":"12.04","nama":"Nias","prov":"Sumatera Utara","kota":false},"geometry":{"type":"Polygon","coordinates":[[[97.723,1.171],[97.751,1.169],[97.773,1.15],[97.799,1.151],[97.828,1.111],[97.835,1.087],[97.843,1.089],[97.844,1.079],[97.867,1.055],[97.897,1.054],[97.92,1.025],[97.947,0.957],[97.904,0.894],[97.897,0.895],[97.875,0.933],[97.804,0.923],[97.802,0.937],[97.779,0.943],[97.765,0.962],[97.751,0.95],[97.695,0.933],[97.691,0.997],[97.65,1.001],[97.62,1.027],[97.618,1.06],[97.611,1.064],[97.62,1.078],[97.622,1.104],[97.61,1.103],[97.603,1.111],[97.601,1.103],[97.588,1.103],[97.558,1.141],[97.545,1.136],[97.522,1.155],[97.499,1.148],[97.493,1.153],[97.502,1.192],[97.488,1.188],[97.495,1.262],[97.521,1.262],[97.514,1.283],[97.535,1.293],[97.539,1.276],[97.545,1.272],[97.553,1.282],[97.568,1.242],[97.562,1.202],[97.574,1.209],[97.602,1.21],[97.613,1.184],[97.618,1.191],[97.626,1.174],[97.612,1.16],[97.636,1.151],[97.649,1.131],[97.685,1.142],[97.705,1.162],[97.719,1.159],[97.723,1.171]]]}},{"type":"Feature","properties":{"kode":"74.14","nama":"Buton Tengah","prov":"Sulawesi Tenggara","kota":false},"geometry":{"type":"MultiPolygon","coordinates":[[[[122.049,-5.414],[122.043,-5.435],[122.049,-5.46],[122.034,-5.473],[122.016,-5.476],[122.01,-5.468],[121.996,-5.467],[121.947,-5.484],[121.947,-5.456],[121.933,-5.429],[121.942,-5.412],[122.049,-5.414]]],[[[122.317,-5.142],[122.355,-5.153],[122.36,-5.177],[122.376,-5.193],[122.408,-5.192],[122.407,-5.21],[122.45,-5.235],[122.472,-5.229],[122.528,-5.195],[122.551,-5.21],[122.561,-5.228],[122.607,-5.223],[122.593,-5.23],[122.577,-5.248],[122.579,-5.254],[122.623,-5.25],[122.639,-5.264],[122.646,-5.298],[122.64,-5.356],[122.621,-5.371],[122.617,-5.346],[122.595,-5.364],[122.593,-5.392],[122.602,-5.402],[122.594,-5.416],[122.6,-5.428],[122.595,-5.434],[122.566,-5.411],[122.544,-5.441],[122.52,-5.438],[122.513,-5.407],[122.524,-5.399],[122.54,-5.332],[122.52,-5.311],[122.541,-5.264],[122.536,-5.261],[122.511,-5.288],[122.48,-5.3],[122.48,-5.316],[122.496,-5.335],[122.497,-5.348],[122.482,-5.372],[122.47,-5.361],[122.467,-5.366],[122.474,-5.386],[122.463,-5.403],[122.409,-5.4],[122.384,-5.34],[122.385,-5.327],[122.433,-5.319],[122.434,-5.312],[122.397,-5.313],[122.377,-5.325],[122.37,-5.341],[122.382,-5.368],[122.365,-5.389],[122.325,-5.397],[122.273,-5.389],[122.266,-5.327],[122.275,-5.296],[122.316,-5.238],[122.304,-5.196],[122.316,-5.186],[122.307,-5.151],[122.317,-5.142]]]]}},{"type":"Feature","properties":{"kode":"73.10","nama":"Pangkajene dan Kepulauan","prov":"Sulawesi Selatan","kota":false},"geometry":{"type":"MultiPolygon","coordinates":[[[[117.93,-5.353],[117.951,-5.383],[117.948,-5.408],[117.928,-5.393],[117.921,-5.353],[117.93,-5.353]]],[[[119.599,-4.557],[119.619,-4.566],[119.631,-4.585],[119.64,-4.627],[119.667,-4.654],[119.656,-4.678],[119.661,-4.696],[119.655,-4.716],[119.661,-4.726],[119.667,-4.719],[119.692,-4.721],[119.696,-4.755],[119.681,-4.769],[119.698,-4.799],[119.721,-4.822],[119.74,-4.804],[119.761,-4.806],[119.766,-4.824],[119.784,-4.806],[119.807,-4.808],[119.81,-4.824],[119.796,-4.865],[119.806,-4.886],[119.805,-4.926],[119.788,-4.927],[119.775,-4.943],[119.747,-4.929],[119.705,-4.948],[119.667,-4.95],[119.669,-4.934],[119.663,-4.923],[119.623,-4.908],[119.633,-4.891],[119.603,-4.889],[119.597,-4.905],[119.587,-4.896],[119.575,-4.905],[119.564,-4.893],[119.528,-4.893],[119.507,-4.869],[119.491,-4.766],[119.482,-4.752],[119.494,-4.732],[119.518,-4.714],[119.525,-4.676],[119.546,-4.654],[119.599,-4.557]]]]}},{"type":"Feature","properties":{"kode":"33.03","nama":"Purbalingga","prov":"Jawa Tengah","kota":false},"geometry":{"type":"Polygon","coordinates":[[[109.532,-7.231],[109.55,-7.255],[109.569,-7.265],[109.585,-7.293],[109.567,-7.301],[109.563,-7.332],[109.527,-7.324],[109.518,-7.343],[109.53,-7.354],[109.548,-7.402],[109.501,-7.412],[109.508,-7.448],[109.49,-7.444],[109.456,-7.453],[109.45,-7.447],[109.446,-7.456],[109.424,-7.459],[109.418,-7.479],[109.401,-7.468],[109.402,-7.476],[109.376,-7.479],[109.364,-7.487],[109.322,-7.483],[109.321,-7.474],[109.332,-7.47],[109.341,-7.45],[109.333,-7.448],[109.333,-7.429],[109.313,-7.41],[109.255,-7.281],[109.224,-7.246],[109.226,-7.239],[109.278,-7.22],[109.346,-7.212],[109.382,-7.19],[109.41,-7.202],[109.444,-7.163],[109.453,-7.166],[109.457,-7.196],[109.478,-7.224],[109.507,-7.239],[109.532,-7.231]]]}},{"type":"Feature","properties":{"kode":"21.02","nama":"Karimun","prov":"Kepulauan Riau","kota":false},"geometry":{"type":"MultiPolygon","coordinates":[[[[103.58,0.554],[103.608,0.516],[103.623,0.508],[103.62,0.497],[103.597,0.492],[103.594,0.52],[103.569,0.552],[103.58,0.554]]],[[[103.52,0.692],[103.516,0.666],[103.491,0.625],[103.462,0.621],[103.49,0.683],[103.52,0.692]]],[[[103.744,0.737],[103.748,0.729],[103.732,0.713],[103.742,0.687],[103.722,0.688],[103.692,0.711],[103.695,0.729],[103.711,0.726],[103.744,0.737]]],[[[103.668,0.829],[103.68,0.812],[103.704,0.804],[103.727,0.759],[103.714,0.752],[103.702,0.757],[103.66,0.827],[103.668,0.829]]],[[[103.906,0.832],[103.941,0.787],[103.919,0.755],[103.915,0.778],[103.886,0.794],[103.894,0.801],[103.906,0.819],[103.906,0.832]]],[[[103.412,0.885],[103.453,0.857],[103.472,0.857],[103.495,0.845],[103.531,0.801],[103.526,0.766],[103.461,0.833],[103.42,0.858],[103.412,0.885]]],[[[103.749,0.886],[103.783,0.871],[103.834,0.812],[103.83,0.752],[103.82,0.752],[103.82,0.772],[103.758,0.803],[103.72,0.852],[103.718,0.874],[103.725,0.882],[103.749,0.886]]],[[[103.376,0.897],[103.405,0.882],[103.411,0.847],[103.431,0.829],[103.473,0.809],[103.512,0.757],[103.505,0.72],[103.456,0.637],[103.437,0.636],[103.4,0.649],[103.401,0.672],[103.351,0.742],[103.344,0.801],[103.353,0.844],[103.364,0.851],[103.376,0.897]]],[[[103.81,0.9],[103.864,0.881],[103.902,0.85],[103.905,0.82],[103.895,0.803],[103.877,0.802],[103.834,0.84],[103.809,0.891],[103.81,0.9]]],[[[103.435,0.925],[103.475,0.914],[103.487,0.855],[103.453,0.86],[103.41,0.892],[103.407,0.909],[103.435,0.925]]],[[[103.49,0.927],[103.511,0.911],[103.529,0.869],[103.503,0.861],[103.486,0.899],[103.49,0.927]]],[[[103.441,0.963],[103.473,0.95],[103.474,0.92],[103.438,0.941],[103.427,0.959],[103.441,0.963]]],[[[103.375,1.137],[103.39,1.12],[103.377,1.103],[103.383,1.081],[103.4,1.051],[103.422,1.044],[103.446,0.996],[103.437,0.988],[103.394,0.993],[103.374,1.011],[103.351,1.006],[103.349,1.013],[103.328,1.019],[103.329,1.035],[103.319,1.033],[103.315,1.042],[103.311,1.058],[103.321,1.069],[103.313,1.069],[103.311,1.087],[103.326,1.097],[103.326,1.109],[103.351,1.135],[103.371,1.125],[103.375,1.137]]]]}},{"type":"Feature","properties":{"kode":"52.08","nama":"Lombok Utara","prov":"Nusa Tenggara Barat","kota":false},"geometry":{"type":"Polygon","coordinates":[[[116.494,-8.245],[116.47,-8.274],[116.467,-8.331],[116.42,-8.39],[116.424,-8.411],[116.406,-8.434],[116.382,-8.41],[116.344,-8.409],[116.267,-8.451],[116.222,-8.457],[116.214,-8.48],[116.2,-8.479],[116.187,-8.464],[116.168,-8.466],[116.161,-8.456],[116.142,-8.454],[116.129,-8.471],[116.089,-8.464],[116.075,-8.473],[116.069,-8.462],[116.037,-8.47],[116.033,-8.446],[116.045,-8.434],[116.042,-8.423],[116.056,-8.404],[116.074,-8.407],[116.104,-8.39],[116.099,-8.363],[116.119,-8.37],[116.151,-8.345],[116.179,-8.339],[116.192,-8.308],[116.27,-8.245],[116.338,-8.215],[116.37,-8.21],[116.46,-8.227],[116.494,-8.245]]]}},{"type":"Feature","properties":{"kode":"33.13","nama":"Karanganyar","prov":"Jawa Tengah","kota":false},"geometry":{"type":"MultiPolygon","coordinates":[[[[110.801,-7.534],[110.796,-7.549],[110.708,-7.54],[110.709,-7.532],[110.75,-7.523],[110.781,-7.524],[110.801,-7.534]]],[[[111.148,-7.525],[111.153,-7.562],[111.168,-7.59],[111.196,-7.609],[111.181,-7.711],[111.169,-7.716],[111.147,-7.71],[111.131,-7.717],[111.129,-7.729],[111.113,-7.747],[111.106,-7.741],[111.094,-7.752],[111.079,-7.748],[111.07,-7.757],[111.051,-7.759],[111.047,-7.782],[111.021,-7.76],[110.972,-7.764],[110.975,-7.753],[110.959,-7.734],[110.941,-7.74],[110.954,-7.683],[110.945,-7.618],[110.906,-7.614],[110.912,-7.584],[110.861,-7.567],[110.868,-7.548],[110.858,-7.55],[110.854,-7.535],[110.817,-7.529],[110.805,-7.459],[110.838,-7.459],[110.865,-7.476],[110.872,-7.489],[110.945,-7.497],[110.975,-7.516],[111.042,-7.537],[111.049,-7.537],[111.041,-7.511],[111.057,-7.51],[111.064,-7.497],[111.079,-7.5],[111.081,-7.527],[111.111,-7.531],[111.11,-7.524],[111.128,-7.511],[111.148,-7.525]]]]}},{"type":"Feature","properties":{"kode":"35.28","nama":"Pamekasan","prov":"Jawa Timur","kota":false},"geometry":{"type":"Polygon","coordinates":[[[113.612,-7.106],[113.574,-7.161],[113.549,-7.233],[113.513,-7.253],[113.5,-7.245],[113.508,-7.241],[113.502,-7.229],[113.394,-7.217],[113.397,-7.199],[113.385,-7.189],[113.377,-7.208],[113.372,-7.195],[113.381,-7.179],[113.379,-7.148],[113.362,-7.152],[113.37,-7.112],[113.364,-7.1],[113.385,-7.089],[113.381,-7.081],[113.395,-7.071],[113.392,-7.035],[113.423,-7.008],[113.42,-6.994],[113.434,-6.961],[113.46,-6.951],[113.461,-6.936],[113.478,-6.924],[113.483,-6.897],[113.642,-6.888],[113.637,-6.918],[113.649,-6.918],[113.647,-6.924],[113.609,-6.974],[113.609,-7.0],[113.618,-7.01],[113.592,-7.01],[113.591,-7.017],[113.58,-7.019],[113.576,-7.034],[113.582,-7.043],[113.604,-7.042],[113.591,-7.062],[113.621,-7.086],[113.622,-7.102],[113.612,-7.106]]]}},{"type":"Feature","properties":{"kode":"73.04","nama":"Jeneponto","prov":"Sulawesi Selatan","kota":false},"geometry":{"type":"Polygon","coordinates":[[[119.907,-5.577],[119.872,-5.614],[119.867,-5.609],[119.858,-5.63],[119.842,-5.634],[119.854,-5.659],[119.836,-5.673],[119.821,-5.673],[119.796,-5.698],[119.692,-5.7],[119.647,-5.681],[119.64,-5.66],[119.659,-5.645],[119.651,-5.629],[119.62,-5.624],[119.61,-5.613],[119.588,-5.622],[119.588,-5.646],[119.577,-5.658],[119.557,-5.649],[119.547,-5.637],[119.545,-5.619],[119.556,-5.595],[119.56,-5.611],[119.569,-5.605],[119.546,-5.586],[119.535,-5.586],[119.51,-5.566],[119.517,-5.549],[119.505,-5.522],[119.487,-5.511],[119.487,-5.492],[119.512,-5.492],[119.528,-5.481],[119.509,-5.453],[119.524,-5.445],[119.53,-5.432],[119.573,-5.447],[119.637,-5.431],[119.648,-5.442],[119.652,-5.466],[119.639,-5.459],[119.627,-5.46],[119.626,-5.468],[119.633,-5.474],[119.654,-5.469],[119.665,-5.479],[119.665,-5.513],[119.672,-5.516],[119.69,-5.495],[119.701,-5.497],[119.705,-5.542],[119.732,-5.563],[119.78,-5.569],[119.804,-5.556],[119.818,-5.518],[119.833,-5.504],[119.841,-5.474],[119.873,-5.431],[119.908,-5.421],[119.939,-5.382],[119.931,-5.423],[119.88,-5.491],[119.876,-5.529],[119.856,-5.516],[119.855,-5.521],[119.862,-5.528],[119.857,-5.552],[119.899,-5.559],[119.907,-5.577]]]}},{"type":"Feature","properties":{"kode":"74.13","nama":"Muna Barat","prov":"Sulawesi Tenggara","kota":false},"geometry":{"type":"MultiPolygon","coordinates":[[[[122.33,-4.725],[122.325,-4.72],[122.349,-4.683],[122.377,-4.664],[122.381,-4.671],[122.365,-4.696],[122.33,-4.725]]],[[[122.626,-4.642],[122.634,-4.674],[122.654,-4.681],[122.637,-4.696],[122.658,-4.727],[122.62,-4.758],[122.592,-4.769],[122.566,-4.806],[122.577,-4.83],[122.606,-4.832],[122.612,-4.859],[122.66,-4.897],[122.634,-4.933],[122.618,-4.933],[122.603,-4.948],[122.593,-4.966],[122.596,-4.985],[122.584,-5.003],[122.553,-4.966],[122.456,-4.916],[122.418,-4.907],[122.378,-4.925],[122.365,-4.921],[122.359,-4.931],[122.35,-4.924],[122.318,-4.832],[122.374,-4.74],[122.409,-4.75],[122.425,-4.739],[122.468,-4.742],[122.477,-4.725],[122.522,-4.712],[122.558,-4.691],[122.595,-4.657],[122.596,-4.64],[122.626,-4.642]]]]}},{"type":"Feature","properties":{"kode":"53.12","nama":"Sumba Barat","prov":"Nusa Tenggara Timur","kota":false},"geometry":{"type":"Polygon","coordinates":[[[119.539,-9.76],[119.524,-9.766],[119.482,-9.745],[119.458,-9.742],[119.446,-9.755],[119.418,-9.76],[119.411,-9.787],[119.395,-9.797],[119.385,-9.796],[119.373,-9.776],[119.352,-9.761],[119.318,-9.766],[119.301,-9.744],[119.257,-9.748],[119.221,-9.738],[119.2,-9.744],[119.185,-9.758],[119.179,-9.745],[119.142,-9.729],[119.149,-9.719],[119.141,-9.692],[119.167,-9.658],[119.197,-9.648],[119.199,-9.664],[119.216,-9.683],[119.234,-9.69],[119.265,-9.679],[119.278,-9.684],[119.309,-9.634],[119.365,-9.616],[119.383,-9.581],[119.396,-9.573],[119.405,-9.548],[119.394,-9.538],[119.395,-9.517],[119.367,-9.467],[119.379,-9.412],[119.367,-9.379],[119.386,-9.383],[119.403,-9.376],[119.415,-9.388],[119.407,-9.399],[119.426,-9.415],[119.432,-9.438],[119.455,-9.469],[119.466,-9.515],[119.486,-9.527],[119.516,-9.521],[119.52,-9.527],[119.515,-9.564],[119.498,-9.585],[119.495,-9.605],[119.482,-9.607],[119.496,-9.623],[119.489,-9.665],[119.541,-9.697],[119.533,-9.708],[119.546,-9.738],[119.537,-9.748],[119.539,-9.76]]]}},{"type":"Feature","properties":{"kode":"71.07","nama":"Minahasa Tenggara","prov":"Sulawesi Utara","kota":false},"geometry":{"type":"Polygon","coordinates":[[[124.737,1.115],[124.77,1.097],[124.793,1.113],[124.822,1.113],[124.837,1.121],[124.871,1.074],[124.874,1.058],[124.909,1.018],[124.894,1.006],[124.894,0.983],[124.884,0.985],[124.885,0.971],[124.823,0.96],[124.787,0.942],[124.787,0.922],[124.77,0.914],[124.766,0.892],[124.748,0.897],[124.735,0.886],[124.729,0.896],[124.721,0.895],[124.707,0.863],[124.709,0.847],[124.721,0.849],[124.699,0.844],[124.684,0.869],[124.661,0.869],[124.637,0.888],[124.633,0.908],[124.648,0.928],[124.652,0.954],[124.579,0.934],[124.566,0.967],[124.579,1.005],[124.56,1.019],[124.554,1.04],[124.563,1.045],[124.551,1.079],[124.587,1.114],[124.598,1.105],[124.649,1.116],[124.664,1.134],[124.693,1.12],[124.737,1.115]]]}},{"type":"Feature","properties":{"kode":"17.08","nama":"Kepahiang","prov":"Bengkulu","kota":false},"geometry":{"type":"Polygon","coordinates":[[[102.81,-3.53],[102.812,-3.549],[102.795,-3.586],[102.808,-3.613],[102.79,-3.66],[102.773,-3.678],[102.778,-3.687],[102.771,-3.708],[102.734,-3.718],[102.734,-3.746],[102.701,-3.758],[102.697,-3.77],[102.694,-3.76],[102.657,-3.772],[102.641,-3.794],[102.62,-3.802],[102.598,-3.767],[102.597,-3.748],[102.583,-3.745],[102.58,-3.704],[102.573,-3.699],[102.578,-3.683],[102.55,-3.676],[102.542,-3.659],[102.531,-3.659],[102.513,-3.619],[102.514,-3.593],[102.491,-3.575],[102.479,-3.553],[102.433,-3.546],[102.45,-3.526],[102.497,-3.514],[102.5,-3.498],[102.518,-3.496],[102.566,-3.508],[102.594,-3.526],[102.628,-3.516],[102.637,-3.533],[102.655,-3.541],[102.722,-3.553],[102.751,-3.543],[102.775,-3.547],[102.81,-3.53]]]}},{"type":"Feature","properties":{"kode":"35.15","nama":"Sidoarjo","prov":"Jawa Timur","kota":false},"geometry":{"type":"Polygon","coordinates":[[[112.865,-7.574],[112.845,-7.577],[112.831,-7.553],[112.785,-7.563],[112.771,-7.575],[112.726,-7.57],[112.706,-7.545],[112.674,-7.55],[112.667,-7.561],[112.571,-7.48],[112.489,-7.46],[112.466,-7.445],[112.457,-7.447],[112.459,-7.438],[112.485,-7.409],[112.525,-7.397],[112.544,-7.405],[112.566,-7.398],[112.588,-7.371],[112.629,-7.368],[112.704,-7.337],[112.726,-7.348],[112.755,-7.337],[112.812,-7.346],[112.828,-7.343],[112.839,-7.33],[112.833,-7.405],[112.841,-7.482],[112.835,-7.485],[112.819,-7.472],[112.813,-7.478],[112.836,-7.51],[112.873,-7.538],[112.867,-7.551],[112.878,-7.564],[112.868,-7.564],[112.865,-7.574]]]}},{"type":"Feature","properties":{"kode":"64.72","nama":"Kota Samarinda","prov":"Kalimantan Timur","kota":true},"geometry":{"type":"Polygon","coordinates":[[[117.275,-0.584],[117.28,-0.598],[117.271,-0.597],[117.26,-0.62],[117.231,-0.635],[117.233,-0.652],[117.226,-0.662],[117.191,-0.683],[117.185,-0.712],[117.162,-0.717],[117.145,-0.673],[117.136,-0.674],[117.128,-0.662],[117.145,-0.621],[117.093,-0.593],[117.092,-0.578],[117.083,-0.576],[117.07,-0.592],[117.072,-0.581],[117.054,-0.551],[117.067,-0.533],[117.055,-0.514],[117.065,-0.479],[117.062,-0.448],[117.074,-0.429],[117.128,-0.408],[117.132,-0.366],[117.149,-0.353],[117.138,-0.341],[117.143,-0.32],[117.206,-0.324],[117.226,-0.314],[117.239,-0.357],[117.262,-0.365],[117.274,-0.358],[117.298,-0.377],[117.295,-0.402],[117.27,-0.422],[117.262,-0.438],[117.27,-0.472],[117.257,-0.524],[117.269,-0.526],[117.263,-0.53],[117.268,-0.559],[117.258,-0.552],[117.238,-0.556],[117.236,-0.57],[117.275,-0.584]]]}},{"type":"Feature","properties":{"kode":"35.20","nama":"Magetan","prov":"Jawa Timur","kota":false},"geometry":{"type":"Polygon","coordinates":[[[111.512,-7.524],[111.5,-7.567],[111.488,-7.565],[111.479,-7.579],[111.474,-7.609],[111.452,-7.62],[111.469,-7.641],[111.486,-7.634],[111.482,-7.66],[111.501,-7.659],[111.512,-7.649],[111.499,-7.674],[111.498,-7.698],[111.459,-7.725],[111.45,-7.779],[111.342,-7.784],[111.33,-7.8],[111.315,-7.792],[111.308,-7.798],[111.289,-7.793],[111.282,-7.785],[111.288,-7.743],[111.275,-7.737],[111.237,-7.75],[111.214,-7.724],[111.181,-7.711],[111.194,-7.618],[111.258,-7.598],[111.291,-7.604],[111.302,-7.587],[111.354,-7.57],[111.37,-7.573],[111.374,-7.562],[111.368,-7.556],[111.384,-7.537],[111.414,-7.537],[111.431,-7.531],[111.44,-7.518],[111.461,-7.517],[111.462,-7.509],[111.483,-7.517],[111.497,-7.513],[111.512,-7.524]]]}},{"type":"Feature","properties":{"kode":"33.10","nama":"Klaten","prov":"Jawa Tengah","kota":false},"geometry":{"type":"Polygon","coordinates":[[[110.64,-7.586],[110.74,-7.598],[110.747,-7.604],[110.742,-7.61],[110.764,-7.62],[110.763,-7.636],[110.781,-7.635],[110.795,-7.644],[110.771,-7.687],[110.77,-7.717],[110.719,-7.778],[110.709,-7.805],[110.682,-7.806],[110.672,-7.786],[110.656,-7.804],[110.65,-7.793],[110.627,-7.803],[110.604,-7.798],[110.6,-7.807],[110.58,-7.806],[110.582,-7.789],[110.564,-7.782],[110.531,-7.797],[110.507,-7.768],[110.492,-7.767],[110.469,-7.618],[110.455,-7.555],[110.445,-7.541],[110.454,-7.539],[110.478,-7.556],[110.491,-7.58],[110.508,-7.591],[110.522,-7.62],[110.54,-7.628],[110.551,-7.61],[110.545,-7.604],[110.574,-7.582],[110.597,-7.588],[110.6,-7.569],[110.64,-7.586]]]}},{"type":"Feature","properties":{"kode":"74.12","nama":"Konawe Kepulauan","prov":"Sulawesi Tenggara","kota":false},"geometry":{"type":"Polygon","coordinates":[[[123.013,-3.978],[123.088,-4.022],[123.126,-4.019],[123.14,-4.008],[123.187,-4.009],[123.217,-4.02],[123.254,-4.065],[123.259,-4.093],[123.248,-4.124],[123.231,-4.146],[123.214,-4.153],[123.194,-4.186],[123.186,-4.185],[123.183,-4.2],[123.167,-4.206],[123.152,-4.239],[123.136,-4.256],[123.121,-4.261],[123.07,-4.248],[123.006,-4.202],[122.99,-4.2],[122.982,-4.168],[122.949,-4.123],[122.939,-4.095],[122.946,-4.082],[122.937,-4.071],[122.946,-4.069],[122.946,-4.054],[122.972,-4.057],[123.013,-3.978]]]}},{"type":"Feature","properties":{"kode":"13.71","nama":"Kota Padang","prov":"Sumatera Barat","kota":true},"geometry":{"type":"Polygon","coordinates":[[[100.523,-0.789],[100.55,-0.825],[100.536,-0.848],[100.542,-0.86],[100.556,-0.861],[100.566,-0.903],[100.538,-0.959],[100.527,-0.965],[100.525,-1.001],[100.486,-1.002],[100.464,-1.021],[100.466,-1.027],[100.425,-1.072],[100.421,-1.102],[100.433,-1.113],[100.423,-1.124],[100.366,-1.135],[100.364,-1.125],[100.386,-1.124],[100.366,-1.079],[100.378,-1.064],[100.389,-1.075],[100.394,-1.069],[100.412,-1.073],[100.413,-1.044],[100.395,-1.031],[100.385,-1.043],[100.378,-1.041],[100.391,-1.01],[100.383,-0.994],[100.365,-1.005],[100.357,-0.989],[100.36,-0.979],[100.347,-0.965],[100.353,-0.962],[100.343,-0.888],[100.321,-0.845],[100.291,-0.817],[100.296,-0.808],[100.367,-0.8],[100.385,-0.756],[100.458,-0.726],[100.477,-0.733],[100.479,-0.752],[100.508,-0.753],[100.51,-0.795],[100.523,-0.789]]]}},{"type":"Feature","properties":{"kode":"14.71","nama":"Kota Pekanbaru","prov":"Riau","kota":true},"geometry":{"type":"Polygon","coordinates":[[[101.601,0.506],[101.583,0.503],[101.579,0.484],[101.588,0.461],[101.564,0.461],[101.544,0.432],[101.497,0.445],[101.49,0.462],[101.479,0.462],[101.481,0.45],[101.454,0.444],[101.447,0.42],[101.368,0.442],[101.351,0.467],[101.332,0.477],[101.357,0.51],[101.372,0.564],[101.357,0.557],[101.343,0.568],[101.343,0.577],[101.323,0.58],[101.33,0.583],[101.325,0.6],[101.376,0.646],[101.385,0.68],[101.397,0.689],[101.434,0.664],[101.458,0.667],[101.456,0.653],[101.466,0.638],[101.485,0.642],[101.514,0.69],[101.538,0.681],[101.547,0.64],[101.57,0.639],[101.574,0.619],[101.593,0.607],[101.582,0.591],[101.595,0.567],[101.596,0.544],[101.605,0.544],[101.594,0.535],[101.601,0.506]]]}},{"type":"Feature","properties":{"kode":"91.19","nama":"Supiori","prov":"Papua","kota":false},"geometry":{"type":"MultiPolygon","coordinates":[[[[135.524,-0.823],[135.542,-0.838],[135.542,-0.87],[135.508,-0.846],[135.51,-0.829],[135.524,-0.823]]],[[[135.74,-0.803],[135.711,-0.806],[135.709,-0.8],[135.724,-0.792],[135.733,-0.753],[135.737,-0.75],[135.74,-0.748],[135.742,-0.744],[135.746,-0.743],[135.749,-0.74],[135.758,-0.737],[135.769,-0.725],[135.787,-0.72],[135.787,-0.73],[135.771,-0.743],[135.78,-0.75],[135.782,-0.768],[135.761,-0.773],[135.74,-0.803]]],[[[135.393,-0.621],[135.419,-0.653],[135.447,-0.641],[135.45,-0.655],[135.46,-0.646],[135.482,-0.662],[135.497,-0.652],[135.53,-0.664],[135.536,-0.674],[135.551,-0.658],[135.589,-0.663],[135.599,-0.681],[135.595,-0.702],[135.619,-0.669],[135.63,-0.673],[135.645,-0.663],[135.678,-0.689],[135.68,-0.713],[135.689,-0.722],[135.716,-0.708],[135.728,-0.712],[135.745,-0.743],[135.742,-0.743],[135.737,-0.751],[135.732,-0.753],[135.727,-0.774],[135.701,-0.799],[135.685,-0.838],[135.643,-0.887],[135.625,-0.876],[135.612,-0.854],[135.572,-0.83],[135.531,-0.783],[135.488,-0.77],[135.482,-0.748],[135.472,-0.742],[135.467,-0.758],[135.492,-0.793],[135.496,-0.817],[135.484,-0.815],[135.489,-0.805],[135.418,-0.753],[135.396,-0.725],[135.388,-0.699],[135.394,-0.693],[135.387,-0.676],[135.372,-0.666],[135.361,-0.636],[135.393,-0.621]]]]}},{"type":"Feature","properties":{"kode":"16.72","nama":"Kota Pagar Alam","prov":"Sumatera Selatan","kota":true},"geometry":{"type":"Polygon","coordinates":[[[103.376,-4.211],[103.371,-4.23],[103.359,-4.237],[103.353,-4.228],[103.331,-4.239],[103.336,-4.257],[103.316,-4.267],[103.306,-4.258],[103.275,-4.259],[103.224,-4.241],[103.21,-4.248],[103.191,-4.236],[103.178,-4.241],[103.187,-4.214],[103.186,-4.162],[103.165,-4.117],[103.145,-4.114],[103.144,-4.085],[103.133,-4.074],[103.136,-4.046],[103.122,-4.015],[103.164,-4.01],[103.183,-3.991],[103.225,-3.989],[103.249,-4.008],[103.285,-4.009],[103.291,-4.017],[103.278,-4.032],[103.296,-4.045],[103.314,-4.049],[103.325,-4.066],[103.344,-4.051],[103.353,-4.003],[103.38,-3.988],[103.413,-3.989],[103.395,-4.064],[103.361,-4.098],[103.363,-4.114],[103.356,-4.122],[103.365,-4.149],[103.356,-4.162],[103.359,-4.181],[103.376,-4.211]]]}},{"type":"Feature","properties":{"kode":"18.10","nama":"Pringsewu","prov":"Lampung","kota":false},"geometry":{"type":"Polygon","coordinates":[[[104.922,-5.266],[105.049,-5.207],[105.074,-5.225],[105.079,-5.218],[105.098,-5.23],[105.07,-5.229],[105.054,-5.259],[105.038,-5.262],[105.045,-5.266],[105.037,-5.284],[105.045,-5.321],[105.055,-5.325],[105.056,-5.315],[105.063,-5.321],[105.068,-5.361],[105.081,-5.363],[105.075,-5.393],[105.039,-5.386],[105.014,-5.399],[104.999,-5.391],[104.995,-5.427],[104.977,-5.441],[104.964,-5.436],[104.942,-5.46],[104.936,-5.5],[104.956,-5.521],[104.967,-5.554],[104.959,-5.576],[104.905,-5.567],[104.891,-5.55],[104.898,-5.534],[104.891,-5.508],[104.9,-5.512],[104.916,-5.448],[104.887,-5.435],[104.912,-5.429],[104.901,-5.422],[104.906,-5.417],[104.885,-5.387],[104.868,-5.378],[104.869,-5.338],[104.855,-5.336],[104.811,-5.301],[104.804,-5.273],[104.787,-5.25],[104.79,-5.239],[104.78,-5.236],[104.786,-5.209],[104.772,-5.179],[104.793,-5.157],[104.83,-5.203],[104.861,-5.202],[104.872,-5.233],[104.888,-5.245],[104.91,-5.247],[104.922,-5.266]]]}},{"type":"Feature","properties":{"kode":"72.11","nama":"Banggai Laut","prov":"Sulawesi Tengah","kota":false},"geometry":{"type":"MultiPolygon","coordinates":[[[[123.863,-2.01],[123.88,-2.029],[123.88,-2.044],[123.897,-2.075],[123.89,-2.087],[123.87,-2.062],[123.847,-2.068],[123.844,-2.058],[123.863,-2.01]]],[[[123.729,-1.899],[123.739,-1.921],[123.739,-1.951],[123.725,-1.953],[123.706,-1.944],[123.705,-1.93],[123.729,-1.899]]],[[[123.785,-1.879],[123.804,-1.893],[123.811,-1.913],[123.838,-1.936],[123.84,-1.947],[123.847,-1.947],[123.863,-1.979],[123.855,-2.012],[123.84,-1.993],[123.837,-2.013],[123.828,-2.023],[123.816,-2.021],[123.785,-1.983],[123.785,-1.953],[123.77,-1.942],[123.778,-1.922],[123.776,-1.893],[123.785,-1.879]]],[[[124.004,-1.813],[124.001,-1.828],[124.013,-1.826],[124.024,-1.844],[124.032,-1.893],[124.018,-1.89],[123.988,-1.824],[123.995,-1.812],[124.004,-1.813]]],[[[123.105,-1.774],[123.126,-1.775],[123.128,-1.797],[123.143,-1.799],[123.145,-1.832],[123.137,-1.833],[123.147,-1.839],[123.144,-1.849],[123.133,-1.87],[123.105,-1.875],[123.084,-1.916],[123.063,-1.925],[123.048,-1.91],[123.059,-1.888],[123.069,-1.887],[123.057,-1.872],[123.059,-1.83],[123.088,-1.766],[123.096,-1.761],[123.105,-1.774]]],[[[123.376,-1.673],[123.385,-1.687],[123.385,-1.72],[123.373,-1.721],[123.352,-1.74],[123.34,-1.734],[123.316,-1.782],[123.275,-1.797],[123.27,-1.786],[123.281,-1.76],[123.312,-1.718],[123.353,-1.68],[123.376,-1.673]]],[[[123.532,-1.478],[123.548,-1.495],[123.562,-1.548],[123.554,-1.566],[123.561,-1.601],[123.577,-1.61],[123.596,-1.595],[123.623,-1.623],[123.617,-1.638],[123.606,-1.629],[123.618,-1.649],[123.608,-1.677],[123.612,-1.699],[123.598,-1.714],[123.581,-1.71],[123.568,-1.728],[123.555,-1.718],[123.537,-1.726],[123.52,-1.703],[123.506,-1.72],[123.49,-1.714],[123.473,-1.653],[123.486,-1.632],[123.48,-1.615],[123.484,-1.606],[123.496,-1.606],[123.499,-1.59],[123.478,-1.574],[123.479,-1.548],[123.5,-1.526],[123.504,-1.499],[123.526,-1.51],[123.53,-1.492],[123.522,-1.486],[123.532,-1.478]]]]}},{"type":"Feature","properties":{"kode":"34.01","nama":"Kulon Progo","prov":"Daerah Istimewa Yogyakarta","kota":false},"geometry":{"type":"Polygon","coordinates":[[[110.27,-7.706],[110.233,-7.713],[110.216,-7.742],[110.22,-7.777],[110.236,-7.798],[110.228,-7.806],[110.234,-7.823],[110.222,-7.838],[110.256,-7.865],[110.274,-7.893],[110.271,-7.924],[110.249,-7.927],[110.212,-7.986],[110.143,-7.947],[110.004,-7.888],[110.034,-7.893],[110.064,-7.812],[110.111,-7.777],[110.113,-7.764],[110.129,-7.75],[110.124,-7.731],[110.134,-7.722],[110.132,-7.702],[110.138,-7.695],[110.116,-7.674],[110.141,-7.645],[110.148,-7.65],[110.187,-7.646],[110.199,-7.653],[110.212,-7.647],[110.239,-7.653],[110.255,-7.642],[110.264,-7.646],[110.261,-7.685],[110.27,-7.706]]]}},{"type":"Feature","properties":{"kode":"34.04","nama":"Sleman","prov":"Daerah Istimewa Yogyakarta","kota":false},"geometry":{"type":"Polygon","coordinates":[[[110.544,-7.793],[110.541,-7.824],[110.519,-7.831],[110.481,-7.817],[110.48,-7.825],[110.445,-7.822],[110.434,-7.837],[110.422,-7.822],[110.421,-7.786],[110.397,-7.788],[110.351,-7.768],[110.344,-7.792],[110.315,-7.809],[110.317,-7.824],[110.307,-7.822],[110.292,-7.835],[110.286,-7.833],[110.283,-7.808],[110.289,-7.785],[110.254,-7.796],[110.233,-7.815],[110.228,-7.806],[110.236,-7.798],[110.22,-7.777],[110.216,-7.742],[110.233,-7.713],[110.27,-7.706],[110.304,-7.655],[110.366,-7.615],[110.445,-7.541],[110.455,-7.555],[110.469,-7.618],[110.492,-7.767],[110.507,-7.768],[110.531,-7.797],[110.544,-7.793]]]}},{"type":"Feature","properties":{"kode":"61.72","nama":"Kota Singkawang","prov":"Kalimantan Barat","kota":true},"geometry":{"type":"Polygon","coordinates":[[[109.176,0.962],[109.162,0.949],[109.16,0.935],[109.174,0.907],[109.145,0.881],[109.113,0.871],[109.113,0.86],[109.094,0.843],[109.05,0.835],[109.052,0.788],[109.076,0.783],[109.072,0.756],[109.049,0.755],[109.051,0.745],[108.993,0.746],[108.984,0.762],[108.974,0.764],[108.955,0.759],[108.968,0.772],[108.918,0.795],[108.874,0.84],[108.891,0.858],[108.893,0.87],[108.911,0.863],[108.949,0.899],[108.97,0.942],[108.978,0.997],[109.047,1.008],[109.083,1.001],[109.093,0.99],[109.097,1.005],[109.129,1.018],[109.146,1.01],[109.15,0.98],[109.174,0.979],[109.176,0.962]]]}},{"type":"Feature","properties":{"kode":"71.03","nama":"Kepulauan Sangihe","prov":"Sulawesi Utara","kota":false},"geometry":{"type":"Polygon","coordinates":[[[125.449,3.737],[125.508,3.723],[125.557,3.666],[125.563,3.648],[125.57,3.649],[125.576,3.637],[125.563,3.627],[125.587,3.623],[125.588,3.613],[125.574,3.607],[125.579,3.598],[125.559,3.582],[125.579,3.582],[125.588,3.574],[125.589,3.554],[125.6,3.558],[125.642,3.491],[125.662,3.489],[125.644,3.498],[125.642,3.513],[125.66,3.525],[125.654,3.505],[125.671,3.494],[125.664,3.471],[125.676,3.426],[125.642,3.381],[125.63,3.389],[125.622,3.373],[125.606,3.372],[125.592,3.384],[125.586,3.405],[125.558,3.422],[125.57,3.436],[125.549,3.435],[125.551,3.419],[125.544,3.41],[125.538,3.418],[125.522,3.415],[125.526,3.437],[125.501,3.44],[125.499,3.468],[125.49,3.468],[125.486,3.486],[125.487,3.525],[125.512,3.567],[125.494,3.579],[125.491,3.573],[125.482,3.594],[125.504,3.604],[125.501,3.61],[125.48,3.605],[125.441,3.622],[125.414,3.644],[125.398,3.673],[125.404,3.719],[125.427,3.735],[125.449,3.737]]]}},{"type":"Feature","properties":{"kode":"73.05","nama":"Takalar","prov":"Sulawesi Selatan","kota":false},"geometry":{"type":"MultiPolygon","coordinates":[[[[119.29,-5.468],[119.31,-5.478],[119.316,-5.472],[119.314,-5.482],[119.299,-5.49],[119.318,-5.487],[119.317,-5.513],[119.312,-5.517],[119.303,-5.51],[119.306,-5.525],[119.273,-5.534],[119.272,-5.517],[119.262,-5.526],[119.258,-5.511],[119.245,-5.506],[119.254,-5.486],[119.257,-5.505],[119.277,-5.5],[119.276,-5.476],[119.29,-5.468]]],[[[119.587,-5.327],[119.6,-5.329],[119.618,-5.355],[119.618,-5.368],[119.643,-5.39],[119.645,-5.407],[119.627,-5.42],[119.636,-5.431],[119.573,-5.447],[119.53,-5.432],[119.524,-5.445],[119.51,-5.451],[119.528,-5.481],[119.512,-5.492],[119.487,-5.492],[119.487,-5.511],[119.505,-5.522],[119.509,-5.537],[119.503,-5.559],[119.473,-5.565],[119.46,-5.577],[119.469,-5.592],[119.488,-5.586],[119.488,-5.604],[119.46,-5.606],[119.44,-5.596],[119.418,-5.56],[119.42,-5.546],[119.435,-5.539],[119.431,-5.509],[119.366,-5.423],[119.373,-5.426],[119.407,-5.406],[119.421,-5.411],[119.412,-5.437],[119.434,-5.437],[119.424,-5.424],[119.428,-5.396],[119.44,-5.396],[119.44,-5.386],[119.455,-5.376],[119.447,-5.365],[119.451,-5.356],[119.475,-5.33],[119.456,-5.33],[119.455,-5.323],[119.471,-5.315],[119.481,-5.311],[119.502,-5.323],[119.504,-5.312],[119.523,-5.3],[119.543,-5.306],[119.561,-5.291],[119.57,-5.293],[119.572,-5.309],[119.581,-5.312],[119.587,-5.327]]],[[[119.384,-5.21],[119.416,-5.24],[119.414,-5.251],[119.404,-5.249],[119.376,-5.292],[119.394,-5.311],[119.404,-5.365],[119.4,-5.374],[119.391,-5.373],[119.398,-5.383],[119.369,-5.397],[119.365,-5.422],[119.354,-5.326],[119.369,-5.301],[119.384,-5.21]]]]}},{"type":"Feature","properties":{"kode":"51.06","nama":"Bangli","prov":"Bali","kota":false},"geometry":{"type":"Polygon","coordinates":[[[115.434,-8.181],[115.452,-8.194],[115.438,-8.217],[115.448,-8.246],[115.458,-8.242],[115.458,-8.248],[115.43,-8.267],[115.419,-8.322],[115.409,-8.322],[115.41,-8.338],[115.399,-8.344],[115.396,-8.361],[115.415,-8.4],[115.414,-8.434],[115.401,-8.463],[115.376,-8.461],[115.358,-8.492],[115.358,-8.521],[115.347,-8.525],[115.329,-8.512],[115.317,-8.434],[115.331,-8.414],[115.337,-8.383],[115.336,-8.37],[115.325,-8.367],[115.328,-8.331],[115.307,-8.329],[115.296,-8.337],[115.291,-8.318],[115.283,-8.315],[115.265,-8.33],[115.259,-8.315],[115.251,-8.315],[115.244,-8.296],[115.249,-8.255],[115.232,-8.24],[115.243,-8.211],[115.243,-8.185],[115.246,-8.176],[115.255,-8.178],[115.28,-8.161],[115.284,-8.17],[115.3,-8.172],[115.32,-8.154],[115.32,-8.142],[115.332,-8.161],[115.338,-8.148],[115.347,-8.157],[115.356,-8.153],[115.358,-8.164],[115.377,-8.164],[115.394,-8.176],[115.41,-8.171],[115.418,-8.175],[115.415,-8.185],[115.434,-8.181]]]}},{"type":"Feature","properties":{"kode":"34.02","nama":"Bantul","prov":"Daerah Istimewa Yogyakarta","kota":false},"geometry":{"type":"Polygon","coordinates":[[[110.397,-7.788],[110.421,-7.786],[110.422,-7.822],[110.434,-7.837],[110.445,-7.822],[110.48,-7.825],[110.481,-7.817],[110.519,-7.831],[110.516,-7.838],[110.489,-7.838],[110.467,-7.87],[110.475,-7.889],[110.496,-7.892],[110.498,-7.906],[110.492,-7.939],[110.488,-7.945],[110.476,-7.943],[110.476,-7.965],[110.465,-7.955],[110.457,-7.966],[110.449,-7.947],[110.441,-7.967],[110.421,-7.973],[110.396,-7.968],[110.398,-7.981],[110.391,-7.981],[110.365,-7.973],[110.363,-7.982],[110.35,-7.984],[110.351,-7.994],[110.334,-7.996],[110.339,-8.028],[110.212,-7.986],[110.249,-7.927],[110.271,-7.924],[110.274,-7.893],[110.256,-7.865],[110.222,-7.838],[110.239,-7.808],[110.289,-7.785],[110.283,-7.808],[110.286,-7.833],[110.292,-7.835],[110.307,-7.822],[110.317,-7.824],[110.315,-7.809],[110.344,-7.792],[110.351,-7.768],[110.345,-7.807],[110.352,-7.826],[110.375,-7.824],[110.388,-7.84],[110.405,-7.831],[110.397,-7.788]]]}},{"type":"Feature","properties":{"kode":"64.71","nama":"Kota Balikpapan","prov":"Kalimantan Timur","kota":true},"geometry":{"type":"Polygon","coordinates":[[[116.852,-1.016],[116.839,-1.03],[116.84,-1.048],[116.86,-1.059],[116.904,-1.065],[116.907,-1.081],[116.947,-1.117],[116.945,-1.126],[117.002,-1.125],[117.023,-1.141],[117.0,-1.201],[116.933,-1.253],[116.884,-1.277],[116.811,-1.282],[116.806,-1.272],[116.816,-1.26],[116.811,-1.2],[116.799,-1.215],[116.784,-1.212],[116.788,-1.173],[116.779,-1.143],[116.744,-1.107],[116.729,-1.102],[116.741,-1.073],[116.765,-1.072],[116.775,-1.049],[116.785,-1.043],[116.801,-1.051],[116.824,-1.022],[116.852,-1.016]]]}},{"type":"Feature","properties":{"kode":"74.15","nama":"Buton Selatan","prov":"Sulawesi Tenggara","kota":false},"geometry":{"type":"MultiPolygon","coordinates":[[[[122.51,-5.624],[122.544,-5.628],[122.556,-5.653],[122.548,-5.681],[122.533,-5.694],[122.495,-5.7],[122.474,-5.69],[122.457,-5.693],[122.456,-5.686],[122.483,-5.672],[122.505,-5.647],[122.503,-5.631],[122.51,-5.624]]],[[[122.525,-5.501],[122.511,-5.525],[122.508,-5.559],[122.488,-5.562],[122.473,-5.548],[122.472,-5.53],[122.483,-5.515],[122.525,-5.501]]],[[[122.791,-5.604],[122.8,-5.629],[122.823,-5.652],[122.803,-5.696],[122.777,-5.703],[122.754,-5.694],[122.766,-5.667],[122.757,-5.656],[122.759,-5.644],[122.749,-5.639],[122.728,-5.673],[122.729,-5.689],[122.713,-5.681],[122.723,-5.628],[122.713,-5.619],[122.669,-5.687],[122.645,-5.699],[122.613,-5.66],[122.614,-5.638],[122.579,-5.568],[122.574,-5.538],[122.608,-5.523],[122.615,-5.511],[122.639,-5.513],[122.671,-5.496],[122.723,-5.497],[122.736,-5.493],[122.742,-5.48],[122.765,-5.49],[122.789,-5.488],[122.791,-5.604]]]]}},{"type":"Feature","properties":{"kode":"33.11","nama":"Sukoharjo","prov":"Jawa Tengah","kota":false},"geometry":{"type":"Polygon","coordinates":[[[110.771,-7.545],[110.784,-7.564],[110.782,-7.576],[110.802,-7.572],[110.822,-7.595],[110.84,-7.59],[110.848,-7.573],[110.861,-7.567],[110.912,-7.584],[110.906,-7.614],[110.945,-7.618],[110.954,-7.683],[110.937,-7.779],[110.91,-7.756],[110.872,-7.75],[110.861,-7.759],[110.855,-7.785],[110.86,-7.796],[110.85,-7.817],[110.833,-7.795],[110.805,-7.791],[110.782,-7.804],[110.786,-7.817],[110.764,-7.809],[110.759,-7.826],[110.715,-7.791],[110.77,-7.717],[110.771,-7.687],[110.795,-7.644],[110.781,-7.635],[110.763,-7.636],[110.764,-7.62],[110.742,-7.61],[110.747,-7.604],[110.74,-7.598],[110.703,-7.594],[110.727,-7.554],[110.711,-7.549],[110.725,-7.538],[110.759,-7.55],[110.771,-7.545]]]}},{"type":"Feature","properties":{"kode":"21.05","nama":"Kepulauan Anambas","prov":"Kepulauan Riau","kota":false},"geometry":{"type":"MultiPolygon","coordinates":[[[[106.201,2.811],[106.225,2.805],[106.234,2.78],[106.245,2.776],[106.238,2.761],[106.252,2.759],[106.241,2.738],[106.251,2.726],[106.226,2.737],[106.204,2.763],[106.223,2.766],[106.216,2.784],[106.2,2.789],[106.192,2.805],[106.201,2.811]]],[[[105.697,3.063],[105.712,3.051],[105.715,3.031],[105.735,3.045],[105.736,3.01],[105.724,2.997],[105.74,2.974],[105.755,2.968],[105.762,2.981],[105.781,2.971],[105.788,2.974],[105.789,2.988],[105.804,2.991],[105.85,2.986],[105.841,2.981],[105.845,2.958],[105.835,2.959],[105.828,2.969],[105.819,2.967],[105.824,2.958],[105.812,2.94],[105.828,2.911],[105.795,2.908],[105.817,2.897],[105.819,2.885],[105.8,2.888],[105.787,2.902],[105.765,2.893],[105.769,2.873],[105.741,2.868],[105.731,2.88],[105.724,2.872],[105.74,2.851],[105.766,2.849],[105.769,2.841],[105.76,2.828],[105.738,2.83],[105.735,2.817],[105.725,2.817],[105.693,2.855],[105.693,2.881],[105.703,2.881],[105.696,2.894],[105.699,2.915],[105.707,2.925],[105.699,2.934],[105.705,2.933],[105.715,2.958],[105.707,2.977],[105.71,2.987],[105.675,3.009],[105.688,3.006],[105.706,3.035],[105.691,3.058],[105.697,3.063]]],[[[106.317,3.169],[106.312,3.135],[106.329,3.149],[106.328,3.139],[106.342,3.146],[106.341,3.121],[106.329,3.122],[106.308,3.086],[106.31,3.112],[106.299,3.124],[106.296,3.104],[106.285,3.121],[106.317,3.169]]],[[[106.233,3.229],[106.278,3.194],[106.282,3.182],[106.273,3.172],[106.288,3.179],[106.291,3.161],[106.276,3.125],[106.285,3.099],[106.276,3.077],[106.273,3.101],[106.265,3.092],[106.259,3.096],[106.261,3.11],[106.247,3.121],[106.249,3.108],[106.236,3.096],[106.222,3.11],[106.222,3.13],[106.217,3.12],[106.21,3.122],[106.204,3.14],[106.208,3.191],[106.197,3.232],[106.22,3.217],[106.221,3.227],[106.233,3.229]]],[[[106.285,3.384],[106.301,3.381],[106.308,3.366],[106.293,3.349],[106.298,3.335],[106.288,3.304],[106.295,3.276],[106.289,3.251],[106.265,3.295],[106.26,3.288],[106.266,3.259],[106.278,3.252],[106.284,3.232],[106.267,3.228],[106.227,3.26],[106.238,3.264],[106.247,3.29],[106.235,3.304],[106.241,3.338],[106.26,3.354],[106.266,3.345],[106.267,3.375],[106.285,3.384]]],[[[106.228,3.394],[106.219,3.359],[106.223,3.346],[106.235,3.35],[106.236,3.334],[106.22,3.3],[106.208,3.302],[106.206,3.322],[106.189,3.299],[106.172,3.332],[106.201,3.345],[106.206,3.363],[106.2,3.375],[106.228,3.394]]]]}},{"type":"Feature","properties":{"kode":"53.20","nama":"Sabu Raijua","prov":"Nusa Tenggara Timur","kota":false},"geometry":{"type":"MultiPolygon","coordinates":[[[[121.635,-10.602],[121.625,-10.62],[121.574,-10.642],[121.52,-10.633],[121.567,-10.598],[121.635,-10.602]]],[[[121.91,-10.419],[121.971,-10.443],[121.997,-10.442],[122.006,-10.453],[122.006,-10.471],[121.993,-10.489],[121.997,-10.523],[121.986,-10.551],[121.957,-10.551],[121.875,-10.618],[121.838,-10.626],[121.794,-10.607],[121.749,-10.615],[121.738,-10.603],[121.687,-10.58],[121.721,-10.554],[121.833,-10.499],[121.841,-10.489],[121.844,-10.45],[121.86,-10.436],[121.91,-10.419]]]]}},{"type":"Feature","properties":{"kode":"33.19","nama":"Kudus","prov":"Jawa Tengah","kota":false},"geometry":{"type":"Polygon","coordinates":[[[110.902,-6.627],[110.898,-6.64],[110.909,-6.649],[110.937,-6.709],[110.935,-6.719],[110.925,-6.715],[110.923,-6.731],[110.93,-6.738],[110.94,-6.735],[110.945,-6.756],[110.961,-6.76],[110.977,-6.833],[110.949,-6.858],[110.883,-6.867],[110.883,-6.905],[110.858,-6.901],[110.844,-6.936],[110.815,-6.939],[110.812,-6.976],[110.804,-6.98],[110.793,-6.957],[110.779,-6.949],[110.778,-6.932],[110.787,-6.923],[110.787,-6.911],[110.832,-6.853],[110.827,-6.846],[110.817,-6.849],[110.81,-6.838],[110.799,-6.839],[110.779,-6.806],[110.758,-6.794],[110.769,-6.769],[110.793,-6.754],[110.798,-6.758],[110.817,-6.748],[110.829,-6.756],[110.837,-6.738],[110.825,-6.736],[110.82,-6.708],[110.839,-6.703],[110.835,-6.686],[110.853,-6.662],[110.859,-6.628],[110.867,-6.62],[110.89,-6.618],[110.902,-6.627]]]}},{"type":"Feature","properties":{"kode":"16.74","nama":"Kota Prabumulih","prov":"Sumatera Selatan","kota":true},"geometry":{"type":"Polygon","coordinates":[[[104.184,-3.329],[104.179,-3.349],[104.197,-3.349],[104.208,-3.36],[104.286,-3.365],[104.313,-3.351],[104.352,-3.376],[104.317,-3.45],[104.277,-3.463],[104.295,-3.474],[104.317,-3.523],[104.315,-3.567],[104.301,-3.563],[104.28,-3.581],[104.251,-3.578],[104.248,-3.535],[104.233,-3.54],[104.227,-3.527],[104.217,-3.526],[104.195,-3.543],[104.195,-3.551],[104.149,-3.551],[104.141,-3.514],[104.126,-3.495],[104.14,-3.47],[104.137,-3.454],[104.154,-3.409],[104.125,-3.36],[104.132,-3.344],[104.127,-3.325],[104.138,-3.325],[104.14,-3.334],[104.154,-3.329],[104.152,-3.319],[104.163,-3.324],[104.169,-3.317],[104.173,-3.33],[104.184,-3.329]]]}},{"type":"Feature","properties":{"kode":"12.25","nama":"Nias Barat","prov":"Sumatera Utara","kota":false},"geometry":{"type":"Polygon","coordinates":[[[97.62,1.027],[97.588,1.019],[97.553,0.992],[97.524,0.952],[97.549,0.903],[97.548,0.888],[97.51,0.907],[97.508,0.924],[97.482,0.94],[97.431,0.942],[97.415,0.949],[97.407,0.938],[97.406,0.983],[97.362,1.09],[97.392,1.085],[97.434,1.092],[97.446,1.119],[97.47,1.084],[97.478,1.085],[97.477,1.139],[97.493,1.164],[97.493,1.171],[97.495,1.184],[97.502,1.192],[97.494,1.174],[97.493,1.153],[97.499,1.148],[97.522,1.155],[97.545,1.136],[97.558,1.141],[97.572,1.131],[97.577,1.119],[97.572,1.117],[97.588,1.103],[97.601,1.103],[97.603,1.111],[97.61,1.103],[97.622,1.104],[97.62,1.078],[97.611,1.064],[97.618,1.06],[97.62,1.027]]]}},{"type":"Feature","properties":{"kode":"74.07","nama":"Wakatobi","prov":"Sulawesi Tenggara","kota":false},"geometry":{"type":"MultiPolygon","coordinates":[[[[123.992,-5.878],[124.041,-5.908],[124.082,-6.006],[124.073,-6.024],[124.043,-6.034],[124.038,-6.016],[124.049,-6.003],[124.046,-5.982],[123.981,-5.962],[123.97,-5.929],[123.992,-5.878]]],[[[123.904,-5.72],[123.964,-5.732],[124.006,-5.763],[123.95,-5.78],[123.92,-5.773],[123.894,-5.741],[123.895,-5.729],[123.904,-5.72]]],[[[123.841,-5.551],[123.859,-5.568],[123.879,-5.571],[123.882,-5.583],[123.862,-5.593],[123.833,-5.586],[123.828,-5.562],[123.841,-5.551]]],[[[123.692,-5.47],[123.733,-5.48],[123.733,-5.489],[123.756,-5.497],[123.811,-5.558],[123.821,-5.559],[123.827,-5.571],[123.808,-5.577],[123.815,-5.595],[123.78,-5.59],[123.761,-5.55],[123.713,-5.506],[123.692,-5.47]]],[[[123.612,-5.402],[123.643,-5.419],[123.638,-5.432],[123.609,-5.428],[123.585,-5.412],[123.612,-5.402]]],[[[123.469,-5.326],[123.493,-5.334],[123.538,-5.38],[123.482,-5.361],[123.464,-5.334],[123.469,-5.326]]],[[[123.583,-5.247],[123.624,-5.268],[123.645,-5.296],[123.634,-5.341],[123.639,-5.366],[123.619,-5.383],[123.614,-5.377],[123.6,-5.386],[123.582,-5.383],[123.54,-5.351],[123.53,-5.319],[123.521,-5.259],[123.533,-5.248],[123.583,-5.247]]]]}},{"type":"Feature","properties":{"kode":"51.03","nama":"Badung","prov":"Bali","kota":false},"geometry":{"type":"Polygon","coordinates":[[[115.231,-8.24],[115.251,-8.263],[115.244,-8.296],[115.249,-8.338],[115.234,-8.358],[115.225,-8.391],[115.23,-8.442],[115.245,-8.477],[115.243,-8.499],[115.23,-8.525],[115.249,-8.566],[115.249,-8.583],[115.244,-8.601],[115.226,-8.593],[115.18,-8.616],[115.182,-8.646],[115.174,-8.662],[115.179,-8.674],[115.174,-8.687],[115.188,-8.707],[115.183,-8.765],[115.214,-8.787],[115.216,-8.757],[115.222,-8.754],[115.237,-8.802],[115.218,-8.833],[115.188,-8.845],[115.112,-8.846],[115.087,-8.836],[115.088,-8.815],[115.115,-8.804],[115.118,-8.794],[115.142,-8.78],[115.164,-8.779],[115.168,-8.758],[115.152,-8.744],[115.16,-8.742],[115.169,-8.722],[115.149,-8.679],[115.099,-8.637],[115.12,-8.611],[115.138,-8.61],[115.138,-8.616],[115.155,-8.601],[115.151,-8.579],[115.184,-8.489],[115.177,-8.487],[115.18,-8.465],[115.175,-8.464],[115.189,-8.443],[115.198,-8.446],[115.197,-8.483],[115.203,-8.489],[115.217,-8.438],[115.209,-8.379],[115.198,-8.358],[115.203,-8.333],[115.212,-8.331],[115.202,-8.293],[115.187,-8.277],[115.184,-8.245],[115.231,-8.24]]]}},{"type":"Feature","properties":{"kode":"73.03","nama":"Bantaeng","prov":"Sulawesi Selatan","kota":false},"geometry":{"type":"Polygon","coordinates":[[[119.956,-5.354],[119.958,-5.381],[119.972,-5.392],[120.004,-5.387],[120.029,-5.393],[120.035,-5.407],[120.026,-5.412],[120.055,-5.436],[120.052,-5.448],[120.083,-5.478],[120.098,-5.523],[120.102,-5.585],[120.059,-5.583],[119.938,-5.544],[119.907,-5.577],[119.899,-5.559],[119.857,-5.552],[119.862,-5.535],[119.856,-5.516],[119.876,-5.529],[119.88,-5.491],[119.897,-5.475],[119.937,-5.407],[119.942,-5.389],[119.931,-5.365],[119.938,-5.356],[119.956,-5.354]]]}},{"type":"Feature","properties":{"kode":"33.74","nama":"Kota Semarang","prov":"Jawa Tengah","kota":true},"geometry":{"type":"Polygon","coordinates":[[[110.487,-6.946],[110.49,-6.955],[110.501,-6.952],[110.504,-6.981],[110.49,-7.004],[110.502,-7.01],[110.496,-7.03],[110.484,-7.028],[110.482,-7.045],[110.5,-7.067],[110.484,-7.082],[110.477,-7.088],[110.456,-7.08],[110.437,-7.099],[110.423,-7.098],[110.416,-7.108],[110.386,-7.115],[110.373,-7.096],[110.374,-7.105],[110.355,-7.106],[110.346,-7.088],[110.336,-7.105],[110.315,-7.108],[110.303,-7.097],[110.301,-7.065],[110.272,-7.041],[110.273,-7.016],[110.284,-7.013],[110.285,-6.986],[110.293,-6.983],[110.288,-6.965],[110.296,-6.969],[110.3,-6.96],[110.293,-6.958],[110.295,-6.947],[110.298,-6.955],[110.314,-6.955],[110.326,-6.968],[110.335,-6.961],[110.364,-6.966],[110.359,-6.955],[110.369,-6.947],[110.432,-6.943],[110.456,-6.954],[110.461,-6.934],[110.487,-6.946]]]}},{"type":"Feature","properties":{"kode":"51.04","nama":"Gianyar","prov":"Bali","kota":false},"geometry":{"type":"Polygon","coordinates":[[[115.358,-8.521],[115.371,-8.575],[115.275,-8.65],[115.246,-8.616],[115.249,-8.566],[115.23,-8.525],[115.243,-8.499],[115.245,-8.477],[115.23,-8.442],[115.225,-8.391],[115.234,-8.358],[115.249,-8.338],[115.245,-8.322],[115.251,-8.315],[115.259,-8.315],[115.265,-8.33],[115.283,-8.315],[115.291,-8.318],[115.296,-8.337],[115.307,-8.329],[115.328,-8.331],[115.325,-8.367],[115.336,-8.37],[115.337,-8.383],[115.331,-8.414],[115.317,-8.434],[115.327,-8.465],[115.324,-8.491],[115.335,-8.521],[115.358,-8.521]]]}},{"type":"Feature","properties":{"kode":"16.73","nama":"Kota Lubuk Linggau","prov":"Sumatera Selatan","kota":true},"geometry":{"type":"Polygon","coordinates":[[[102.967,-3.362],[102.926,-3.368],[102.912,-3.378],[102.895,-3.376],[102.89,-3.352],[102.896,-3.327],[102.864,-3.345],[102.842,-3.344],[102.84,-3.334],[102.798,-3.332],[102.79,-3.297],[102.778,-3.293],[102.776,-3.282],[102.758,-3.29],[102.753,-3.283],[102.775,-3.268],[102.778,-3.26],[102.77,-3.254],[102.783,-3.242],[102.807,-3.234],[102.811,-3.179],[102.833,-3.176],[102.838,-3.151],[102.855,-3.132],[102.861,-3.131],[102.882,-3.157],[102.893,-3.151],[102.912,-3.159],[102.917,-3.152],[102.925,-3.171],[102.916,-3.191],[102.937,-3.207],[102.94,-3.231],[102.954,-3.237],[102.949,-3.249],[102.936,-3.249],[102.927,-3.261],[102.96,-3.265],[102.977,-3.292],[102.958,-3.309],[102.967,-3.362]]]}},{"type":"Feature","properties":{"kode":"15.72","nama":"Kota Sungai Penuh","prov":"Jambi","kota":true},"geometry":{"type":"Polygon","coordinates":[[[101.28,-2.251],[101.261,-2.102],[101.257,-2.095],[101.241,-2.098],[101.24,-2.067],[101.272,-2.032],[101.289,-2.026],[101.429,-2.027],[101.445,-2.045],[101.443,-2.067],[101.454,-2.093],[101.445,-2.103],[101.418,-2.105],[101.409,-2.119],[101.412,-2.166],[101.392,-2.181],[101.369,-2.174],[101.37,-2.191],[101.28,-2.251]]]}},{"type":"Feature","properties":{"kode":"72.71","nama":"Kota Palu","prov":"Sulawesi Tengah","kota":true},"geometry":{"type":"Polygon","coordinates":[[[120.019,-0.782],[120.032,-0.793],[120.042,-0.834],[120.034,-0.857],[120.039,-0.869],[120.031,-0.881],[120.019,-0.876],[119.958,-0.916],[119.928,-0.921],[119.942,-0.936],[119.931,-0.948],[119.878,-0.934],[119.874,-0.923],[119.832,-0.943],[119.831,-0.907],[119.822,-0.901],[119.831,-0.897],[119.818,-0.858],[119.794,-0.859],[119.771,-0.878],[119.763,-0.898],[119.762,-0.876],[119.769,-0.867],[119.757,-0.84],[119.795,-0.819],[119.805,-0.802],[119.816,-0.841],[119.838,-0.88],[119.87,-0.883],[119.883,-0.822],[119.857,-0.774],[119.854,-0.735],[119.862,-0.718],[119.844,-0.697],[119.874,-0.66],[119.922,-0.652],[119.906,-0.667],[119.884,-0.67],[119.872,-0.683],[119.873,-0.699],[119.894,-0.705],[119.929,-0.697],[119.936,-0.705],[119.908,-0.731],[119.878,-0.734],[119.908,-0.755],[119.895,-0.765],[119.873,-0.764],[119.872,-0.774],[119.896,-0.774],[119.901,-0.796],[119.959,-0.802],[119.969,-0.812],[120.001,-0.804],[120.019,-0.782]]]}},{"type":"Feature","properties":{"kode":"16.71","nama":"Kota Palembang","prov":"Sumatera Selatan","kota":true},"geometry":{"type":"Polygon","coordinates":[[[104.725,-2.875],[104.727,-2.897],[104.768,-2.916],[104.788,-2.901],[104.79,-2.908],[104.82,-2.916],[104.833,-2.896],[104.851,-2.908],[104.845,-2.928],[104.865,-2.955],[104.856,-2.976],[104.835,-2.987],[104.837,-3.013],[104.81,-3.019],[104.811,-3.033],[104.788,-3.029],[104.79,-3.054],[104.779,-3.053],[104.775,-3.035],[104.751,-3.039],[104.727,-3.088],[104.71,-3.058],[104.677,-3.049],[104.673,-3.035],[104.663,-3.041],[104.63,-3.017],[104.637,-3.012],[104.634,-2.994],[104.649,-2.984],[104.612,-2.959],[104.624,-2.928],[104.643,-2.934],[104.645,-2.951],[104.635,-2.958],[104.656,-2.974],[104.679,-2.964],[104.675,-2.918],[104.682,-2.909],[104.666,-2.891],[104.674,-2.876],[104.684,-2.871],[104.697,-2.878],[104.702,-2.87],[104.709,-2.876],[104.714,-2.866],[104.725,-2.875]]]}},{"type":"Feature","properties":{"kode":"35.78","nama":"Kota Surabaya","prov":"Jawa Timur","kota":true},"geometry":{"type":"Polygon","coordinates":[[[112.846,-7.3],[112.828,-7.343],[112.812,-7.346],[112.755,-7.337],[112.726,-7.348],[112.704,-7.337],[112.665,-7.351],[112.658,-7.33],[112.649,-7.332],[112.649,-7.315],[112.63,-7.313],[112.622,-7.283],[112.63,-7.26],[112.602,-7.246],[112.607,-7.237],[112.59,-7.215],[112.601,-7.217],[112.597,-7.204],[112.612,-7.201],[112.621,-7.209],[112.625,-7.197],[112.663,-7.193],[112.66,-7.208],[112.685,-7.226],[112.709,-7.222],[112.72,-7.199],[112.729,-7.209],[112.731,-7.199],[112.765,-7.196],[112.782,-7.211],[112.804,-7.25],[112.817,-7.25],[112.84,-7.27],[112.846,-7.3]]]}},{"type":"Feature","properties":{"kode":"71.72","nama":"Kota Bitung","prov":"Sulawesi Utara","kota":true},"geometry":{"type":"MultiPolygon","coordinates":[[[[125.293,1.549],[125.293,1.535],[125.275,1.504],[125.282,1.486],[125.261,1.447],[125.258,1.414],[125.254,1.408],[125.246,1.415],[125.223,1.398],[125.203,1.404],[125.175,1.391],[125.172,1.409],[125.184,1.427],[125.239,1.445],[125.243,1.468],[125.293,1.549]]],[[[125.148,1.599],[125.169,1.566],[125.208,1.55],[125.235,1.529],[125.245,1.515],[125.237,1.495],[125.241,1.486],[125.235,1.47],[125.215,1.46],[125.208,1.446],[125.192,1.438],[125.146,1.439],[125.126,1.428],[125.12,1.403],[125.108,1.394],[125.089,1.428],[125.094,1.452],[125.037,1.454],[125.036,1.463],[125.05,1.49],[125.079,1.5],[125.067,1.542],[125.085,1.576],[125.125,1.566],[125.148,1.599]]]]}},{"type":"Feature","properties":{"kode":"63.72","nama":"Kota Banjarbaru","prov":"Kalimantan Selatan","kota":true},"geometry":{"type":"Polygon","coordinates":[[[114.905,-3.532],[114.857,-3.568],[114.848,-3.554],[114.813,-3.54],[114.809,-3.524],[114.771,-3.523],[114.736,-3.51],[114.682,-3.518],[114.677,-3.454],[114.719,-3.377],[114.737,-3.384],[114.736,-3.398],[114.739,-3.39],[114.748,-3.391],[114.784,-3.421],[114.833,-3.431],[114.836,-3.425],[114.862,-3.445],[114.874,-3.439],[114.9,-3.449],[114.901,-3.475],[114.891,-3.472],[114.907,-3.509],[114.905,-3.532]]]}},{"type":"Feature","properties":{"kode":"51.05","nama":"Klungkung","prov":"Bali","kota":false},"geometry":{"type":"MultiPolygon","coordinates":[[[[115.563,-8.672],[115.579,-8.686],[115.629,-8.77],[115.61,-8.784],[115.606,-8.807],[115.587,-8.819],[115.531,-8.799],[115.511,-8.776],[115.485,-8.769],[115.486,-8.761],[115.473,-8.751],[115.451,-8.748],[115.456,-8.737],[115.448,-8.722],[115.49,-8.674],[115.563,-8.672]]],[[[115.401,-8.463],[115.39,-8.483],[115.414,-8.474],[115.415,-8.509],[115.405,-8.514],[115.41,-8.53],[115.464,-8.504],[115.476,-8.52],[115.479,-8.551],[115.429,-8.575],[115.371,-8.575],[115.354,-8.51],[115.358,-8.492],[115.376,-8.461],[115.401,-8.463]]]]}},{"type":"Feature","properties":{"kode":"74.72","nama":"Kota Bau Bau","prov":"Sulawesi Tenggara","kota":true},"geometry":{"type":"Polygon","coordinates":[[[122.684,-5.322],[122.714,-5.316],[122.726,-5.329],[122.726,-5.354],[122.749,-5.361],[122.76,-5.376],[122.77,-5.414],[122.761,-5.422],[122.757,-5.447],[122.749,-5.449],[122.752,-5.46],[122.74,-5.489],[122.723,-5.497],[122.671,-5.496],[122.639,-5.513],[122.615,-5.511],[122.608,-5.523],[122.574,-5.538],[122.556,-5.515],[122.565,-5.482],[122.597,-5.455],[122.628,-5.46],[122.642,-5.45],[122.648,-5.425],[122.638,-5.408],[122.619,-5.406],[122.621,-5.398],[122.649,-5.357],[122.656,-5.324],[122.674,-5.316],[122.684,-5.322]]]}},{"type":"Feature","properties":{"kode":"12.78","nama":"Kota Gunungsitoli","prov":"Sumatera Utara","kota":true},"geometry":{"type":"Polygon","coordinates":[[[97.723,1.171],[97.719,1.159],[97.705,1.162],[97.685,1.142],[97.649,1.131],[97.636,1.151],[97.612,1.16],[97.626,1.174],[97.618,1.191],[97.613,1.184],[97.602,1.21],[97.574,1.209],[97.562,1.202],[97.568,1.242],[97.553,1.282],[97.545,1.272],[97.539,1.276],[97.535,1.293],[97.514,1.283],[97.521,1.262],[97.507,1.262],[97.498,1.271],[97.49,1.287],[97.498,1.293],[97.486,1.301],[97.49,1.317],[97.471,1.348],[97.478,1.352],[97.499,1.339],[97.507,1.349],[97.509,1.368],[97.498,1.382],[97.517,1.407],[97.523,1.404],[97.539,1.421],[97.541,1.392],[97.602,1.325],[97.613,1.292],[97.626,1.286],[97.652,1.238],[97.676,1.22],[97.688,1.18],[97.723,1.171]]]}},{"type":"Feature","properties":{"kode":"12.71","nama":"Kota Medan","prov":"Sumatera Utara","kota":true},"geometry":{"type":"Polygon","coordinates":[[[98.707,3.772],[98.705,3.741],[98.727,3.732],[98.731,3.723],[98.71,3.72],[98.704,3.672],[98.675,3.679],[98.67,3.672],[98.692,3.665],[98.69,3.657],[98.703,3.656],[98.702,3.645],[98.693,3.646],[98.693,3.627],[98.71,3.627],[98.706,3.595],[98.712,3.6],[98.742,3.595],[98.724,3.595],[98.718,3.583],[98.738,3.58],[98.727,3.568],[98.727,3.552],[98.721,3.552],[98.723,3.541],[98.744,3.537],[98.742,3.529],[98.698,3.531],[98.696,3.518],[98.672,3.515],[98.658,3.522],[98.66,3.508],[98.645,3.49],[98.647,3.481],[98.638,3.49],[98.641,3.508],[98.632,3.505],[98.626,3.519],[98.617,3.498],[98.6,3.491],[98.593,3.499],[98.603,3.533],[98.593,3.541],[98.612,3.554],[98.612,3.563],[98.607,3.611],[98.6,3.618],[98.626,3.611],[98.652,3.615],[98.664,3.624],[98.666,3.636],[98.659,3.639],[98.659,3.675],[98.634,3.684],[98.632,3.702],[98.623,3.701],[98.618,3.712],[98.653,3.733],[98.634,3.747],[98.625,3.76],[98.628,3.768],[98.651,3.782],[98.675,3.776],[98.685,3.79],[98.713,3.792],[98.723,3.801],[98.707,3.772]]]}},{"type":"Feature","properties":{"kode":"73.73","nama":"Kota Palopo","prov":"Sulawesi Selatan","kota":true},"geometry":{"type":"Polygon","coordinates":[[[120.213,-2.956],[120.189,-2.969],[120.221,-3.007],[120.23,-3.043],[120.21,-3.067],[120.178,-3.054],[120.161,-3.058],[120.16,-3.072],[120.124,-3.07],[120.107,-3.051],[120.108,-3.035],[120.086,-3.031],[120.084,-3.005],[120.051,-2.983],[120.06,-2.968],[120.049,-2.953],[120.07,-2.935],[120.174,-2.883],[120.216,-2.896],[120.213,-2.956]]]}},{"type":"Feature","properties":{"kode":"36.73","nama":"Kota Serang","prov":"Banten","kota":true},"geometry":{"type":"Polygon","coordinates":[[[106.216,-6.016],[106.225,-6.034],[106.219,-6.083],[106.23,-6.1],[106.225,-6.129],[106.239,-6.129],[106.256,-6.146],[106.242,-6.174],[106.236,-6.17],[106.219,-6.187],[106.23,-6.193],[106.2,-6.198],[106.192,-6.218],[106.177,-6.219],[106.157,-6.213],[106.158,-6.208],[106.138,-6.209],[106.136,-6.192],[106.152,-6.177],[106.15,-6.169],[106.122,-6.168],[106.111,-6.182],[106.102,-6.173],[106.087,-6.173],[106.076,-6.183],[106.067,-6.177],[106.076,-6.151],[106.069,-6.133],[106.074,-6.122],[106.089,-6.117],[106.11,-6.087],[106.147,-6.067],[106.148,-6.02],[106.169,-6.028],[106.216,-6.016]]]}},{"type":"Feature","properties":{"kode":"74.71","nama":"Kota Kendari","prov":"Sulawesi Tenggara","kota":true},"geometry":{"type":"Polygon","coordinates":[[[122.626,-3.948],[122.624,-3.959],[122.609,-3.963],[122.599,-3.979],[122.562,-3.968],[122.531,-3.971],[122.536,-3.989],[122.553,-3.993],[122.566,-3.983],[122.593,-3.98],[122.62,-4.004],[122.651,-4.003],[122.639,-4.018],[122.617,-4.026],[122.605,-4.053],[122.525,-4.09],[122.51,-4.088],[122.514,-4.068],[122.493,-4.068],[122.465,-4.025],[122.443,-4.012],[122.449,-3.965],[122.457,-3.961],[122.453,-3.945],[122.488,-3.904],[122.508,-3.904],[122.524,-3.936],[122.538,-3.942],[122.553,-3.941],[122.555,-3.933],[122.575,-3.941],[122.591,-3.932],[122.595,-3.944],[122.626,-3.948]]]}},{"type":"Feature","properties":{"kode":"65.71","nama":"Kota Tarakan","prov":"Kalimantan Utara","kota":true},"geometry":{"type":"Polygon","coordinates":[[[117.619,3.438],[117.666,3.415],[117.669,3.404],[117.656,3.252],[117.638,3.24],[117.621,3.252],[117.611,3.28],[117.585,3.29],[117.541,3.327],[117.515,3.381],[117.521,3.414],[117.549,3.442],[117.619,3.438]]]}},{"type":"Feature","properties":{"kode":"81.71","nama":"Kota Ambon","prov":"Maluku","kota":true},"geometry":{"type":"Polygon","coordinates":[[[128.271,-3.618],[128.261,-3.618],[128.26,-3.632],[128.292,-3.659],[128.301,-3.679],[128.299,-3.694],[128.269,-3.708],[128.264,-3.729],[128.227,-3.748],[128.159,-3.75],[128.152,-3.771],[128.09,-3.792],[128.104,-3.772],[128.124,-3.762],[128.157,-3.705],[128.172,-3.701],[128.198,-3.664],[128.245,-3.639],[128.233,-3.628],[128.195,-3.641],[128.196,-3.661],[128.158,-3.666],[128.118,-3.686],[128.1,-3.714],[128.085,-3.722],[128.066,-3.694],[128.071,-3.673],[128.109,-3.648],[128.162,-3.645],[128.18,-3.641],[128.187,-3.628],[128.203,-3.63],[128.222,-3.61],[128.229,-3.584],[128.242,-3.575],[128.269,-3.599],[128.271,-3.618]]]}},{"type":"Feature","properties":{"kode":"13.73","nama":"Kota Sawahlunto","prov":"Sumatera Barat","kota":true},"geometry":{"type":"Polygon","coordinates":[[[100.804,-0.567],[100.813,-0.583],[100.799,-0.599],[100.809,-0.623],[100.789,-0.669],[100.804,-0.707],[100.8,-0.718],[100.812,-0.736],[100.81,-0.773],[100.78,-0.765],[100.765,-0.743],[100.744,-0.737],[100.738,-0.725],[100.714,-0.736],[100.696,-0.724],[100.707,-0.671],[100.723,-0.663],[100.695,-0.651],[100.688,-0.632],[100.702,-0.611],[100.705,-0.571],[100.716,-0.561],[100.773,-0.56],[100.783,-0.548],[100.794,-0.565],[100.804,-0.567]]]}},{"type":"Feature","properties":{"kode":"11.74","nama":"Kota Langsa","prov":"Aceh","kota":true},"geometry":{"type":"Polygon","coordinates":[[[98.076,4.513],[98.062,4.511],[98.067,4.493],[98.047,4.465],[98.039,4.42],[98.002,4.405],[97.972,4.418],[97.965,4.443],[97.94,4.436],[97.928,4.42],[97.914,4.421],[97.928,4.436],[97.917,4.452],[97.907,4.452],[97.903,4.444],[97.868,4.455],[97.869,4.473],[97.891,4.478],[97.895,4.505],[97.916,4.531],[97.932,4.536],[97.943,4.529],[97.955,4.537],[97.968,4.532],[97.98,4.544],[97.976,4.557],[97.986,4.534],[97.997,4.526],[98.039,4.544],[98.035,4.527],[98.07,4.547],[98.084,4.533],[98.076,4.513]]]}},{"type":"Feature","properties":{"kode":"32.75","nama":"Kota Bekasi","prov":"Jawa Barat","kota":true},"geometry":{"type":"Polygon","coordinates":[[[107.004,-6.354],[106.981,-6.364],[106.97,-6.349],[106.981,-6.316],[106.966,-6.303],[106.962,-6.333],[106.937,-6.382],[106.919,-6.396],[106.898,-6.397],[106.914,-6.365],[106.923,-6.314],[106.92,-6.3],[106.912,-6.298],[106.905,-6.26],[106.944,-6.252],[106.949,-6.223],[106.966,-6.207],[106.973,-6.175],[107.011,-6.172],[107.006,-6.193],[107.034,-6.199],[107.03,-6.227],[107.042,-6.234],[107.041,-6.246],[107.016,-6.266],[107.014,-6.287],[107.029,-6.279],[107.041,-6.296],[107.037,-6.321],[107.016,-6.33],[107.014,-6.359],[107.004,-6.354]]]}},{"type":"Feature","properties":{"kode":"52.72","nama":"Kota Bima","prov":"Nusa Tenggara Barat","kota":true},"geometry":{"type":"Polygon","coordinates":[[[118.737,-8.341],[118.747,-8.377],[118.741,-8.402],[118.771,-8.403],[118.802,-8.428],[118.812,-8.412],[118.825,-8.425],[118.874,-8.436],[118.886,-8.456],[118.889,-8.488],[118.875,-8.483],[118.858,-8.495],[118.843,-8.493],[118.801,-8.532],[118.79,-8.514],[118.765,-8.513],[118.758,-8.521],[118.732,-8.514],[118.71,-8.481],[118.723,-8.464],[118.712,-8.455],[118.725,-8.437],[118.698,-8.411],[118.71,-8.397],[118.703,-8.387],[118.737,-8.341]]]}},{"type":"Feature","properties":{"kode":"81.72","nama":"Kota Tual","prov":"Maluku","kota":true},"geometry":{"type":"MultiPolygon","coordinates":[[[[132.197,-5.718],[132.197,-5.758],[132.185,-5.768],[132.17,-5.739],[132.182,-5.72],[132.197,-5.718]]],[[[132.256,-5.584],[132.278,-5.584],[132.286,-5.597],[132.307,-5.591],[132.304,-5.612],[132.31,-5.611],[132.32,-5.627],[132.3,-5.652],[132.292,-5.654],[132.284,-5.6],[132.26,-5.598],[132.256,-5.584]]],[[[132.739,-5.529],[132.75,-5.541],[132.733,-5.553],[132.72,-5.548],[132.705,-5.554],[132.687,-5.541],[132.689,-5.534],[132.699,-5.538],[132.707,-5.531],[132.739,-5.529]]],[[[132.795,-5.569],[132.816,-5.545],[132.799,-5.606],[132.816,-5.676],[132.801,-5.698],[132.793,-5.689],[132.802,-5.677],[132.799,-5.654],[132.789,-5.68],[132.774,-5.691],[132.757,-5.661],[132.768,-5.655],[132.768,-5.646],[132.762,-5.638],[132.758,-5.642],[132.757,-5.66],[132.745,-5.653],[132.741,-5.637],[132.752,-5.577],[132.782,-5.535],[132.802,-5.523],[132.795,-5.569]]],[[[132.32,-5.522],[132.327,-5.531],[132.343,-5.532],[132.346,-5.551],[132.361,-5.552],[132.376,-5.539],[132.378,-5.553],[132.357,-5.576],[132.341,-5.583],[132.324,-5.58],[132.316,-5.548],[132.302,-5.53],[132.32,-5.522]]],[[[132.013,-5.305],[132.024,-5.326],[132.01,-5.366],[131.97,-5.385],[131.962,-5.369],[131.976,-5.328],[131.989,-5.311],[132.013,-5.305]]]]}},{"type":"Feature","properties":{"kode":"71.09","nama":"Kep. Siau Tagulandang Biaro","prov":"Sulawesi Utara","kota":false},"geometry":{"type":"MultiPolygon","coordinates":[[[[125.409,2.134],[125.404,2.102],[125.362,2.089],[125.358,2.073],[125.347,2.07],[125.337,2.082],[125.338,2.095],[125.354,2.109],[125.363,2.104],[125.354,2.125],[125.362,2.129],[125.365,2.121],[125.391,2.114],[125.409,2.134]]],[[[125.379,2.327],[125.386,2.306],[125.365,2.287],[125.344,2.306],[125.356,2.322],[125.379,2.327]]],[[[125.392,2.384],[125.406,2.367],[125.419,2.369],[125.421,2.38],[125.436,2.382],[125.458,2.366],[125.465,2.353],[125.462,2.342],[125.44,2.318],[125.404,2.321],[125.37,2.356],[125.378,2.378],[125.392,2.384]]],[[[125.406,2.812],[125.432,2.805],[125.457,2.771],[125.43,2.736],[125.406,2.725],[125.392,2.681],[125.432,2.65],[125.409,2.633],[125.375,2.655],[125.359,2.724],[125.373,2.793],[125.406,2.812]]]]}},{"type":"Feature","properties":{"kode":"32.76","nama":"Kota Depok","prov":"Jawa Barat","kota":true},"geometry":{"type":"Polygon","coordinates":[[[106.84,-6.336],[106.866,-6.356],[106.871,-6.353],[106.885,-6.372],[106.907,-6.361],[106.914,-6.365],[106.898,-6.397],[106.919,-6.396],[106.917,-6.409],[106.895,-6.425],[106.882,-6.456],[106.855,-6.456],[106.852,-6.436],[106.824,-6.462],[106.823,-6.444],[106.794,-6.451],[106.795,-6.442],[106.738,-6.439],[106.718,-6.371],[106.722,-6.361],[106.769,-6.362],[106.78,-6.316],[106.809,-6.315],[106.793,-6.348],[106.795,-6.365],[106.835,-6.355],[106.84,-6.336]]]}},{"type":"Feature","properties":{"kode":"92.71","nama":"Kota Sorong","prov":"Papua Barat Daya","kota":true},"geometry":{"type":"Polygon","coordinates":[[[131.357,-0.782],[131.376,-0.84],[131.371,-0.874],[131.36,-0.878],[131.389,-0.897],[131.381,-0.905],[131.388,-0.915],[131.394,-0.913],[131.395,-0.923],[131.394,-0.935],[131.378,-0.95],[131.357,-0.952],[131.349,-0.944],[131.334,-0.948],[131.328,-0.925],[131.317,-0.935],[131.291,-0.911],[131.285,-0.896],[131.242,-0.877],[131.248,-0.85],[131.225,-0.822],[131.357,-0.782]]]}},{"type":"Feature","properties":{"kode":"35.79","nama":"Kota Batu","prov":"Jawa Timur","kota":true},"geometry":{"type":"Polygon","coordinates":[[[112.59,-7.765],[112.572,-7.817],[112.564,-7.88],[112.596,-7.903],[112.541,-7.926],[112.478,-7.934],[112.484,-7.925],[112.479,-7.886],[112.488,-7.878],[112.5,-7.816],[112.49,-7.766],[112.528,-7.735],[112.575,-7.733],[112.59,-7.765]]]}},{"type":"Feature","properties":{"kode":"31.75","nama":"Kota Adm. Jakarta Timur","prov":"DKI Jakarta","kota":true},"geometry":{"type":"Polygon","coordinates":[[[106.972,-6.154],[106.973,-6.189],[106.949,-6.223],[106.944,-6.252],[106.905,-6.26],[106.912,-6.298],[106.92,-6.3],[106.923,-6.314],[106.914,-6.365],[106.907,-6.361],[106.885,-6.372],[106.871,-6.353],[106.866,-6.356],[106.84,-6.336],[106.838,-6.321],[106.856,-6.314],[106.858,-6.305],[106.847,-6.286],[106.866,-6.234],[106.865,-6.223],[106.849,-6.208],[106.862,-6.194],[106.875,-6.192],[106.879,-6.166],[106.922,-6.183],[106.922,-6.161],[106.972,-6.154]]]}},{"type":"Feature","properties":{"kode":"32.78","nama":"Kota Tasikmalaya","prov":"Jawa Barat","kota":true},"geometry":{"type":"Polygon","coordinates":[[[108.309,-7.337],[108.287,-7.347],[108.285,-7.363],[108.265,-7.376],[108.282,-7.384],[108.273,-7.391],[108.276,-7.417],[108.269,-7.425],[108.211,-7.436],[108.198,-7.45],[108.188,-7.447],[108.193,-7.438],[108.179,-7.406],[108.183,-7.393],[108.172,-7.386],[108.166,-7.344],[108.153,-7.335],[108.161,-7.321],[108.154,-7.292],[108.175,-7.287],[108.178,-7.274],[108.193,-7.269],[108.202,-7.287],[108.241,-7.311],[108.259,-7.322],[108.269,-7.319],[108.288,-7.336],[108.309,-7.337]]]}},{"type":"Feature","properties":{"kode":"18.71","nama":"Kota Bandar Lampung","prov":"Lampung","kota":true},"geometry":{"type":"Polygon","coordinates":[[[105.255,-5.327],[105.262,-5.33],[105.261,-5.351],[105.269,-5.353],[105.28,-5.342],[105.294,-5.356],[105.291,-5.369],[105.308,-5.361],[105.325,-5.406],[105.342,-5.42],[105.337,-5.423],[105.343,-5.432],[105.327,-5.451],[105.327,-5.477],[105.342,-5.494],[105.351,-5.515],[105.345,-5.518],[105.324,-5.499],[105.32,-5.469],[105.289,-5.445],[105.255,-5.461],[105.251,-5.49],[105.245,-5.481],[105.225,-5.49],[105.222,-5.446],[105.183,-5.449],[105.18,-5.433],[105.19,-5.425],[105.178,-5.407],[105.194,-5.387],[105.206,-5.384],[105.212,-5.37],[105.235,-5.356],[105.255,-5.327]]]}},{"type":"Feature","properties":{"kode":"36.71","nama":"Kota Tangerang","prov":"Banten","kota":true},"geometry":{"type":"Polygon","coordinates":[[[106.737,-6.224],[106.748,-6.25],[106.704,-6.255],[106.691,-6.244],[106.69,-6.232],[106.619,-6.228],[106.605,-6.208],[106.595,-6.208],[106.593,-6.22],[106.583,-6.221],[106.554,-6.199],[106.553,-6.184],[106.579,-6.172],[106.592,-6.159],[106.59,-6.148],[106.613,-6.148],[106.614,-6.127],[106.631,-6.121],[106.636,-6.106],[106.642,-6.108],[106.641,-6.123],[106.673,-6.12],[106.676,-6.099],[106.688,-6.097],[106.696,-6.111],[106.686,-6.128],[106.687,-6.172],[106.723,-6.186],[106.716,-6.193],[106.724,-6.192],[106.718,-6.22],[106.737,-6.224]]]}},{"type":"Feature","properties":{"kode":"73.71","nama":"Kota Makassar","prov":"Sulawesi Selatan","kota":true},"geometry":{"type":"Polygon","coordinates":[[[119.519,-5.151],[119.497,-5.151],[119.501,-5.161],[119.519,-5.167],[119.512,-5.177],[119.516,-5.189],[119.494,-5.191],[119.464,-5.174],[119.455,-5.192],[119.415,-5.196],[119.404,-5.186],[119.395,-5.195],[119.411,-5.206],[119.406,-5.232],[119.386,-5.216],[119.379,-5.195],[119.387,-5.183],[119.386,-5.158],[119.395,-5.154],[119.41,-5.113],[119.447,-5.101],[119.45,-5.086],[119.462,-5.083],[119.479,-5.06],[119.502,-5.069],[119.529,-5.065],[119.543,-5.08],[119.539,-5.122],[119.519,-5.151]]]}},{"type":"Feature","properties":{"kode":"15.71","nama":"Kota Jambi","prov":"Jambi","kota":true},"geometry":{"type":"Polygon","coordinates":[[[103.567,-1.574],[103.611,-1.547],[103.649,-1.551],[103.655,-1.607],[103.68,-1.613],[103.669,-1.641],[103.65,-1.657],[103.631,-1.653],[103.623,-1.666],[103.613,-1.657],[103.608,-1.661],[103.629,-1.677],[103.613,-1.691],[103.6,-1.678],[103.573,-1.668],[103.568,-1.681],[103.524,-1.676],[103.527,-1.65],[103.538,-1.645],[103.548,-1.611],[103.535,-1.589],[103.547,-1.588],[103.547,-1.568],[103.567,-1.574]]]}},{"type":"Feature","properties":{"kode":"71.73","nama":"Kota Tomohon","prov":"Sulawesi Utara","kota":true},"geometry":{"type":"Polygon","coordinates":[[[124.791,1.398],[124.842,1.402],[124.838,1.385],[124.863,1.352],[124.891,1.356],[124.909,1.349],[124.876,1.326],[124.847,1.264],[124.835,1.263],[124.818,1.246],[124.822,1.268],[124.8,1.27],[124.798,1.28],[124.77,1.291],[124.779,1.296],[124.751,1.293],[124.731,1.313],[124.734,1.327],[124.769,1.359],[124.778,1.387],[124.791,1.398]]]}},{"type":"Feature","properties":{"kode":"32.73","nama":"Kota Bandung","prov":"Jawa Barat","kota":true},"geometry":{"type":"Polygon","coordinates":[[[107.613,-6.849],[107.634,-6.888],[107.644,-6.893],[107.656,-6.894],[107.663,-6.884],[107.696,-6.907],[107.704,-6.907],[107.708,-6.89],[107.717,-6.899],[107.74,-6.902],[107.713,-6.947],[107.716,-6.961],[107.694,-6.97],[107.588,-6.963],[107.561,-6.949],[107.546,-6.927],[107.565,-6.93],[107.569,-6.91],[107.556,-6.89],[107.576,-6.891],[107.576,-6.866],[107.589,-6.857],[107.594,-6.841],[107.604,-6.842],[107.602,-6.856],[107.613,-6.849]]]}},{"type":"Feature","properties":{"kode":"36.74","nama":"Kota Tangerang Selatan","prov":"Banten","kota":true},"geometry":{"type":"Polygon","coordinates":[[[106.704,-6.255],[106.754,-6.254],[106.751,-6.274],[106.762,-6.278],[106.76,-6.286],[106.78,-6.316],[106.769,-6.362],[106.651,-6.362],[106.656,-6.36],[106.648,-6.339],[106.661,-6.327],[106.658,-6.292],[106.646,-6.276],[106.652,-6.269],[106.638,-6.23],[106.69,-6.232],[106.691,-6.244],[106.704,-6.255]]]}},{"type":"Feature","properties":{"kode":"36.72","nama":"Kota Cilegon","prov":"Banten","kota":true},"geometry":{"type":"Polygon","coordinates":[[[105.924,-6.048],[105.942,-6.021],[105.991,-5.984],[106.003,-5.948],[105.992,-5.923],[106.041,-5.876],[106.045,-5.912],[106.031,-5.934],[106.058,-5.959],[106.065,-5.993],[106.088,-6.003],[106.085,-6.036],[106.064,-6.046],[106.05,-6.075],[106.031,-6.08],[106.02,-6.078],[106.02,-6.065],[106.03,-6.04],[106.002,-6.046],[105.985,-6.038],[105.986,-6.062],[105.972,-6.051],[105.964,-6.058],[105.944,-6.046],[105.939,-6.052],[105.924,-6.048]]]}},{"type":"Feature","properties":{"kode":"53.71","nama":"Kota Kupang","prov":"Nusa Tenggara Timur","kota":true},"geometry":{"type":"Polygon","coordinates":[[[123.64,-10.222],[123.618,-10.235],[123.639,-10.268],[123.632,-10.286],[123.611,-10.293],[123.585,-10.287],[123.585,-10.266],[123.57,-10.245],[123.574,-10.218],[123.539,-10.247],[123.539,-10.215],[123.528,-10.212],[123.531,-10.178],[123.552,-10.168],[123.562,-10.172],[123.625,-10.14],[123.65,-10.145],[123.673,-10.124],[123.683,-10.143],[123.668,-10.165],[123.692,-10.171],[123.677,-10.173],[123.669,-10.186],[123.649,-10.181],[123.647,-10.19],[123.636,-10.193],[123.65,-10.2],[123.664,-10.225],[123.64,-10.222]]]}},{"type":"Feature","properties":{"kode":"64.74","nama":"Kota Bontang","prov":"Kalimantan Timur","kota":true},"geometry":{"type":"Polygon","coordinates":[[[117.517,0.022],[117.388,0.022],[117.39,0.064],[117.402,0.09],[117.431,0.111],[117.451,0.168],[117.468,0.175],[117.469,0.199],[117.493,0.198],[117.504,0.206],[117.514,0.198],[117.491,0.188],[117.504,0.175],[117.486,0.178],[117.49,0.167],[117.474,0.164],[117.48,0.155],[117.507,0.158],[117.522,0.125],[117.51,0.11],[117.491,0.115],[117.487,0.104],[117.495,0.105],[117.493,0.099],[117.48,0.101],[117.478,0.095],[117.486,0.091],[117.484,0.083],[117.471,0.098],[117.464,0.097],[117.464,0.087],[117.477,0.085],[117.472,0.047],[117.487,0.063],[117.509,0.064],[117.511,0.051],[117.496,0.049],[117.491,0.03],[117.501,0.038],[117.513,0.037],[117.517,0.022]]]}},{"type":"Feature","properties":{"kode":"12.77","nama":"Kota Padang Sidempuan","prov":"Sumatera Utara","kota":true},"geometry":{"type":"Polygon","coordinates":[[[99.246,1.473],[99.272,1.469],[99.328,1.415],[99.349,1.311],[99.311,1.303],[99.27,1.349],[99.244,1.363],[99.22,1.411],[99.222,1.438],[99.246,1.473]]]}},{"type":"Feature","properties":{"kode":"82.71","nama":"Kota Ternate","prov":"Maluku Utara","kota":true},"geometry":{"type":"MultiPolygon","coordinates":[[[[127.386,0.471],[127.415,0.48],[127.439,0.452],[127.42,0.433],[127.4,0.433],[127.383,0.448],[127.386,0.471]]],[[[127.327,0.868],[127.389,0.829],[127.391,0.791],[127.371,0.76],[127.315,0.757],[127.294,0.791],[127.302,0.841],[127.327,0.868]]],[[[126.382,1.351],[126.416,1.333],[126.399,1.316],[126.393,1.284],[126.376,1.312],[126.357,1.323],[126.361,1.337],[126.382,1.351]]]]}},{"type":"Feature","properties":{"kode":"17.71","nama":"Kota Bengkulu","prov":"Bengkulu","kota":true},"geometry":{"type":"Polygon","coordinates":[[[102.371,-3.857],[102.37,-3.87],[102.36,-3.876],[102.365,-3.884],[102.347,-3.889],[102.345,-3.913],[102.332,-3.904],[102.317,-3.911],[102.302,-3.953],[102.301,-3.982],[102.279,-3.962],[102.279,-3.939],[102.266,-3.916],[102.276,-3.899],[102.282,-3.908],[102.274,-3.914],[102.291,-3.925],[102.3,-3.919],[102.308,-3.895],[102.292,-3.9],[102.304,-3.883],[102.298,-3.856],[102.25,-3.796],[102.247,-3.788],[102.262,-3.775],[102.258,-3.756],[102.27,-3.744],[102.299,-3.741],[102.315,-3.775],[102.33,-3.773],[102.326,-3.782],[102.335,-3.785],[102.332,-3.798],[102.354,-3.813],[102.349,-3.824],[102.362,-3.855],[102.371,-3.857]]]}},{"type":"Feature","properties":{"kode":"31.74","nama":"Kota Adm. Jakarta Selatan","prov":"DKI Jakarta","kota":true},"geometry":{"type":"Polygon","coordinates":[[[106.849,-6.208],[106.865,-6.223],[106.866,-6.234],[106.847,-6.286],[106.856,-6.314],[106.838,-6.321],[106.835,-6.355],[106.795,-6.365],[106.793,-6.348],[106.809,-6.315],[106.78,-6.316],[106.774,-6.31],[106.762,-6.278],[106.751,-6.274],[106.754,-6.254],[106.737,-6.224],[106.778,-6.227],[106.783,-6.207],[106.792,-6.208],[106.799,-6.229],[106.823,-6.203],[106.849,-6.208]]]}},{"type":"Feature","properties":{"kode":"71.71","nama":"Kota Manado","prov":"Sulawesi Utara","kota":true},"geometry":{"type":"Polygon","coordinates":[[[124.875,1.577],[124.9,1.578],[124.927,1.56],[124.925,1.524],[124.933,1.507],[124.902,1.496],[124.858,1.436],[124.823,1.428],[124.792,1.441],[124.784,1.461],[124.826,1.464],[124.845,1.514],[124.843,1.525],[124.808,1.556],[124.808,1.577],[124.825,1.582],[124.842,1.565],[124.875,1.577]]]}},{"type":"Feature","properties":{"kode":"31.72","nama":"Kota Adm. Jakarta Utara","prov":"DKI Jakarta","kota":true},"geometry":{"type":"Polygon","coordinates":[[[106.97,-6.091],[106.972,-6.154],[106.922,-6.161],[106.922,-6.183],[106.896,-6.178],[106.856,-6.152],[106.846,-6.154],[106.844,-6.145],[106.831,-6.135],[106.817,-6.137],[106.815,-6.13],[106.803,-6.133],[106.801,-6.142],[106.778,-6.144],[106.751,-6.134],[106.71,-6.096],[106.725,-6.09],[106.741,-6.101],[106.783,-6.109],[106.804,-6.102],[106.81,-6.12],[106.817,-6.115],[106.844,-6.121],[106.879,-6.095],[106.905,-6.098],[106.907,-6.104],[106.97,-6.091]]]}},{"type":"Feature","properties":{"kode":"21.72","nama":"Kota Tanjung Pinang","prov":"Kepulauan Riau","kota":true},"geometry":{"type":"Polygon","coordinates":[[[104.514,0.844],[104.499,0.839],[104.49,0.851],[104.475,0.851],[104.491,0.876],[104.469,0.896],[104.438,0.908],[104.438,0.925],[104.445,0.934],[104.456,0.926],[104.48,0.933],[104.449,0.937],[104.421,0.952],[104.411,0.965],[104.414,0.977],[104.498,0.991],[104.498,0.979],[104.52,0.975],[104.528,0.945],[104.546,0.941],[104.552,0.915],[104.538,0.896],[104.541,0.877],[104.514,0.844]]]}},{"type":"Feature","properties":{"kode":"32.79","nama":"Kota Banjar","prov":"Jawa Barat","kota":true},"geometry":{"type":"Polygon","coordinates":[[[108.662,-7.353],[108.65,-7.388],[108.636,-7.381],[108.616,-7.406],[108.6,-7.394],[108.591,-7.415],[108.58,-7.418],[108.578,-7.43],[108.564,-7.44],[108.566,-7.43],[108.544,-7.412],[108.533,-7.416],[108.469,-7.38],[108.478,-7.371],[108.471,-7.365],[108.489,-7.35],[108.524,-7.359],[108.535,-7.344],[108.559,-7.332],[108.6,-7.351],[108.656,-7.339],[108.662,-7.353]]]}},{"type":"Feature","properties":{"kode":"11.73","nama":"Kota Lhokseumawe","prov":"Aceh","kota":true},"geometry":{"type":"Polygon","coordinates":[[[97.046,5.242],[97.089,5.228],[97.103,5.213],[97.109,5.22],[97.116,5.217],[97.15,5.191],[97.154,5.174],[97.141,5.163],[97.143,5.156],[97.176,5.142],[97.178,5.084],[97.131,5.091],[97.106,5.115],[97.109,5.129],[97.085,5.145],[97.088,5.171],[97.071,5.165],[97.058,5.172],[97.048,5.199],[97.028,5.196],[97.028,5.21],[97.037,5.213],[97.046,5.242]]]}},{"type":"Feature","properties":{"kode":"31.73","nama":"Kota Adm. Jakarta Barat","prov":"DKI Jakarta","kota":true},"geometry":{"type":"Polygon","coordinates":[[[106.71,-6.096],[106.751,-6.134],[106.778,-6.144],[106.801,-6.142],[106.803,-6.133],[106.815,-6.13],[106.821,-6.137],[106.828,-6.16],[106.8,-6.166],[106.811,-6.189],[106.792,-6.208],[106.783,-6.207],[106.778,-6.227],[106.72,-6.224],[106.724,-6.192],[106.716,-6.193],[106.723,-6.186],[106.687,-6.172],[106.686,-6.128],[106.696,-6.111],[106.688,-6.097],[106.71,-6.096]]]}},{"type":"Feature","properties":{"kode":"11.72","nama":"Kota Sabang","prov":"Aceh","kota":true},"geometry":{"type":"Polygon","coordinates":[[[95.218,5.907],[95.264,5.873],[95.263,5.86],[95.288,5.841],[95.304,5.841],[95.302,5.873],[95.314,5.867],[95.324,5.886],[95.314,5.885],[95.311,5.894],[95.325,5.901],[95.336,5.896],[95.372,5.848],[95.377,5.828],[95.372,5.804],[95.346,5.827],[95.348,5.805],[95.33,5.773],[95.286,5.78],[95.266,5.807],[95.259,5.84],[95.22,5.875],[95.218,5.907]]]}},{"type":"Feature","properties":{"kode":"51.71","nama":"Kota Denpasar","prov":"Bali","kota":true},"geometry":{"type":"Polygon","coordinates":[[[115.244,-8.601],[115.256,-8.632],[115.275,-8.65],[115.261,-8.668],[115.264,-8.707],[115.189,-8.739],[115.188,-8.707],[115.174,-8.687],[115.18,-8.616],[115.226,-8.593],[115.244,-8.601]]]}},{"type":"Feature","properties":{"kode":"61.71","nama":"Kota Pontianak","prov":"Kalimantan Barat","kota":true},"geometry":{"type":"Polygon","coordinates":[[[109.287,0.006],[109.309,0.038],[109.37,0.022],[109.376,-0.023],[109.383,-0.025],[109.375,-0.035],[109.385,-0.053],[109.366,-0.06],[109.343,-0.098],[109.322,-0.094],[109.274,-0.03],[109.286,-0.018],[109.287,0.006]]]}},{"type":"Feature","properties":{"kode":"32.71","nama":"Kota Bogor","prov":"Jawa Barat","kota":true},"geometry":{"type":"Polygon","coordinates":[[[106.765,-6.516],[106.788,-6.515],[106.79,-6.544],[106.817,-6.539],[106.829,-6.55],[106.838,-6.58],[106.833,-6.616],[106.848,-6.651],[106.843,-6.679],[106.833,-6.681],[106.819,-6.672],[106.799,-6.645],[106.785,-6.66],[106.772,-6.654],[106.79,-6.628],[106.762,-6.582],[106.749,-6.572],[106.741,-6.575],[106.736,-6.566],[106.74,-6.542],[106.76,-6.55],[106.765,-6.516]]]}},{"type":"Feature","properties":{"kode":"35.73","nama":"Kota Malang","prov":"Jawa Timur","kota":true},"geometry":{"type":"Polygon","coordinates":[[[112.632,-8.046],[112.63,-8.035],[112.614,-8.021],[112.619,-8.011],[112.597,-8.006],[112.591,-7.986],[112.577,-7.984],[112.593,-7.984],[112.594,-7.974],[112.602,-7.971],[112.597,-7.957],[112.569,-7.939],[112.597,-7.938],[112.602,-7.921],[112.63,-7.911],[112.64,-7.922],[112.646,-7.917],[112.662,-7.926],[112.667,-7.944],[112.658,-7.965],[112.69,-7.976],[112.693,-7.986],[112.679,-8.01],[112.672,-8.009],[112.677,-8.026],[112.665,-8.041],[112.652,-8.05],[112.632,-8.046]]]}},{"type":"Feature","properties":{"kode":"71.74","nama":"Kota Kotamobagu","prov":"Sulawesi Utara","kota":true},"geometry":{"type":"Polygon","coordinates":[[[124.357,0.755],[124.349,0.731],[124.379,0.658],[124.342,0.648],[124.319,0.667],[124.296,0.658],[124.288,0.699],[124.27,0.714],[124.252,0.707],[124.256,0.75],[124.266,0.756],[124.27,0.743],[124.305,0.754],[124.304,0.762],[124.321,0.775],[124.346,0.768],[124.357,0.755]]]}},{"type":"Feature","properties":{"kode":"19.71","nama":"Kota Pangkal Pinang","prov":"Kepulauan Bangka Belitung","kota":true},"geometry":{"type":"Polygon","coordinates":[[[106.158,-2.088],[106.182,-2.13],[106.175,-2.155],[106.157,-2.161],[106.133,-2.146],[106.112,-2.155],[106.089,-2.144],[106.09,-2.133],[106.04,-2.113],[106.049,-2.099],[106.041,-2.08],[106.06,-2.067],[106.1,-2.079],[106.108,-2.078],[106.106,-2.066],[106.111,-2.071],[106.129,-2.057],[106.141,-2.072],[106.13,-2.097],[106.147,-2.083],[106.158,-2.088]]]}},{"type":"Feature","properties":{"kode":"63.71","nama":"Kota Banjarmasin","prov":"Kalimantan Selatan","kota":true},"geometry":{"type":"Polygon","coordinates":[[[114.639,-3.276],[114.628,-3.312],[114.66,-3.336],[114.657,-3.348],[114.646,-3.344],[114.625,-3.351],[114.616,-3.368],[114.596,-3.367],[114.586,-3.382],[114.567,-3.374],[114.57,-3.367],[114.545,-3.374],[114.522,-3.363],[114.562,-3.315],[114.569,-3.267],[114.602,-3.289],[114.606,-3.28],[114.625,-3.285],[114.639,-3.276]]]}},{"type":"Feature","properties":{"kode":"12.75","nama":"Kota Binjai","prov":"Sumatera Utara","kota":true},"geometry":{"type":"Polygon","coordinates":[[[98.504,3.573],[98.495,3.556],[98.475,3.557],[98.474,3.528],[98.45,3.529],[98.446,3.566],[98.46,3.587],[98.441,3.607],[98.443,3.613],[98.474,3.617],[98.465,3.65],[98.474,3.648],[98.488,3.667],[98.512,3.672],[98.519,3.668],[98.511,3.664],[98.512,3.632],[98.527,3.632],[98.527,3.621],[98.533,3.621],[98.54,3.575],[98.504,3.573]]]}},{"type":"Feature","properties":{"kode":"73.72","nama":"Kota Parepare","prov":"Sulawesi Selatan","kota":true},"geometry":{"type":"Polygon","coordinates":[[[119.721,-4.078],[119.667,-4.069],[119.642,-4.079],[119.62,-4.067],[119.621,-4.007],[119.63,-4.002],[119.635,-3.982],[119.657,-3.962],[119.664,-3.961],[119.659,-3.966],[119.679,-3.991],[119.686,-3.99],[119.676,-4.006],[119.702,-4.02],[119.702,-4.034],[119.719,-4.045],[119.71,-4.067],[119.721,-4.078]]]}},{"type":"Feature","properties":{"kode":"12.72","nama":"Kota Pematangsiantar","prov":"Sumatera Utara","kota":true},"geometry":{"type":"Polygon","coordinates":[[[99.099,3.019],[99.094,2.978],[99.085,2.978],[99.091,2.974],[99.082,2.956],[99.099,2.963],[99.092,2.957],[99.102,2.935],[99.04,2.909],[99.029,2.892],[99.017,2.893],[99.018,2.903],[99.042,2.925],[99.027,2.933],[99.021,2.949],[99.027,2.989],[99.039,2.994],[99.04,3.006],[99.099,3.019]]]}},{"type":"Feature","properties":{"kode":"13.76","nama":"Kota Payakumbuh","prov":"Sumatera Barat","kota":true},"geometry":{"type":"Polygon","coordinates":[[[100.636,-0.184],[100.661,-0.186],[100.678,-0.197],[100.686,-0.208],[100.677,-0.22],[100.679,-0.235],[100.671,-0.245],[100.648,-0.248],[100.647,-0.273],[100.615,-0.275],[100.593,-0.26],[100.591,-0.231],[100.599,-0.22],[100.584,-0.21],[100.583,-0.202],[100.599,-0.192],[100.621,-0.202],[100.636,-0.184]]]}},{"type":"Feature","properties":{"kode":"18.72","nama":"Kota Metro","prov":"Lampung","kota":true},"geometry":{"type":"Polygon","coordinates":[[[105.287,-5.171],[105.268,-5.153],[105.29,-5.108],[105.269,-5.102],[105.269,-5.096],[105.317,-5.054],[105.309,-5.072],[105.318,-5.076],[105.355,-5.065],[105.358,-5.072],[105.335,-5.091],[105.349,-5.109],[105.327,-5.121],[105.322,-5.132],[105.334,-5.146],[105.327,-5.168],[105.287,-5.171]]]}},{"type":"Feature","properties":{"kode":"75.71","nama":"Kota Gorontalo","prov":"Gorontalo","kota":true},"geometry":{"type":"Polygon","coordinates":[[[123.091,0.58],[123.079,0.528],[123.099,0.501],[123.087,0.48],[123.063,0.505],[123.041,0.496],[123.04,0.506],[123.005,0.53],[122.996,0.551],[123.007,0.555],[123.031,0.547],[123.025,0.559],[123.062,0.59],[123.091,0.58]]]}},{"type":"Feature","properties":{"kode":"35.71","nama":"Kota Kediri","prov":"Jawa Timur","kota":true},"geometry":{"type":"Polygon","coordinates":[[[112.049,-7.873],[111.998,-7.852],[112.008,-7.84],[111.984,-7.837],[111.984,-7.826],[111.958,-7.823],[111.955,-7.815],[111.955,-7.807],[111.978,-7.795],[111.983,-7.782],[111.993,-7.784],[111.999,-7.771],[112.01,-7.774],[112.004,-7.79],[112.032,-7.801],[112.033,-7.819],[112.043,-7.827],[112.077,-7.833],[112.078,-7.85],[112.069,-7.844],[112.067,-7.868],[112.053,-7.864],[112.049,-7.873]]]}},{"type":"Feature","properties":{"kode":"13.77","nama":"Kota Pariaman","prov":"Sumatera Barat","kota":true},"geometry":{"type":"Polygon","coordinates":[[[100.159,-0.676],[100.117,-0.63],[100.092,-0.572],[100.122,-0.55],[100.136,-0.56],[100.131,-0.568],[100.144,-0.572],[100.142,-0.585],[100.163,-0.593],[100.186,-0.624],[100.174,-0.623],[100.173,-0.65],[100.164,-0.651],[100.153,-0.666],[100.159,-0.676]]]}},{"type":"Feature","properties":{"kode":"52.71","nama":"Kota Mataram","prov":"Nusa Tenggara Barat","kota":true},"geometry":{"type":"Polygon","coordinates":[[[116.074,-8.624],[116.069,-8.552],[116.139,-8.565],[116.149,-8.582],[116.17,-8.592],[116.15,-8.612],[116.136,-8.612],[116.131,-8.619],[116.074,-8.624]]]}},{"type":"Feature","properties":{"kode":"12.74","nama":"Kota Tanjung Balai","prov":"Sumatera Utara","kota":true},"geometry":{"type":"Polygon","coordinates":[[[99.799,3.01],[99.816,3.021],[99.82,3.005],[99.819,2.994],[99.808,2.987],[99.811,2.971],[99.836,2.955],[99.838,2.938],[99.817,2.924],[99.804,2.929],[99.775,2.921],[99.753,2.942],[99.757,2.966],[99.782,2.97],[99.766,3.009],[99.799,3.01]]]}},{"type":"Feature","properties":{"kode":"13.72","nama":"Kota Solok","prov":"Sumatera Barat","kota":true},"geometry":{"type":"Polygon","coordinates":[[[100.545,-0.815],[100.544,-0.804],[100.57,-0.794],[100.571,-0.787],[100.617,-0.78],[100.644,-0.745],[100.671,-0.741],[100.684,-0.748],[100.685,-0.762],[100.671,-0.771],[100.68,-0.806],[100.658,-0.809],[100.642,-0.805],[100.636,-0.795],[100.607,-0.807],[100.597,-0.798],[100.593,-0.807],[100.561,-0.819],[100.545,-0.815]]]}},{"type":"Feature","properties":{"kode":"11.71","nama":"Kota Banda Aceh","prov":"Aceh","kota":true},"geometry":{"type":"Polygon","coordinates":[[[95.376,5.611],[95.35,5.595],[95.355,5.584],[95.369,5.589],[95.378,5.569],[95.368,5.562],[95.359,5.572],[95.354,5.536],[95.331,5.529],[95.32,5.517],[95.28,5.536],[95.284,5.545],[95.273,5.549],[95.299,5.565],[95.308,5.562],[95.311,5.581],[95.323,5.59],[95.35,5.607],[95.376,5.611]]]}},{"type":"Feature","properties":{"kode":"33.73","nama":"Kota Salatiga","prov":"Jawa Tengah","kota":true},"geometry":{"type":"Polygon","coordinates":[[[110.469,-7.296],[110.494,-7.289],[110.502,-7.302],[110.518,-7.293],[110.516,-7.316],[110.535,-7.353],[110.528,-7.365],[110.515,-7.363],[110.515,-7.376],[110.502,-7.389],[110.492,-7.39],[110.489,-7.377],[110.482,-7.381],[110.47,-7.35],[110.476,-7.313],[110.469,-7.296]]]}},{"type":"Feature","properties":{"kode":"35.74","nama":"Kota Probolinggo","prov":"Jawa Timur","kota":true},"geometry":{"type":"Polygon","coordinates":[[[113.237,-7.739],[113.241,-7.798],[113.216,-7.82],[113.205,-7.813],[113.205,-7.804],[113.2,-7.812],[113.179,-7.81],[113.183,-7.791],[113.164,-7.779],[113.17,-7.754],[113.18,-7.744],[113.21,-7.738],[113.213,-7.728],[113.237,-7.739]]]}},{"type":"Feature","properties":{"kode":"32.72","nama":"Kota Sukabumi","prov":"Jawa Barat","kota":true},"geometry":{"type":"Polygon","coordinates":[[[106.915,-6.893],[106.918,-6.903],[106.954,-6.904],[106.96,-6.937],[106.952,-6.964],[106.911,-6.977],[106.889,-6.969],[106.873,-6.975],[106.874,-6.963],[106.885,-6.957],[106.91,-6.954],[106.901,-6.933],[106.901,-6.912],[106.915,-6.893]]]}},{"type":"Feature","properties":{"kode":"31.71","nama":"Kota Adm. Jakarta Pusat","prov":"DKI Jakarta","kota":true},"geometry":{"type":"Polygon","coordinates":[[[106.879,-6.166],[106.875,-6.192],[106.862,-6.194],[106.846,-6.209],[106.823,-6.203],[106.818,-6.215],[106.796,-6.229],[106.792,-6.208],[106.811,-6.189],[106.8,-6.166],[106.828,-6.16],[106.821,-6.137],[106.831,-6.135],[106.846,-6.154],[106.856,-6.152],[106.879,-6.166]]]}},{"type":"Feature","properties":{"kode":"33.72","nama":"Kota Surakarta","prov":"Jawa Tengah","kota":true},"geometry":{"type":"Polygon","coordinates":[[[110.815,-7.523],[110.817,-7.529],[110.854,-7.535],[110.858,-7.55],[110.868,-7.548],[110.86,-7.57],[110.848,-7.573],[110.832,-7.595],[110.822,-7.595],[110.802,-7.572],[110.782,-7.576],[110.784,-7.564],[110.769,-7.551],[110.771,-7.545],[110.796,-7.549],[110.801,-7.534],[110.815,-7.523]]]}},{"type":"Feature","properties":{"kode":"33.75","nama":"Kota Pekalongan","prov":"Jawa Tengah","kota":true},"geometry":{"type":"Polygon","coordinates":[[[109.711,-6.867],[109.705,-6.87],[109.711,-6.883],[109.703,-6.907],[109.695,-6.91],[109.694,-6.931],[109.676,-6.934],[109.669,-6.922],[109.644,-6.921],[109.648,-6.88],[109.655,-6.878],[109.663,-6.851],[109.711,-6.867]]]}},{"type":"Feature","properties":{"kode":"32.77","nama":"Kota Cimahi","prov":"Jawa Barat","kota":true},"geometry":{"type":"Polygon","coordinates":[[[107.551,-6.847],[107.576,-6.891],[107.556,-6.89],[107.569,-6.91],[107.564,-6.933],[107.516,-6.913],[107.513,-6.885],[107.537,-6.855],[107.54,-6.832],[107.552,-6.829],[107.551,-6.847]]]}},{"type":"Feature","properties":{"kode":"35.75","nama":"Kota Pasuruan","prov":"Jawa Timur","kota":true},"geometry":{"type":"Polygon","coordinates":[[[112.953,-7.622],[112.943,-7.656],[112.923,-7.676],[112.897,-7.685],[112.879,-7.655],[112.873,-7.662],[112.873,-7.634],[112.884,-7.632],[112.886,-7.623],[112.933,-7.631],[112.947,-7.617],[112.953,-7.622]]]}},{"type":"Feature","properties":{"kode":"32.74","nama":"Kota Cirebon","prov":"Jawa Barat","kota":true},"geometry":{"type":"Polygon","coordinates":[[[108.562,-6.691],[108.591,-6.743],[108.56,-6.756],[108.544,-6.796],[108.53,-6.779],[108.537,-6.761],[108.519,-6.741],[108.535,-6.726],[108.549,-6.726],[108.543,-6.697],[108.562,-6.691]]]}},{"type":"Feature","properties":{"kode":"33.76","nama":"Kota Tegal","prov":"Jawa Tengah","kota":true},"geometry":{"type":"Polygon","coordinates":[[[109.162,-6.845],[109.148,-6.886],[109.133,-6.885],[109.125,-6.899],[109.076,-6.889],[109.081,-6.861],[109.102,-6.84],[109.128,-6.849],[109.162,-6.845]]]}},{"type":"Feature","properties":{"kode":"12.76","nama":"Kota Tebing Tinggi","prov":"Sumatera Utara","kota":true},"geometry":{"type":"Polygon","coordinates":[[[99.167,3.373],[99.177,3.368],[99.168,3.35],[99.192,3.353],[99.182,3.333],[99.194,3.312],[99.183,3.306],[99.144,3.312],[99.136,3.281],[99.121,3.297],[99.133,3.313],[99.125,3.336],[99.117,3.339],[99.129,3.349],[99.155,3.341],[99.166,3.357],[99.156,3.367],[99.167,3.373]]]}},{"type":"Feature","properties":{"kode":"35.77","nama":"Kota Madiun","prov":"Jawa Timur","kota":true},"geometry":{"type":"Polygon","coordinates":[[[111.532,-7.663],[111.511,-7.659],[111.512,-7.636],[111.499,-7.641],[111.501,-7.608],[111.512,-7.608],[111.52,-7.597],[111.556,-7.596],[111.55,-7.644],[111.532,-7.663]]]}},{"type":"Feature","properties":{"kode":"35.72","nama":"Kota Blitar","prov":"Jawa Timur","kota":true},"geometry":{"type":"Polygon","coordinates":[[[112.188,-8.057],[112.188,-8.066],[112.198,-8.065],[112.191,-8.085],[112.198,-8.094],[112.168,-8.131],[112.156,-8.135],[112.159,-8.129],[112.136,-8.109],[112.14,-8.096],[112.132,-8.091],[112.134,-8.083],[112.144,-8.077],[112.163,-8.084],[112.173,-8.058],[112.188,-8.057]]]}},{"type":"Feature","properties":{"kode":"34.71","nama":"Kota Yogyakarta","prov":"Daerah Istimewa Yogyakarta","kota":true},"geometry":{"type":"Polygon","coordinates":[[[110.397,-7.788],[110.405,-7.831],[110.388,-7.84],[110.375,-7.824],[110.352,-7.826],[110.345,-7.807],[110.351,-7.768],[110.397,-7.788]]]}},{"type":"Feature","properties":{"kode":"13.75","nama":"Kota Bukittinggi","prov":"Sumatera Barat","kota":true},"geometry":{"type":"Polygon","coordinates":[[[100.336,-0.272],[100.395,-0.285],[100.404,-0.32],[100.371,-0.322],[100.333,-0.279],[100.336,-0.272]]]}},{"type":"Feature","properties":{"kode":"13.74","nama":"Kota Padang Panjang","prov":"Sumatera Barat","kota":true},"geometry":{"type":"Polygon","coordinates":[[[100.398,-0.45],[100.433,-0.459],[100.435,-0.482],[100.415,-0.479],[100.406,-0.491],[100.374,-0.488],[100.365,-0.477],[100.378,-0.462],[100.396,-0.46],[100.398,-0.45]]]}},{"type":"Feature","properties":{"kode":"35.76","nama":"Kota Mojokerto","prov":"Jawa Timur","kota":true},"geometry":{"type":"Polygon","coordinates":[[[112.455,-7.447],[112.469,-7.461],[112.45,-7.493],[112.444,-7.482],[112.426,-7.481],[112.422,-7.494],[112.408,-7.492],[112.416,-7.457],[112.434,-7.46],[112.455,-7.447]]]}},{"type":"Feature","properties":{"kode":"33.71","nama":"Kota Magelang","prov":"Jawa Tengah","kota":true},"geometry":{"type":"Polygon","coordinates":[[[110.223,-7.434],[110.232,-7.444],[110.228,-7.466],[110.237,-7.496],[110.234,-7.505],[110.213,-7.506],[110.201,-7.49],[110.212,-7.448],[110.223,-7.434]]]}},{"type":"Feature","properties":{"kode":"12.73","nama":"Kota Sibolga","prov":"Sumatera Utara","kota":true},"geometry":{"type":"Polygon","coordinates":[[[98.796,1.722],[98.769,1.746],[98.769,1.758],[98.801,1.758],[98.797,1.746],[98.811,1.73],[98.796,1.722]]]}},{"type":"Feature","properties":{"kode":"31.01","nama":"Adm. Kep. Seribu","prov":"DKI Jakarta","kota":false},"geometry":{"type":"Polygon","coordinates":[[[106.484,-5.796],[106.495,-5.795],[106.503,-5.8],[106.484,-5.796]]]}}]}